history_id,from_stage,to_stage,moved_at,total_moves,days_since_creation,current_stage_duration,value,sector,prioridade,target
b9fa3326-9d3c-41b5-a1eb-383adb445129,Análise de Perfil,Conversa com o Cliente,2025-05-24,1,4,4,45989,Tecnologia,Média,pouco provável
7382f54b-4156-4290-bc98-cf265f4c5302,Análise de Perfil,Conversa com o Cliente,2025-04-11,1,15,15,5519,Tecnologia,Baixa,pouco provável
c8c362bd-2b85-4ce0-b1e7-d41875dc8ade,Análise de Perfil,Conversa com o Cliente,2025-04-02,1,1,1,42082,Tecnologia,Alta,muito provável
236a7525-a829-403f-86d4-2286f9e07031,Análise de Perfil,Conversa com o Cliente,2025-02-05,1,12,12,6950,Saúde,Baixa,pouco provável
12cfea79-2990-4452-9c4b-8891b0e11ff1,Análise de Perfil,Conversa com o Cliente,2025-08-11,1,9,9,10318,Educação,Média,provável
d204a760-9450-40cd-9df8-a0ba0cdb0964,Análise de Perfil,Conversa com o Cliente,2025-06-27,1,6,6,37113,Saúde,Baixa,pouco provável
612e4503-554e-4b3f-b1c0-895c9f33743b,Análise de Perfil,Conversa com o Cliente,2025-11-05,1,3,3,7686,Educação,Baixa,pouco provável
dfcedfb4-11f7-489f-a630-554d198133c9,Análise de Perfil,Análise de Perfil,2025-03-04,1,14,14,16177,Saúde,Baixa,pouco provável
be030d7a-7b50-4643-9c96-aadeff6ca4fb,Análise de Perfil,Conversa com o Cliente,2025-04-23,1,14,14,25889,Serviços,Baixa,pouco provável
1d60bf60-4d0d-42b0-a698-7559455dfdd6,Análise de Perfil,Conversa com o Cliente,2025-11-11,1,1,1,23989,Indústria,Média,provável
5e66260b-0927-4007-bc19-f4a7f637107a,Análise de Perfil,Conversa com o Cliente,2025-06-18,1,13,13,42215,Educação,Média,pouco provável
acafa388-88d6-4992-8ee1-b9ef1b875cff,Análise de Perfil,Conversa com o Cliente,2025-10-24,1,14,14,47468,Indústria,Média,provável
76037ad0-7422-4b90-8da7-4042a0e615fc,Análise de Perfil,Conversa com o Cliente,2025-01-27,1,15,15,46735,Tecnologia,Média,provável
1f34c3f9-6ff2-4f9f-8e39-0d6ed073371c,Análise de Perfil,Conversa com o Cliente,2025-06-16,1,9,9,28800,Tecnologia,Baixa,pouco provável
f997df19-5139-4089-94e2-a4db9800f2df,Análise de Perfil,Análise de Perfil,2025-11-18,1,9,9,25385,Educação,Baixa,pouco provável
44f54225-6568-4e15-9090-663bf36e5324,Análise de Perfil,Conversa com o Cliente,2025-02-15,1,4,4,24271,Educação,Baixa,pouco provável
4f27cccf-8f42-4886-863e-5bdab4efcf12,Análise de Perfil,Conversa com o Cliente,2025-11-23,1,14,14,25996,Indústria,Média,pouco provável
6c06cd2a-219e-4853-9179-a97f775703a0,Análise de Perfil,Conversa com o Cliente,2025-08-02,1,9,9,9401,Serviços,Média,pouco provável
3e2d750d-5c16-4568-87ee-eba20475702b,Análise de Perfil,Análise de Perfil,2025-05-25,1,12,12,12723,Saúde,Média,pouco provável
3be92c89-342d-42ff-ae45-952096955d1a,Análise de Perfil,Conversa com o Cliente,2025-03-22,1,6,6,41202,Serviços,Média,provável
6b73e533-7a6f-4c33-adf5-ea4b26f42f86,Análise de Perfil,Conversa com o Cliente,2025-03-21,1,4,4,30699,Tecnologia,Média,pouco provável
97fdd185-ac35-4a67-a79c-4b9660d84001,Análise de Perfil,Conversa com o Cliente,2025-07-17,1,15,15,48363,Educação,Baixa,pouco provável
528fcc57-55e4-4476-8e1e-31cc859bf2bb,Análise de Perfil,Análise de Perfil,2025-05-29,1,6,6,20755,Serviços,Média,provável
06b56fae-9c1b-48bd-9c73-5003ad784b1b,Análise de Perfil,Análise de Perfil,2025-07-21,1,14,14,38485,Indústria,Média,provável
ea5e66b0-5eb5-46ff-af78-92092439fcb4,Análise de Perfil,Conversa com o Cliente,2025-06-17,1,15,15,42728,Educação,Média,provável
1100a932-496e-4bb0-8b57-03fe4b29f484,Análise de Perfil,Conversa com o Cliente,2025-05-06,1,11,11,28258,Indústria,Baixa,pouco provável
0b9de4a6-0ba0-4523-9d7b-28b37406697f,Análise de Perfil,Conversa com o Cliente,2025-09-08,1,7,7,32766,Educação,Alta,provável
fd3ed749-aac9-44a9-9081-6db1c0af514e,Análise de Perfil,Análise de Perfil,2025-06-28,1,12,12,11824,Saúde,Baixa,pouco provável
1d725b6e-5fc0-46f8-92de-0be114aeb690,Análise de Perfil,Conversa com o Cliente,2025-03-11,1,14,14,33301,Saúde,Média,provável
8df14a00-5035-4608-bc26-ee4effaef695,Análise de Perfil,Análise de Perfil,2025-02-07,1,11,11,13875,Educação,Baixa,pouco provável
75a3f1bd-fbf8-4add-a28a-641fcd073115,Análise de Perfil,Conversa com o Cliente,2025-07-30,1,12,12,6215,Tecnologia,Baixa,pouco provável
a1a08e80-22a4-4d27-bdc0-9b5da7c537ce,Análise de Perfil,Conversa com o Cliente,2025-03-07,1,4,4,9668,Saúde,Baixa,pouco provável
e5f37ebb-a6c3-48c2-ad51-7fef107688d4,Análise de Perfil,Conversa com o Cliente,2025-04-05,1,1,1,40016,Serviços,Alta,muito provável
e30cf388-b291-4a8f-8d7c-f53af736daf3,Análise de Perfil,Conversa com o Cliente,2025-03-05,1,9,9,13218,Tecnologia,Média,pouco provável
4220d7db-bb3a-48dd-9e98-e8b38a25f311,Análise de Perfil,Análise de Perfil,2025-01-16,1,10,10,30727,Educação,Média,provável
298970f2-6c82-4cdc-b55c-cb1e048f542d,Análise de Perfil,Conversa com o Cliente,2025-09-19,1,9,9,11810,Comércio,Baixa,pouco provável
da3bcbaf-39ec-461b-bebc-b1a7e0e3fab6,Análise de Perfil,Conversa com o Cliente,2025-03-25,1,10,10,44851,Tecnologia,Média,provável
5c4ba37e-f8f2-45cf-acbf-0f495714d3cb,Análise de Perfil,Conversa com o Cliente,2025-05-07,1,4,4,6490,Educação,Média,pouco provável
95418a4f-bd45-4d49-beb4-9ee7d96df965,Análise de Perfil,Conversa com o Cliente,2025-02-05,1,15,15,47611,Tecnologia,Média,pouco provável
fe3d53de-7f31-4317-9fb9-6e87cbc0037a,Análise de Perfil,Conversa com o Cliente,2025-04-23,1,10,10,21529,Comércio,Média,provável
5abdb078-0304-4de5-81f6-cda453a9cf8f,Análise de Perfil,Conversa com o Cliente,2025-01-11,1,9,9,8637,Indústria,Média,pouco provável
b09fbf5f-95a7-43e8-8322-2d9e9d59ff81,Análise de Perfil,Conversa com o Cliente,2025-07-12,1,10,10,49455,Comércio,Média,provável
45753964-24f2-48b1-8a1c-459f2a106a45,Análise de Perfil,Conversa com o Cliente,2025-07-18,1,9,9,11936,Serviços,Média,provável
4701a407-4785-4662-b6b9-cfef8e2a6fc1,Análise de Perfil,Análise de Perfil,2025-06-17,1,6,6,10705,Indústria,Média,pouco provável
b8aabacf-ebda-4371-9ba0-d6bd452a323f,Análise de Perfil,Conversa com o Cliente,2025-11-28,1,3,3,23414,Tecnologia,Média,pouco provável
3b834fbe-6cdb-4a66-ac17-784ad236d6c4,Análise de Perfil,Conversa com o Cliente,2025-05-22,1,1,1,31498,Tecnologia,Baixa,pouco provável
3e2cf1ee-c1b5-4fd9-8d27-5a3127421ea7,Análise de Perfil,Conversa com o Cliente,2025-10-30,1,7,7,39156,Comércio,Média,pouco provável
d1b93a88-66c2-45fe-b931-6e8ecf36e19d,Análise de Perfil,Análise de Perfil,2025-09-05,1,3,3,27211,Comércio,Média,pouco provável
2aaa1522-dbc4-4701-a515-025321b353c2,Análise de Perfil,Análise de Perfil,2025-06-09,1,8,8,34798,Saúde,Alta,muito provável
d4d60c4a-cc98-4446-8402-48aa60b03c74,Análise de Perfil,Conversa com o Cliente,2025-08-21,1,2,2,47763,Serviços,Baixa,pouco provável
cd19718e-9c35-4dd1-8fe8-580110a517af,Análise de Perfil,Conversa com o Cliente,2025-09-10,1,5,5,20252,Tecnologia,Baixa,pouco provável
84cf59d3-5930-4cb2-a094-f5a59e9ef8f5,Análise de Perfil,Conversa com o Cliente,2025-11-12,1,6,6,42501,Serviços,Alta,provável
ba2d65ba-d20f-410a-9a07-1692ffca7712,Análise de Perfil,Conversa com o Cliente,2025-07-02,1,12,12,31323,Indústria,Alta,provável
6ef555df-13d2-49a7-9717-6ade1a461ada,Análise de Perfil,Análise de Perfil,2025-03-28,1,1,1,11770,Educação,Baixa,pouco provável
08db2d48-cff6-4b0d-b2bd-b93d7704e68c,Análise de Perfil,Análise de Perfil,2025-09-22,1,5,5,25095,Serviços,Média,pouco provável
df9ca227-4cc9-402e-9651-9ee6168dbe34,Análise de Perfil,Conversa com o Cliente,2025-05-23,1,3,3,5854,Comércio,Média,provável
d681b00b-fad0-4493-891d-f14b9bd7fdca,Análise de Perfil,Conversa com o Cliente,2025-04-16,1,7,7,23979,Saúde,Baixa,pouco provável
b4014892-9d4d-4182-a3e0-0fe5126de7d8,Análise de Perfil,Conversa com o Cliente,2025-08-15,1,1,1,42794,Serviços,Alta,provável
9e6ef8b3-bb81-4d01-b40c-4eeb1b40dd5b,Análise de Perfil,Conversa com o Cliente,2025-11-04,1,11,11,12227,Indústria,Baixa,pouco provável
d98f0949-42ed-498a-9543-febe82077b93,Análise de Perfil,Análise de Perfil,2025-01-15,1,3,3,36204,Saúde,Média,provável
5db8f9c6-a658-4752-86c0-8dd723ca7e27,Análise de Perfil,Análise de Perfil,2025-03-10,1,14,14,45845,Serviços,Alta,provável
7e2b4e36-c28b-46fd-87e1-68155a072925,Análise de Perfil,Análise de Perfil,2025-06-09,1,14,14,5594,Serviços,Média,provável
15dd94f1-7542-48f6-871f-401d17f4b10d,Análise de Perfil,Análise de Perfil,2025-03-25,1,12,12,10145,Tecnologia,Média,pouco provável
b659919f-b3c9-47cc-b1e0-081a6a942043,Análise de Perfil,Conversa com o Cliente,2025-02-24,1,14,14,17009,Serviços,Baixa,pouco provável
dadcaa45-499b-4698-bdc4-175452f73ab8,Análise de Perfil,Análise de Perfil,2025-06-03,1,7,7,13350,Serviços,Alta,provável
2de6e633-b23e-4449-9e8c-afb97ee61c4d,Análise de Perfil,Análise de Perfil,2025-09-21,1,11,11,19168,Tecnologia,Média,pouco provável
84bf8dc0-3562-4a32-896f-ce044da661cb,Análise de Perfil,Análise de Perfil,2025-07-31,1,10,10,25143,Comércio,Alta,provável
8273bba7-ab7e-4d10-bc47-023f503afa54,Análise de Perfil,Conversa com o Cliente,2025-05-25,1,8,8,47031,Tecnologia,Baixa,pouco provável
ba70a378-9c37-4b05-a1fe-31313111b325,Análise de Perfil,Conversa com o Cliente,2025-11-25,1,8,8,16909,Serviços,Alta,muito provável
910d2940-86f7-4561-830b-a4652157ffd7,Análise de Perfil,Conversa com o Cliente,2025-07-04,1,3,3,15544,Educação,Média,pouco provável
90788743-8738-4748-8033-4770003e652c,Análise de Perfil,Conversa com o Cliente,2025-03-24,1,6,6,26777,Tecnologia,Média,provável
980c75d7-b604-48ae-bab1-82a134d970d1,Análise de Perfil,Conversa com o Cliente,2025-02-27,1,8,8,19137,Comércio,Média,provável
fd38fac2-12d8-4359-956c-50adc5c1601e,Análise de Perfil,Conversa com o Cliente,2025-11-22,1,8,8,36273,Educação,Baixa,pouco provável
22082e84-f0b2-43ce-8762-a258d00c57e9,Análise de Perfil,Conversa com o Cliente,2025-02-05,1,11,11,17720,Educação,Média,pouco provável
08005b89-d091-4653-adcd-44ecb66bdc25,Análise de Perfil,Conversa com o Cliente,2025-05-09,1,1,1,46924,Comércio,Baixa,pouco provável
75e9670a-9e6a-4fc1-b681-37f7889c032d,Análise de Perfil,Conversa com o Cliente,2025-06-30,1,4,4,34136,Tecnologia,Média,pouco provável
09ecb43e-5013-4b6e-b098-5c162dce26c9,Análise de Perfil,Conversa com o Cliente,2025-06-05,1,15,15,15716,Comércio,Alta,muito provável
ae4ac4b1-3cd2-4e0b-b744-1aab3da6ab5d,Análise de Perfil,Conversa com o Cliente,2025-07-11,1,2,2,46214,Serviços,Alta,provável
a17c9866-ef9b-4a05-ba47-21fa3347869f,Análise de Perfil,Análise de Perfil,2025-03-08,1,10,10,28299,Saúde,Média,provável
c699fda5-bb0d-458d-8fd9-a70fa9750cc2,Análise de Perfil,Análise de Perfil,2025-08-07,1,14,14,27589,Serviços,Baixa,pouco provável
5865e624-fbb1-424e-82fe-c42574fa5585,Análise de Perfil,Conversa com o Cliente,2025-10-18,1,6,6,29594,Indústria,Média,provável
ac6c4f83-2ed5-4588-83df-a452f97e5456,Análise de Perfil,Análise de Perfil,2025-07-27,1,15,15,48378,Saúde,Baixa,pouco provável
291aad3d-d489-4947-8cc2-1f7db940d253,Análise de Perfil,Conversa com o Cliente,2025-05-03,1,5,5,30246,Indústria,Baixa,pouco provável
7a21a919-429b-4bcf-9de1-e1b62b7f23c6,Análise de Perfil,Conversa com o Cliente,2025-08-04,1,15,15,28427,Comércio,Baixa,pouco provável
591f8fd2-e94d-47b7-ba92-650f51a9a82d,Análise de Perfil,Análise de Perfil,2025-05-06,1,2,2,41466,Educação,Baixa,pouco provável
0eee58b7-f4df-47cf-88f7-10315c3aa8a0,Análise de Perfil,Análise de Perfil,2025-04-30,1,12,12,46098,Educação,Média,provável
b5289aab-96e6-402f-9290-e70e1bf5c92b,Análise de Perfil,Conversa com o Cliente,2025-06-24,1,8,8,21197,Tecnologia,Média,provável
4f2efbda-e8d7-4c31-8640-8bb37893c829,Análise de Perfil,Conversa com o Cliente,2025-02-26,1,15,15,46083,Comércio,Alta,muito provável
70f0bf1a-2354-46e3-a9d1-686b9690e6f9,Análise de Perfil,Conversa com o Cliente,2025-03-21,1,9,9,37755,Serviços,Baixa,pouco provável
320d508f-f66c-405b-b1b9-5285b242cc4d,Análise de Perfil,Conversa com o Cliente,2025-04-18,1,6,6,14755,Saúde,Alta,provável
b1ff719e-69c1-4f7a-96c8-8fcfe5a3858d,Análise de Perfil,Conversa com o Cliente,2025-02-04,1,3,3,48053,Serviços,Baixa,pouco provável
fa5bca45-f041-4fb5-913b-005eea4f1540,Análise de Perfil,Análise de Perfil,2025-01-19,1,14,14,8126,Tecnologia,Média,provável
0b7ed4d5-4149-4f1d-bd22-15cb0425b48c,Análise de Perfil,Análise de Perfil,2025-11-10,1,13,13,28843,Comércio,Baixa,pouco provável
d2b10cc5-cc03-4735-9d35-a3b50107ccf4,Análise de Perfil,Conversa com o Cliente,2025-03-08,1,15,15,42526,Saúde,Média,pouco provável
958e91c9-d354-4522-814f-0c54bac7b55a,Análise de Perfil,Conversa com o Cliente,2025-05-05,1,13,13,11298,Tecnologia,Média,provável
4769d9af-0da0-4d3e-aff1-aed181fa6caa,Análise de Perfil,Conversa com o Cliente,2025-02-18,1,5,5,39696,Comércio,Média,provável
74e668d7-f9d8-4c1d-a605-41d82c02527b,Análise de Perfil,Conversa com o Cliente,2025-05-09,1,7,7,20457,Indústria,Média,pouco provável
c53c9c65-48f3-4ab6-a464-edcc5e43f64d,Análise de Perfil,Conversa com o Cliente,2025-07-17,1,13,13,47387,Educação,Média,provável
2740db6c-3981-4e09-bc5e-9dda5f3e189d,Análise de Perfil,Conversa com o Cliente,2025-07-02,1,5,5,40189,Comércio,Alta,provável
69429719-9ec8-4595-9327-88fbb237fd11,Análise de Perfil,Conversa com o Cliente,2025-05-17,1,2,2,44662,Saúde,Baixa,pouco provável
ccf7172e-bf4d-43ae-b27c-dbcbc77ecfb3,Análise de Perfil,Conversa com o Cliente,2025-01-25,1,14,14,46943,Comércio,Alta,muito provável
e98e0c61-fefd-4f83-ab30-88a85473b597,Análise de Perfil,Análise de Perfil,2025-11-24,1,15,15,20605,Educação,Média,provável
3a529b0d-bb6c-453d-9375-32762685becf,Análise de Perfil,Conversa com o Cliente,2025-11-19,1,9,9,37463,Comércio,Alta,muito provável
b77e5dca-5c68-4213-a060-c60725272a65,Análise de Perfil,Conversa com o Cliente,2025-11-02,1,13,13,43485,Serviços,Baixa,pouco provável
290dafa5-0f1a-4ba1-b2f0-e4bc378aaf48,Análise de Perfil,Análise de Perfil,2025-02-21,1,10,10,25099,Saúde,Média,pouco provável
649eb6a6-0377-4d8a-961a-82582c728c9c,Análise de Perfil,Conversa com o Cliente,2025-11-20,1,12,12,17329,Serviços,Baixa,pouco provável
0ded0344-6c90-4a5c-ba2e-bda358342c79,Análise de Perfil,Conversa com o Cliente,2025-03-26,1,10,10,14124,Indústria,Média,pouco provável
28f45a10-7547-4f7b-85dc-13637d663dc3,Análise de Perfil,Análise de Perfil,2025-09-14,1,5,5,28649,Comércio,Média,provável
7628acdb-d13c-4835-ab80-5541f69776ee,Análise de Perfil,Conversa com o Cliente,2025-02-02,1,10,10,32692,Tecnologia,Média,pouco provável
6e48e1fc-67ee-48ea-add4-bd7cb3f37edc,Análise de Perfil,Conversa com o Cliente,2025-08-07,1,6,6,34286,Tecnologia,Média,pouco provável
d3760ec7-94a4-498c-92e4-14d91257ed70,Análise de Perfil,Conversa com o Cliente,2025-11-13,1,8,8,38199,Saúde,Baixa,pouco provável
0c5e4521-c8ab-4ed5-aff2-c80ea31b8793,Análise de Perfil,Conversa com o Cliente,2025-03-02,1,1,1,15238,Saúde,Baixa,pouco provável
c416ffc1-93fe-46ba-a857-074a52f0e4d7,Análise de Perfil,Conversa com o Cliente,2025-01-13,1,2,2,41853,Saúde,Alta,provável
f1a49210-9d38-435f-966d-9a8bab53b348,Análise de Perfil,Conversa com o Cliente,2025-08-27,1,2,2,41542,Saúde,Alta,provável
82609cd9-5095-4be7-bfdd-13b5246e023d,Análise de Perfil,Análise de Perfil,2025-02-03,1,14,14,46496,Serviços,Baixa,pouco provável
d4c6e557-63a7-4d2d-849e-f255e48e54ce,Análise de Perfil,Conversa com o Cliente,2025-02-27,1,14,14,47490,Tecnologia,Alta,provável
de92af21-91e0-4db3-a7fa-591abcae63df,Análise de Perfil,Conversa com o Cliente,2025-01-25,1,10,10,23069,Educação,Baixa,pouco provável
d27aa914-9a4b-4536-bd4e-8a915c59eac5,Análise de Perfil,Conversa com o Cliente,2025-06-17,1,13,13,43858,Indústria,Alta,muito provável
15bcd197-daa5-4249-b03b-f94fca899eca,Análise de Perfil,Conversa com o Cliente,2025-10-26,1,6,6,5012,Saúde,Alta,muito provável
fdbf400b-84bf-4da0-abd3-8c8393bfce7e,Análise de Perfil,Análise de Perfil,2025-04-26,1,14,14,25139,Tecnologia,Média,provável
59f04e28-720b-4d5a-8733-c89ea30ba632,Análise de Perfil,Conversa com o Cliente,2025-06-01,1,13,13,27699,Tecnologia,Alta,muito provável
fdadc583-1f0c-4731-8c45-82c2be82b038,Análise de Perfil,Conversa com o Cliente,2025-02-25,1,9,9,12627,Educação,Baixa,pouco provável
cc1201c1-5341-4ae1-ac3d-02a521598f73,Análise de Perfil,Conversa com o Cliente,2025-05-27,1,2,2,49460,Tecnologia,Alta,provável
5eba3d89-762b-489b-ab93-41adda708a30,Análise de Perfil,Conversa com o Cliente,2025-03-15,1,9,9,24819,Comércio,Média,pouco provável
634d9a44-0895-4749-a54b-5cba545ce5f2,Análise de Perfil,Conversa com o Cliente,2025-10-10,1,2,2,9486,Educação,Baixa,pouco provável
605c7a29-c503-4ff4-af33-06b0c58ae565,Análise de Perfil,Análise de Perfil,2025-09-01,1,15,15,36923,Comércio,Baixa,pouco provável
cce2e438-cf7f-4777-8fe2-4810d07af2e1,Análise de Perfil,Conversa com o Cliente,2025-11-23,1,5,5,17448,Saúde,Alta,provável
c22dd033-f4dd-4c66-84d4-425f1131bd6c,Análise de Perfil,Conversa com o Cliente,2025-09-14,1,3,3,25350,Tecnologia,Baixa,pouco provável
c743fa66-4884-4529-88ef-7d61973f7386,Análise de Perfil,Conversa com o Cliente,2025-08-09,1,3,3,35151,Saúde,Média,pouco provável
e89f8356-f684-4173-9491-69e91bd35dc3,Análise de Perfil,Conversa com o Cliente,2025-08-27,1,2,2,28297,Tecnologia,Média,provável
4d6da0af-99ad-46ef-85b9-f9e5c58c9ca1,Análise de Perfil,Análise de Perfil,2025-03-18,1,9,9,43169,Comércio,Baixa,pouco provável
7bf1762d-394c-4502-a57a-a2bf636e0ff8,Análise de Perfil,Análise de Perfil,2025-02-23,1,11,11,5296,Educação,Alta,provável
86f14587-86ca-4d1d-bca9-2ce31bd2a282,Análise de Perfil,Conversa com o Cliente,2025-08-06,1,9,9,28109,Indústria,Média,provável
dd02ec1a-29c2-4b05-8f3d-76f89a95c8ff,Análise de Perfil,Análise de Perfil,2025-09-04,1,3,3,36885,Tecnologia,Média,provável
8eb10a3f-e898-47eb-b785-21752cfe351d,Análise de Perfil,Conversa com o Cliente,2025-10-11,1,14,14,21312,Serviços,Alta,muito provável
eae193d9-43f4-4723-b9cb-57f1afbb58a8,Análise de Perfil,Conversa com o Cliente,2025-03-03,1,2,2,28280,Comércio,Alta,provável
9fb8407f-6a77-4497-8784-b88cd8590bd8,Análise de Perfil,Conversa com o Cliente,2025-06-04,1,15,15,13983,Saúde,Baixa,pouco provável
d1074d3e-2131-4d4c-a2b2-72516d15bd79,Análise de Perfil,Conversa com o Cliente,2025-02-15,1,8,8,25126,Saúde,Média,pouco provável
1e2c674b-13f5-4546-89bd-5fbbc5e32899,Análise de Perfil,Conversa com o Cliente,2025-08-18,1,5,5,31598,Comércio,Média,pouco provável
5590adeb-a412-4365-8507-8f4153e608ec,Análise de Perfil,Conversa com o Cliente,2025-02-27,1,1,1,47859,Comércio,Baixa,pouco provável
1adba478-cb19-4978-bb1e-a866c21c0c93,Análise de Perfil,Conversa com o Cliente,2025-02-26,1,4,4,27292,Indústria,Baixa,pouco provável
a6118463-9f42-44a9-a10e-05e53700a43b,Análise de Perfil,Conversa com o Cliente,2025-06-05,1,15,15,32119,Saúde,Média,provável
29595bac-a5ad-4df4-99b7-ceddbbee76f5,Análise de Perfil,Conversa com o Cliente,2025-11-26,1,7,7,25030,Tecnologia,Média,pouco provável
a2d79f9f-af3c-4676-8b5c-a632b849af9a,Análise de Perfil,Conversa com o Cliente,2025-11-09,1,6,6,7623,Indústria,Baixa,pouco provável
580a1dbe-ba63-4df3-a905-609d67a58810,Análise de Perfil,Conversa com o Cliente,2025-10-23,1,14,14,36077,Tecnologia,Média,pouco provável
8e37ccd1-59ac-4210-b047-60d5de9e0739,Análise de Perfil,Conversa com o Cliente,2025-05-04,1,11,11,16932,Tecnologia,Média,provável
0bf6edc9-69a7-4d68-915f-5b082319406a,Análise de Perfil,Conversa com o Cliente,2025-05-16,1,2,2,25163,Tecnologia,Baixa,pouco provável
cd320886-495c-444e-84dd-dd8e2dfda648,Análise de Perfil,Conversa com o Cliente,2025-07-20,1,4,4,18892,Saúde,Média,pouco provável
d23cf214-c4fb-4f39-9ab0-591830af2d1c,Análise de Perfil,Conversa com o Cliente,2025-07-18,1,9,9,23646,Tecnologia,Baixa,pouco provável
383548a6-cc6b-4aad-94d8-95ce38ef28ca,Análise de Perfil,Conversa com o Cliente,2025-11-03,1,12,12,44007,Serviços,Baixa,pouco provável
2ce5db48-baed-4f08-ae5d-aa98acb636aa,Análise de Perfil,Conversa com o Cliente,2025-11-14,1,13,13,44744,Tecnologia,Média,pouco provável
128e4ea6-3f22-4c5f-8e03-d8947193006a,Análise de Perfil,Conversa com o Cliente,2025-09-18,1,12,12,10535,Serviços,Média,provável
31ea5a49-64ed-48fb-8e2f-37fa75d405ce,Análise de Perfil,Conversa com o Cliente,2025-09-20,1,9,9,8773,Indústria,Média,pouco provável
84c0fbb7-eddc-4424-b63d-2d781395a46c,Análise de Perfil,Conversa com o Cliente,2025-07-03,1,13,13,23431,Tecnologia,Alta,provável
15c6e432-b683-44f0-b2b5-eaa18b5ad87e,Análise de Perfil,Conversa com o Cliente,2025-06-25,1,4,4,17614,Educação,Média,provável
d3362a4c-4992-4892-8bbb-8155b4aabfcb,Análise de Perfil,Conversa com o Cliente,2025-08-26,1,5,5,12683,Comércio,Média,pouco provável
e194c697-6aff-47d5-a7a9-3c4490d98557,Análise de Perfil,Análise de Perfil,2025-04-21,1,5,5,11092,Saúde,Média,pouco provável
52a5c856-87ca-4fc7-974d-f9b570331d0b,Análise de Perfil,Conversa com o Cliente,2025-08-31,1,11,11,31939,Comércio,Baixa,pouco provável
8f2b263f-a62d-47d2-a976-97727327b224,Análise de Perfil,Análise de Perfil,2025-07-25,1,15,15,21303,Saúde,Alta,provável
fd7c64c1-ee29-49c1-8968-9556bb910a0b,Análise de Perfil,Conversa com o Cliente,2025-10-15,1,9,9,34665,Indústria,Média,pouco provável
a9324b0f-1847-46c9-bbd8-3af86421a7b2,Análise de Perfil,Análise de Perfil,2025-10-20,1,2,2,7375,Tecnologia,Média,provável
1a3bc6ef-776a-4ac6-8676-298de667a176,Análise de Perfil,Conversa com o Cliente,2025-07-21,1,1,1,42968,Indústria,Média,provável
aa9a9b79-0746-4413-ad0b-0aed5d5ef80f,Análise de Perfil,Conversa com o Cliente,2025-05-30,1,9,9,14827,Indústria,Baixa,pouco provável
ba307bd4-a8f0-4363-a8f6-594c9e4b3508,Análise de Perfil,Análise de Perfil,2025-04-28,1,3,3,15574,Saúde,Alta,provável
ac5c7a34-9bdb-4488-b33c-f100a7ba6213,Análise de Perfil,Análise de Perfil,2025-09-29,1,6,6,13117,Educação,Média,provável
d1e5524d-77a3-40d2-9715-5d59505d9302,Análise de Perfil,Conversa com o Cliente,2025-06-24,1,12,12,7443,Educação,Média,pouco provável
41d7bc2d-ee9c-4eb5-be6f-17416baecd49,Análise de Perfil,Conversa com o Cliente,2025-12-03,1,5,5,31847,Educação,Baixa,pouco provável
a6545bfc-991a-4a3b-9028-aa265eed274d,Análise de Perfil,Conversa com o Cliente,2025-11-18,1,6,6,41436,Indústria,Baixa,pouco provável
5b2d7011-e826-43e1-ae78-f98f369d7116,Análise de Perfil,Conversa com o Cliente,2025-09-12,1,10,10,33385,Saúde,Média,pouco provável
8404bc7b-3cb6-4eed-9fb2-159261c63af1,Análise de Perfil,Conversa com o Cliente,2025-02-27,1,6,6,41565,Educação,Alta,muito provável
240c8b6f-c280-40fb-aab4-c7aab79c3a71,Análise de Perfil,Conversa com o Cliente,2025-11-26,1,6,6,19833,Tecnologia,Alta,muito provável
dfd83ab0-9121-400a-9d71-17756b2a6c2e,Análise de Perfil,Análise de Perfil,2025-12-02,1,6,6,47876,Educação,Média,pouco provável
6b5bfcb2-8e0a-4b95-8c51-6db70318ebac,Análise de Perfil,Análise de Perfil,2025-02-23,1,11,11,32275,Comércio,Média,provável
1b307312-dd87-489d-ba02-702392ff7bea,Análise de Perfil,Conversa com o Cliente,2025-07-22,1,15,15,49301,Comércio,Média,pouco provável
f98177bb-c502-4262-978e-f6dbd500294a,Análise de Perfil,Conversa com o Cliente,2025-11-11,1,6,6,43460,Indústria,Alta,provável
2ad3b72d-d59d-460b-8cc5-28bcb4a215d0,Análise de Perfil,Análise de Perfil,2025-10-30,1,12,12,5492,Comércio,Média,provável
df29b022-9ae4-416e-ac26-dc8860d499f8,Análise de Perfil,Análise de Perfil,2025-11-23,1,15,15,40362,Educação,Média,pouco provável
589722bd-e2b8-4314-9985-0630b4957991,Análise de Perfil,Conversa com o Cliente,2025-07-21,1,5,5,10034,Saúde,Alta,provável
101f7e44-3e86-4afb-ad1c-861db0f0e1a4,Análise de Perfil,Conversa com o Cliente,2025-02-24,1,10,10,34545,Indústria,Baixa,pouco provável
24f22762-62d1-4c0f-955e-4af714380117,Análise de Perfil,Conversa com o Cliente,2025-07-25,1,13,13,24673,Tecnologia,Baixa,pouco provável
c7bdffd5-ff07-45ff-bd21-8f6e892991bc,Análise de Perfil,Conversa com o Cliente,2025-11-10,1,9,9,45884,Saúde,Baixa,pouco provável
c6b84a38-8499-43b5-8d94-f0f276127684,Análise de Perfil,Conversa com o Cliente,2025-04-25,1,8,8,6730,Educação,Média,provável
f818731c-d8a5-43e0-9842-d7623c3c77c5,Análise de Perfil,Análise de Perfil,2025-05-18,1,5,5,33991,Tecnologia,Baixa,pouco provável
e1bc2c1f-234a-4b34-a537-1103ec3b51ad,Análise de Perfil,Análise de Perfil,2025-09-01,1,15,15,11416,Comércio,Média,provável
71016693-83a0-4e7f-a405-09e97ec35088,Análise de Perfil,Conversa com o Cliente,2025-08-20,1,2,2,15025,Comércio,Média,pouco provável
bb057cc1-dc28-4451-bdf2-36ddc3a71f48,Análise de Perfil,Conversa com o Cliente,2025-06-12,1,9,9,34280,Educação,Alta,muito provável
923630fc-8b25-4f37-92e6-adee011e56ee,Análise de Perfil,Conversa com o Cliente,2025-06-25,1,4,4,11673,Educação,Alta,provável
e9fa18d3-8b18-4d9f-897a-b47277aabf90,Análise de Perfil,Conversa com o Cliente,2025-04-07,1,3,3,38655,Comércio,Alta,muito provável
d625a18c-0942-43b5-a2fd-31b19bf9a1d5,Análise de Perfil,Análise de Perfil,2025-09-17,1,7,7,39625,Educação,Média,pouco provável
db1de69e-9143-410a-aa59-da3d172042eb,Análise de Perfil,Conversa com o Cliente,2025-09-29,1,11,11,25746,Educação,Média,pouco provável
d861247a-f6e6-49a4-99c7-94547d5d561c,Análise de Perfil,Conversa com o Cliente,2025-02-04,1,9,9,18147,Educação,Alta,provável
976ffa25-93cd-442e-9b5b-773bf2c4a5b9,Análise de Perfil,Conversa com o Cliente,2025-09-04,1,15,15,46756,Indústria,Alta,muito provável
39e34011-ca4b-411b-9b31-2b62be900b1c,Análise de Perfil,Conversa com o Cliente,2025-09-11,1,4,4,42656,Educação,Média,provável
0651960f-2800-4217-b54d-1222f6f6c751,Análise de Perfil,Conversa com o Cliente,2025-08-16,1,2,2,39981,Tecnologia,Alta,provável
5a41158e-cde3-4fd6-abfc-3034c6e94506,Análise de Perfil,Conversa com o Cliente,2025-08-11,1,6,6,39430,Serviços,Média,pouco provável
754c2c89-d563-49ed-a417-6c2fddfcaf61,Análise de Perfil,Conversa com o Cliente,2025-11-16,1,3,3,38734,Saúde,Alta,provável
1cde4348-7625-43af-b4ee-b040dbb5c427,Análise de Perfil,Conversa com o Cliente,2025-09-09,1,13,13,49024,Comércio,Alta,muito provável
02a78cf5-ea01-4757-8952-53725787db0a,Análise de Perfil,Conversa com o Cliente,2025-07-16,1,10,10,49828,Indústria,Média,provável
705f5b58-6e46-44d7-9ed0-ed29d9758696,Análise de Perfil,Análise de Perfil,2025-09-18,1,13,13,42175,Tecnologia,Média,pouco provável
6275fc6d-185b-4a7f-bc39-d9cacdf25fde,Análise de Perfil,Conversa com o Cliente,2025-03-13,1,4,4,7051,Serviços,Baixa,pouco provável
add42088-ee57-487f-a0bd-ea265a50cbf1,Análise de Perfil,Conversa com o Cliente,2025-03-04,1,10,10,5358,Indústria,Alta,provável
b5af7e99-1997-46a1-9fa3-5725636a0ce5,Análise de Perfil,Conversa com o Cliente,2025-04-26,1,13,13,32709,Serviços,Alta,muito provável
b94419fd-cb87-431f-90c9-1b895bd67ff7,Análise de Perfil,Análise de Perfil,2025-11-22,1,3,3,19717,Saúde,Média,pouco provável
95a585e8-c9e7-4234-907f-437986fd8620,Análise de Perfil,Conversa com o Cliente,2025-08-11,1,1,1,49071,Saúde,Baixa,pouco provável
676a7080-882f-45a1-b00a-840e43e97a32,Análise de Perfil,Conversa com o Cliente,2025-11-04,1,15,15,9808,Serviços,Média,pouco provável
6c18163f-e226-499b-8ebd-63fe9abfc433,Análise de Perfil,Conversa com o Cliente,2025-10-10,1,4,4,32229,Educação,Alta,provável
24abefe3-da5d-4ab9-9c43-5676f40636c9,Análise de Perfil,Análise de Perfil,2025-08-17,1,6,6,30374,Educação,Média,pouco provável
d1cc48da-82d8-4b05-b58f-769d59e3db09,Análise de Perfil,Conversa com o Cliente,2025-11-15,1,7,7,17693,Serviços,Média,pouco provável
664b448f-cfec-4100-8378-3fdbe347b4e3,Análise de Perfil,Conversa com o Cliente,2025-12-01,1,4,4,43978,Comércio,Média,pouco provável
8ae01f0c-c3a3-43b3-86cf-3c145efdf220,Análise de Perfil,Conversa com o Cliente,2025-01-28,1,8,8,42780,Tecnologia,Média,pouco provável
c0a30029-9906-4582-9782-1924a05748ed,Análise de Perfil,Análise de Perfil,2025-05-08,1,13,13,8812,Tecnologia,Alta,provável
bdd916b5-7607-4ce8-aaeb-bfc4da9b5d2d,Análise de Perfil,Conversa com o Cliente,2025-09-02,1,12,12,17467,Comércio,Alta,muito provável
5efe2d28-23ce-4a8f-a2e1-158477e04bfc,Análise de Perfil,Conversa com o Cliente,2025-09-03,1,6,6,46622,Serviços,Alta,muito provável
8692bf6a-9d7b-4da4-8acc-d527862d3f9b,Análise de Perfil,Análise de Perfil,2025-07-25,1,4,4,29453,Comércio,Média,pouco provável
2acb2ba2-32e8-4cb5-822c-35b31c49cde1,Análise de Perfil,Conversa com o Cliente,2025-08-16,1,2,2,17829,Saúde,Baixa,pouco provável
26b3367e-d38c-4f39-a869-da614bcd5bdc,Análise de Perfil,Conversa com o Cliente,2025-11-03,1,13,13,42730,Indústria,Alta,provável
658628df-a0e0-4d46-9821-46476496059b,Análise de Perfil,Conversa com o Cliente,2025-03-23,1,4,4,32335,Saúde,Baixa,pouco provável
220774d6-df80-43fc-a8c7-e84f73a9044d,Análise de Perfil,Análise de Perfil,2025-08-07,1,1,1,7352,Saúde,Baixa,pouco provável
511b1815-9fa9-4d26-b33c-97b4dd215e16,Análise de Perfil,Conversa com o Cliente,2025-05-27,1,11,11,26862,Saúde,Média,pouco provável
b3587771-d245-415a-bf46-e3a10580fa38,Análise de Perfil,Conversa com o Cliente,2025-09-08,1,5,5,7528,Tecnologia,Baixa,pouco provável
d90d562d-14ee-4d42-a6bb-cfb242fe566b,Análise de Perfil,Conversa com o Cliente,2025-05-11,1,8,8,39184,Comércio,Média,provável
83e4f48b-73fd-4853-9709-f70d1f5bde98,Análise de Perfil,Conversa com o Cliente,2025-10-22,1,11,11,34389,Serviços,Média,provável
fb81ec5d-1cf6-48cd-9312-479070fb545d,Análise de Perfil,Conversa com o Cliente,2025-06-26,1,1,1,15517,Indústria,Média,pouco provável
cad62441-3cf4-41c1-8d8a-4f81d66f26d5,Análise de Perfil,Conversa com o Cliente,2025-08-14,1,8,8,30270,Saúde,Média,pouco provável
afed5a00-9da6-498a-bc90-1706a9ab58f8,Análise de Perfil,Análise de Perfil,2025-03-14,1,12,12,28614,Comércio,Alta,provável
f4665f60-ff13-43df-8b09-e50c7a20e5e0,Análise de Perfil,Conversa com o Cliente,2025-04-03,1,14,14,26044,Comércio,Média,provável
4216749d-ea9d-43d5-91f8-c95c4dcccad5,Análise de Perfil,Conversa com o Cliente,2025-05-17,1,12,12,37285,Saúde,Alta,muito provável
469b9320-7332-438d-a5e9-0778bc94898a,Análise de Perfil,Conversa com o Cliente,2025-07-18,1,3,3,41100,Educação,Alta,provável
4a4a2765-fd17-4af4-b5eb-594898a3df51,Análise de Perfil,Análise de Perfil,2025-09-13,1,8,8,48967,Comércio,Média,pouco provável
950e46b1-5be8-42ea-9766-bbe38b74f623,Análise de Perfil,Análise de Perfil,2025-11-20,1,2,2,25469,Tecnologia,Alta,provável
6e1ae3e1-80f7-4dde-97ef-d5d082b96c5a,Análise de Perfil,Conversa com o Cliente,2025-02-15,1,4,4,32748,Serviços,Média,provável
f6cdb3a8-16ae-4281-aa09-9772416ad5ac,Análise de Perfil,Análise de Perfil,2025-02-02,1,12,12,21287,Indústria,Alta,provável
c71d35ae-985f-41d7-a268-6291dcae5dcb,Análise de Perfil,Conversa com o Cliente,2025-01-19,1,13,13,12087,Tecnologia,Média,pouco provável
58e17b95-ecfd-45a4-8192-fb5795146271,Análise de Perfil,Análise de Perfil,2025-07-12,1,14,14,33733,Indústria,Alta,muito provável
60d81a61-babf-40b7-90ae-339a85b805e4,Análise de Perfil,Conversa com o Cliente,2025-11-07,1,15,15,23813,Indústria,Alta,muito provável
a47bcc5e-06b3-49af-bccc-3bd8ad014b31,Análise de Perfil,Conversa com o Cliente,2025-08-20,1,15,15,37640,Indústria,Média,provável
22677433-8fa3-43e1-bbc8-6c2c64cb63a4,Análise de Perfil,Análise de Perfil,2025-02-28,1,1,1,44003,Comércio,Baixa,pouco provável
e5d57ff4-164a-47ac-82c9-8588438b97da,Análise de Perfil,Conversa com o Cliente,2025-07-16,1,11,11,43676,Educação,Média,pouco provável
4b9809b9-cbcb-44fc-aa8b-2f58b844ed3c,Análise de Perfil,Conversa com o Cliente,2025-06-28,1,14,14,28381,Comércio,Baixa,pouco provável
99cbee03-38c5-45f9-a95a-80d5d3938e5b,Análise de Perfil,Conversa com o Cliente,2025-06-06,1,11,11,20866,Tecnologia,Alta,muito provável
8b244d3a-5c9d-4dc9-b3fe-c0ac232b4ca3,Análise de Perfil,Conversa com o Cliente,2025-04-13,1,6,6,40787,Educação,Média,pouco provável
2f950de6-bd4d-459d-bf55-33ece45089c6,Análise de Perfil,Conversa com o Cliente,2025-01-28,1,15,15,26704,Serviços,Média,provável
f55dbd7d-9a8d-426d-9db9-d25aec953135,Análise de Perfil,Conversa com o Cliente,2025-03-27,1,11,11,42143,Educação,Baixa,pouco provável
4f776fcf-9125-4008-8a01-ef160d4c3e9b,Análise de Perfil,Conversa com o Cliente,2025-11-29,1,15,15,35137,Saúde,Média,pouco provável
a635b3f4-3e09-46c2-a9d3-807fa99fa79d,Análise de Perfil,Análise de Perfil,2025-07-16,1,4,4,6895,Educação,Baixa,pouco provável
ed2d62bf-abd6-46f6-8612-27bb3bd41fa3,Análise de Perfil,Conversa com o Cliente,2025-03-15,1,4,4,6133,Serviços,Média,provável
e467dcf6-eeff-4ca9-8de8-54371c81c342,Análise de Perfil,Conversa com o Cliente,2025-05-05,1,4,4,7060,Comércio,Média,pouco provável
beee4338-496b-41c9-8238-2cd0cd1091e1,Análise de Perfil,Conversa com o Cliente,2025-08-25,1,5,5,38416,Tecnologia,Baixa,pouco provável
8877c5a0-7053-47f6-b7c0-89b75431a199,Análise de Perfil,Conversa com o Cliente,2025-01-17,1,11,11,37538,Comércio,Baixa,pouco provável
e76b98a2-ef6c-492d-b343-c5a793c973c7,Análise de Perfil,Conversa com o Cliente,2025-11-08,1,2,2,39033,Saúde,Média,provável
1a48121a-f3ad-4772-8a31-9b9f89b3efd8,Análise de Perfil,Conversa com o Cliente,2025-05-09,1,5,5,9255,Saúde,Baixa,pouco provável
310f3804-d874-49f5-8581-3edddc8711ff,Análise de Perfil,Conversa com o Cliente,2025-08-09,1,14,14,8016,Comércio,Baixa,pouco provável
adf46c04-06b2-4e32-84af-c8e5491e8668,Análise de Perfil,Análise de Perfil,2025-07-02,1,1,1,40577,Educação,Média,provável
3ec8d8f7-8a72-49bf-9763-5fce8c815782,Análise de Perfil,Análise de Perfil,2025-07-07,1,5,5,15099,Tecnologia,Média,provável
2d4df461-48ca-45cb-9a01-ae5d44998fa3,Análise de Perfil,Análise de Perfil,2025-08-27,1,14,14,46973,Serviços,Média,pouco provável
e428ee42-0a60-486a-b596-22fc0ed8c09e,Análise de Perfil,Conversa com o Cliente,2025-04-23,1,12,12,8242,Indústria,Média,pouco provável
991789a8-6eea-4ce1-bccb-b7a38e858724,Análise de Perfil,Análise de Perfil,2025-11-25,1,8,8,13747,Comércio,Alta,provável
f23237a8-936e-4203-8072-9bb37ddf739c,Análise de Perfil,Conversa com o Cliente,2025-07-28,1,10,10,38392,Saúde,Média,provável
6fbcdbe0-99ca-4dfa-bb40-a7f736030bb8,Análise de Perfil,Conversa com o Cliente,2025-09-16,1,12,12,47505,Comércio,Média,pouco provável
0a8ed985-e644-4cad-9f81-619ff51dc306,Análise de Perfil,Conversa com o Cliente,2025-08-13,1,4,4,49173,Saúde,Média,provável
8e62e9d8-d38a-49f1-ae15-3a47a5335f29,Análise de Perfil,Conversa com o Cliente,2025-05-05,1,4,4,14963,Serviços,Média,provável
23749bcc-512c-47eb-a710-0cec8c46a6c7,Análise de Perfil,Conversa com o Cliente,2025-11-04,1,2,2,18046,Saúde,Média,provável
336d1f27-1f2c-4b2d-a090-c6824b157217,Análise de Perfil,Conversa com o Cliente,2025-02-23,1,1,1,47865,Comércio,Baixa,pouco provável
b9b389f9-3d88-4788-8e19-719453c2d851,Análise de Perfil,Conversa com o Cliente,2025-06-28,1,14,14,24350,Comércio,Média,provável
0a932d19-8a1e-4a03-8c40-0431be5e1700,Análise de Perfil,Conversa com o Cliente,2025-09-06,1,14,14,26973,Educação,Baixa,pouco provável
024c8abc-5df0-4a35-bd53-c333f3f4e38a,Análise de Perfil,Conversa com o Cliente,2025-10-31,1,15,15,19226,Educação,Alta,muito provável
c800d138-2cd7-4e26-bd6d-d0009c6452b3,Análise de Perfil,Conversa com o Cliente,2025-02-27,1,2,2,8782,Saúde,Média,pouco provável
0176571d-da01-4961-b02f-905c2b7bb041,Análise de Perfil,Conversa com o Cliente,2025-01-26,1,1,1,34240,Educação,Média,pouco provável
d790ab48-6bbc-4b19-8df5-d840afbad6d7,Análise de Perfil,Análise de Perfil,2025-06-22,1,10,10,24084,Comércio,Média,provável
925e1185-4d3f-429d-bbe7-15d705a572d3,Análise de Perfil,Conversa com o Cliente,2025-10-06,1,1,1,15124,Indústria,Alta,provável
29bf1ee1-a804-49a0-bd43-895f75e85e5c,Análise de Perfil,Conversa com o Cliente,2025-01-25,1,11,11,20409,Indústria,Baixa,pouco provável
ca8bf91d-d79e-48a1-a071-ffbd7b6496ab,Análise de Perfil,Conversa com o Cliente,2025-09-24,1,8,8,30277,Educação,Média,provável
24354e87-bdff-468d-bb67-e76de2001e87,Análise de Perfil,Conversa com o Cliente,2025-07-01,1,8,8,22327,Comércio,Baixa,pouco provável
b47f1ab7-5f8e-4185-aa08-1e44158e18f3,Análise de Perfil,Conversa com o Cliente,2025-10-24,1,11,11,36014,Saúde,Média,provável
a0604f42-3815-42ea-afab-66b07f148139,Análise de Perfil,Conversa com o Cliente,2025-09-25,1,5,5,7253,Tecnologia,Média,pouco provável
2587b793-7fe3-484b-843a-25fba2256f1f,Análise de Perfil,Conversa com o Cliente,2025-08-08,1,5,5,16098,Educação,Média,pouco provável
82d595a1-4e73-49d9-bd05-726bcb9afe47,Análise de Perfil,Conversa com o Cliente,2025-08-11,1,3,3,25089,Tecnologia,Baixa,pouco provável
00ccb718-f678-4fe5-8f4f-2bb3154e8482,Análise de Perfil,Conversa com o Cliente,2025-08-24,1,5,5,37219,Saúde,Baixa,pouco provável
7a212f52-ef2f-45f5-b1bc-6c4cb9db965d,Análise de Perfil,Conversa com o Cliente,2025-03-16,1,4,4,8567,Saúde,Alta,muito provável
2be1ed96-938d-490e-8c86-056878a7ae6f,Análise de Perfil,Conversa com o Cliente,2025-09-20,1,14,14,19666,Comércio,Média,pouco provável
699391e0-465c-42ec-a80e-6adf36f083dd,Análise de Perfil,Análise de Perfil,2025-07-28,1,7,7,11454,Comércio,Média,pouco provável
4196d431-393e-47e4-bde4-8f2a7589e132,Análise de Perfil,Conversa com o Cliente,2025-04-17,1,3,3,45421,Comércio,Média,provável
db3df423-95fb-4de9-ac5e-1091f18eda46,Análise de Perfil,Análise de Perfil,2025-11-19,1,5,5,44049,Educação,Média,pouco provável
6fc28daa-b06f-4fbf-a63a-804f320cf247,Análise de Perfil,Conversa com o Cliente,2025-03-31,1,10,10,46555,Indústria,Média,pouco provável
f27e4da8-6537-4993-829d-6a3aa96991ed,Análise de Perfil,Conversa com o Cliente,2025-03-08,1,13,13,8070,Tecnologia,Baixa,pouco provável
07f61577-251d-404f-a9f1-a3b636f92213,Análise de Perfil,Análise de Perfil,2025-07-12,1,8,8,40996,Indústria,Alta,muito provável
94459ed7-8607-49c3-8262-66bb80897d2c,Análise de Perfil,Análise de Perfil,2025-10-24,1,14,14,16511,Indústria,Alta,provável
c3ade205-4ef7-4f22-b3b9-676b2714b955,Análise de Perfil,Conversa com o Cliente,2025-03-04,1,3,3,40983,Indústria,Alta,provável
43cc2a1c-09ac-4733-8019-7a7f9cff42e3,Análise de Perfil,Análise de Perfil,2025-02-27,1,9,9,40695,Tecnologia,Média,provável
8e6dbee9-6756-478a-880a-8ab4454b1ead,Análise de Perfil,Conversa com o Cliente,2025-02-15,1,10,10,11993,Saúde,Baixa,pouco provável
3b8af703-f7ef-4e6d-9bd8-a62d1d3f21c8,Análise de Perfil,Conversa com o Cliente,2025-03-11,1,13,13,11011,Indústria,Alta,provável
df29d12e-f5ab-4882-aa98-a785deed2b9d,Análise de Perfil,Análise de Perfil,2025-04-22,1,13,13,49744,Tecnologia,Alta,provável
58cc326b-5de4-4580-8a31-ee0e31912d20,Análise de Perfil,Conversa com o Cliente,2025-06-05,1,13,13,9908,Educação,Baixa,pouco provável
6d1dd63b-a6e4-4289-b52d-a6cd58eb010e,Análise de Perfil,Conversa com o Cliente,2025-12-03,1,7,7,38744,Educação,Média,pouco provável
8e051241-50b7-4515-85ff-4bde21782c18,Análise de Perfil,Análise de Perfil,2025-02-07,1,4,4,21787,Tecnologia,Baixa,pouco provável
7142e7e3-bc51-451b-81c7-dca66ee8e64e,Análise de Perfil,Conversa com o Cliente,2025-01-23,1,4,4,12106,Serviços,Baixa,pouco provável
bad0e220-a9a1-4759-a394-9fda1b782b33,Análise de Perfil,Conversa com o Cliente,2025-09-30,1,10,10,16442,Serviços,Média,pouco provável
eea97c39-0d0e-45ef-8062-ae3241299ada,Análise de Perfil,Conversa com o Cliente,2025-11-05,1,14,14,7122,Serviços,Alta,provável
848c4216-8ccf-4daa-ad04-1007d46d2f9c,Análise de Perfil,Conversa com o Cliente,2025-07-10,1,12,12,40682,Indústria,Alta,muito provável
9826a856-ce2d-4faf-b374-8a0dc92fe486,Análise de Perfil,Conversa com o Cliente,2025-01-19,1,11,11,46828,Indústria,Alta,provável
e3a8392f-c4ca-4a6b-a09d-f247e0115aaa,Análise de Perfil,Conversa com o Cliente,2025-02-23,1,2,2,21163,Educação,Média,provável
f79f688b-26b2-4092-9a0a-1889cfd3e26f,Análise de Perfil,Conversa com o Cliente,2025-05-18,1,2,2,40741,Saúde,Baixa,pouco provável
e37cc390-e27a-4367-bc8f-3dbe62bac593,Análise de Perfil,Conversa com o Cliente,2025-11-27,1,15,15,45119,Serviços,Média,provável
d9a69f79-549f-49e5-b4db-0f9d6ad4e735,Análise de Perfil,Conversa com o Cliente,2025-09-07,1,11,11,28821,Indústria,Alta,provável
38bdc72c-912e-46fb-8dd3-bdd8c5994ea4,Análise de Perfil,Análise de Perfil,2025-04-09,1,6,6,17536,Saúde,Média,pouco provável
75eb7387-4c34-4edf-8d5b-487104dc3fd5,Análise de Perfil,Conversa com o Cliente,2025-04-13,1,9,9,44920,Tecnologia,Alta,provável
bd15d5ff-64db-45c0-9e2f-e3e0ff27e748,Análise de Perfil,Conversa com o Cliente,2025-09-15,1,11,11,20560,Tecnologia,Alta,provável
738de808-8633-4136-acba-7850e91acfb9,Análise de Perfil,Análise de Perfil,2025-09-18,1,4,4,9261,Comércio,Média,provável
b279cc9e-dd4d-4213-b09a-9890a4e64bd0,Análise de Perfil,Conversa com o Cliente,2025-01-13,1,4,4,30795,Saúde,Média,pouco provável
7aa495c2-f9a5-4e3a-8514-66df06094847,Análise de Perfil,Conversa com o Cliente,2025-02-04,1,15,15,18562,Saúde,Baixa,pouco provável
74acb51d-eaf4-4568-9e3b-b0fe5c1fe08c,Análise de Perfil,Conversa com o Cliente,2025-08-09,1,13,13,8342,Tecnologia,Média,provável
d60c2b04-ea9d-4150-af47-b5468c1fcafc,Análise de Perfil,Conversa com o Cliente,2025-07-15,1,3,3,48444,Serviços,Média,pouco provável
3c73cbdf-1d98-458f-8e45-826d64678f80,Análise de Perfil,Conversa com o Cliente,2025-03-28,1,12,12,13427,Tecnologia,Alta,muito provável
c5a5a10e-f77a-46cb-9619-16176f273398,Análise de Perfil,Análise de Perfil,2025-02-24,1,15,15,10344,Saúde,Baixa,pouco provável
858ee981-d014-4c1b-9d2e-d0c502004622,Análise de Perfil,Conversa com o Cliente,2025-08-06,1,1,1,33363,Serviços,Média,pouco provável
1e84aba5-ca96-4d09-bded-bdfdc0657f84,Análise de Perfil,Conversa com o Cliente,2025-10-01,1,7,7,21450,Comércio,Média,provável
0dc19a45-c7f5-44f9-94ba-2c5013871f0a,Análise de Perfil,Conversa com o Cliente,2025-09-14,1,7,7,46169,Comércio,Alta,provável
6da4d743-07db-4d26-abb5-51e83c37f46a,Análise de Perfil,Conversa com o Cliente,2025-06-23,1,10,10,48517,Serviços,Média,provável
32722d54-cec5-4be7-8477-4f0b9618011d,Análise de Perfil,Conversa com o Cliente,2025-08-14,1,5,5,43574,Tecnologia,Média,pouco provável
7e72ed83-d370-48da-8fc8-1d91d720b71b,Análise de Perfil,Análise de Perfil,2025-05-22,1,6,6,48671,Tecnologia,Baixa,pouco provável
3fcf85b3-3aed-485d-8f0f-d04ae0e12319,Análise de Perfil,Conversa com o Cliente,2025-10-12,1,11,11,38343,Serviços,Média,pouco provável
804fa336-037b-4b5e-931b-d0ae83a2f3b5,Análise de Perfil,Conversa com o Cliente,2025-06-11,1,6,6,31806,Tecnologia,Média,provável
74c4ad39-989b-46c6-adcf-3e01b1161a8a,Análise de Perfil,Análise de Perfil,2025-03-31,1,15,15,17665,Serviços,Baixa,pouco provável
16e57493-a175-4319-b256-c594a2d0886d,Análise de Perfil,Conversa com o Cliente,2025-04-02,1,8,8,14991,Serviços,Média,pouco provável
575d744d-3adf-49c2-af4e-f191ca728582,Análise de Perfil,Conversa com o Cliente,2025-04-10,1,15,15,9379,Saúde,Média,provável
cb844d98-7c1c-4733-8b86-f755b35af4a3,Análise de Perfil,Conversa com o Cliente,2025-03-12,1,15,15,14292,Indústria,Média,provável
a1c338f2-3889-48c5-a37f-7388a4a14ad0,Análise de Perfil,Análise de Perfil,2025-03-21,1,14,14,15585,Comércio,Baixa,pouco provável
d612cc43-dcae-4b12-bd97-ab4a78f9163c,Análise de Perfil,Análise de Perfil,2025-09-23,1,9,9,29479,Comércio,Alta,provável
3092f32d-0de9-4ac8-8b3f-f769a59db67f,Análise de Perfil,Análise de Perfil,2025-12-04,1,13,13,18441,Tecnologia,Média,provável
caf8474c-80be-44df-8e3b-2506368e08c3,Análise de Perfil,Conversa com o Cliente,2025-10-19,1,4,4,32105,Comércio,Alta,provável
cb71159b-dc39-4363-90ad-24f28ccb0d92,Análise de Perfil,Conversa com o Cliente,2025-04-06,1,2,2,33335,Saúde,Média,pouco provável
3f68fe96-8dee-4a9c-ac41-22abf2f9a606,Análise de Perfil,Conversa com o Cliente,2025-01-11,1,1,1,12111,Serviços,Baixa,pouco provável
13b2db13-acd3-42f2-9268-a8d7c460e41d,Análise de Perfil,Análise de Perfil,2025-03-09,1,2,2,41662,Tecnologia,Alta,provável
1b93e51d-a585-432a-8c8e-587e598121c0,Análise de Perfil,Conversa com o Cliente,2025-04-09,1,12,12,5247,Tecnologia,Média,provável
14c2a201-3194-4e42-a684-f763fca4e123,Análise de Perfil,Conversa com o Cliente,2025-06-23,1,9,9,8453,Serviços,Alta,muito provável
7a561911-2cd8-462b-9000-7bf972357b43,Análise de Perfil,Conversa com o Cliente,2025-10-27,1,1,1,17139,Tecnologia,Baixa,pouco provável
437df580-5fb2-476d-8bc7-2a6129f539cd,Análise de Perfil,Conversa com o Cliente,2025-08-25,1,10,10,49536,Tecnologia,Baixa,pouco provável
c1cbc341-3aaf-4fa1-a76b-376a47bc7b19,Análise de Perfil,Conversa com o Cliente,2025-04-08,1,4,4,19295,Tecnologia,Média,provável
2242a7ce-6683-4e71-a6f2-ca3f5a25e4ea,Análise de Perfil,Conversa com o Cliente,2025-09-30,1,7,7,16383,Serviços,Média,provável
05d21a3c-0ee9-42d1-a6d5-ac90b606f454,Análise de Perfil,Análise de Perfil,2025-10-07,1,14,14,13952,Educação,Alta,provável
0fd0d486-54dc-4870-9389-ce9451cd569c,Análise de Perfil,Conversa com o Cliente,2025-08-07,1,1,1,15325,Tecnologia,Média,pouco provável
f1205263-9db7-4036-878a-671fe04f116c,Análise de Perfil,Conversa com o Cliente,2025-04-16,1,7,7,6728,Comércio,Média,pouco provável
e5d40e06-7a8a-451c-a760-8c62efe0840f,Análise de Perfil,Conversa com o Cliente,2025-04-13,1,11,11,31743,Educação,Alta,provável
93ce0c26-903a-45b8-8715-fd5d2ed3e815,Análise de Perfil,Conversa com o Cliente,2025-06-15,1,2,2,19814,Serviços,Baixa,pouco provável
d9f42e58-81be-4bc8-bb39-576eb58ce01d,Análise de Perfil,Conversa com o Cliente,2025-11-09,1,7,7,9716,Saúde,Média,pouco provável
7c6a65fd-3268-4148-9929-e7966c302350,Análise de Perfil,Conversa com o Cliente,2025-07-07,1,6,6,41822,Educação,Baixa,pouco provável
0985d794-6da3-4161-b90f-cfdc86156111,Análise de Perfil,Conversa com o Cliente,2025-10-17,1,3,3,29290,Tecnologia,Baixa,pouco provável
a84c1fa4-ed55-4830-aae8-845b3c3368f0,Análise de Perfil,Conversa com o Cliente,2025-07-20,1,2,2,39146,Indústria,Média,pouco provável
d161be85-272d-4780-8586-5b3b7991c543,Análise de Perfil,Análise de Perfil,2025-03-11,1,13,13,39991,Tecnologia,Alta,muito provável
48d3906d-66b9-4b09-b872-d832ffd049e4,Análise de Perfil,Conversa com o Cliente,2025-02-25,1,4,4,14348,Saúde,Baixa,pouco provável
94929f9f-844e-4647-81d8-2cda938b6a46,Análise de Perfil,Conversa com o Cliente,2025-09-02,1,1,1,43920,Comércio,Alta,provável
23a246d1-7620-43d5-b73a-42d03094082c,Análise de Perfil,Conversa com o Cliente,2025-01-18,1,11,11,43043,Educação,Baixa,pouco provável
ef8baf89-6258-440b-872c-38120ef89445,Análise de Perfil,Conversa com o Cliente,2025-08-02,1,13,13,46797,Serviços,Baixa,pouco provável
01e7638e-cfe6-49db-9e19-41b65f6c0f36,Análise de Perfil,Conversa com o Cliente,2025-01-16,1,7,7,45967,Educação,Média,provável
0273b645-2c33-44c4-96d2-b02d824b1339,Análise de Perfil,Conversa com o Cliente,2025-03-13,1,9,9,28733,Tecnologia,Baixa,pouco provável
2890f31c-2c0c-4698-8cd6-ee0e158b6194,Análise de Perfil,Conversa com o Cliente,2025-10-17,1,7,7,30565,Tecnologia,Alta,provável
7eb4ca69-0666-488b-aeaf-429bbfcd51b2,Análise de Perfil,Conversa com o Cliente,2025-08-10,1,3,3,40508,Serviços,Média,provável
41b0c30d-7c53-493c-8514-52a9053a53da,Análise de Perfil,Conversa com o Cliente,2025-08-02,1,12,12,42589,Tecnologia,Baixa,pouco provável
4210e840-0734-435a-beed-c20348340bba,Análise de Perfil,Análise de Perfil,2025-02-28,1,7,7,23026,Serviços,Baixa,pouco provável
22b8b7d7-2454-4ada-9cc5-ddd489b07937,Análise de Perfil,Conversa com o Cliente,2025-02-13,1,3,3,36036,Indústria,Média,pouco provável
c6de2fd1-c835-497e-8bec-409082c46ce4,Análise de Perfil,Conversa com o Cliente,2025-04-03,1,6,6,29624,Educação,Alta,muito provável
6ae47d8f-d1df-417f-90e6-37c08b4aa0dd,Análise de Perfil,Conversa com o Cliente,2025-08-10,1,7,7,42598,Saúde,Alta,provável
6862e161-be23-41c0-8061-a4f3f884a304,Análise de Perfil,Análise de Perfil,2025-08-06,1,9,9,38940,Indústria,Média,provável
183c4aa7-e4a0-4c59-9d57-0b7ad237c6c5,Análise de Perfil,Conversa com o Cliente,2025-07-03,1,2,2,10436,Serviços,Média,pouco provável
a781b66c-c7c4-4a10-8aaf-8da872d0fe34,Análise de Perfil,Conversa com o Cliente,2025-04-23,1,3,3,19287,Indústria,Baixa,pouco provável
5b147902-3a97-4a3f-9c22-5438180930e2,Análise de Perfil,Conversa com o Cliente,2025-08-11,1,6,6,12066,Educação,Média,pouco provável
34c8a6c5-59c9-4607-a3ef-42377ad621d7,Análise de Perfil,Conversa com o Cliente,2025-08-14,1,7,7,36011,Saúde,Alta,provável
35d9359c-bcf3-49af-be37-0a95f6c8c169,Análise de Perfil,Conversa com o Cliente,2025-11-18,1,4,4,36941,Indústria,Média,provável
47f8c8d4-e2e9-4ac4-8cd7-58e067ba2a02,Análise de Perfil,Conversa com o Cliente,2025-11-15,1,13,13,41616,Educação,Média,pouco provável
a31eb4a8-4cd9-4711-ac3d-549a0f9a34bb,Análise de Perfil,Conversa com o Cliente,2025-12-10,1,15,15,18811,Saúde,Média,pouco provável
b6ce7e00-93e0-4a2e-b137-887bdf1340f4,Análise de Perfil,Conversa com o Cliente,2025-05-23,1,5,5,36746,Comércio,Baixa,pouco provável
41d96650-6a3a-4991-b33c-15f2bdf82feb,Análise de Perfil,Análise de Perfil,2025-05-26,1,6,6,6161,Indústria,Alta,provável
c7367927-df6b-40b8-a2c2-dadb72d9cf46,Análise de Perfil,Conversa com o Cliente,2025-04-07,1,12,12,47156,Indústria,Média,pouco provável
7c70ec9f-3592-4103-930f-9602af0b1eb2,Análise de Perfil,Conversa com o Cliente,2025-09-19,1,5,5,47347,Educação,Baixa,pouco provável
df3052a0-95df-4226-ac8c-de9c11563cd0,Análise de Perfil,Conversa com o Cliente,2025-11-07,1,1,1,21139,Serviços,Média,provável
3a351519-9a52-4209-9eac-64ac2b3dc02e,Análise de Perfil,Conversa com o Cliente,2025-01-24,1,11,11,25887,Comércio,Média,provável
bc271283-33c9-48d1-be39-0b584f2d7e3a,Análise de Perfil,Conversa com o Cliente,2025-02-24,1,14,14,9677,Tecnologia,Média,pouco provável
7e17eb0c-3380-4709-8b91-79016f202cfb,Análise de Perfil,Análise de Perfil,2025-09-05,1,13,13,41437,Saúde,Média,pouco provável
7f13b838-086c-46a2-9397-52f65305e7ba,Análise de Perfil,Conversa com o Cliente,2025-11-18,1,2,2,25487,Indústria,Média,pouco provável
19b3ffd3-8291-4a2f-a0c1-bb855ba87daa,Análise de Perfil,Conversa com o Cliente,2025-05-27,1,7,7,48005,Comércio,Média,provável
ee4e8077-07e2-4cd3-8503-992100f9aaa6,Análise de Perfil,Conversa com o Cliente,2025-02-07,1,13,13,10005,Serviços,Alta,provável
3d52b1f9-e107-412e-aa20-d1c441ef4779,Análise de Perfil,Conversa com o Cliente,2025-09-14,1,4,4,13019,Serviços,Média,pouco provável
c0d724cc-6924-4a53-a1d7-604bf8c12288,Análise de Perfil,Conversa com o Cliente,2025-09-09,1,1,1,17003,Serviços,Baixa,pouco provável
bae67c74-bb15-4289-a91b-3d1d50e83f6b,Análise de Perfil,Conversa com o Cliente,2025-02-20,1,4,4,16954,Tecnologia,Baixa,pouco provável
aefa85f1-6de9-479a-a2b3-53232dd8453c,Análise de Perfil,Análise de Perfil,2025-02-07,1,14,14,47732,Indústria,Alta,provável
de935709-8817-4a82-acad-1b3dfbbcbd3a,Análise de Perfil,Conversa com o Cliente,2025-07-30,1,8,8,20056,Indústria,Baixa,pouco provável
a36ee017-3475-4c2e-9b3a-6084224a795b,Análise de Perfil,Conversa com o Cliente,2025-07-02,1,1,1,30852,Comércio,Média,provável
1b5e1ebe-40fb-4e51-9f69-3fcb5c91afe3,Análise de Perfil,Análise de Perfil,2025-09-22,1,13,13,17033,Serviços,Alta,provável
596b84b2-11db-4bb7-b5f6-457701c53f82,Análise de Perfil,Análise de Perfil,2025-03-18,1,10,10,5585,Educação,Alta,provável
fcd0b6dc-be26-4d29-bf4d-d827cf01b81f,Análise de Perfil,Conversa com o Cliente,2025-09-22,1,11,11,40601,Saúde,Média,pouco provável
44b8422d-503b-490d-94b0-2af51f00b92a,Análise de Perfil,Conversa com o Cliente,2025-05-06,1,11,11,17512,Saúde,Média,provável
f6df877f-feee-4107-b421-af6e3790515a,Análise de Perfil,Análise de Perfil,2025-08-26,1,1,1,21776,Serviços,Média,provável
17e7d384-d3c3-4e8d-aea1-f873840d01f5,Análise de Perfil,Conversa com o Cliente,2025-10-31,1,7,7,25541,Comércio,Alta,provável
8798d998-c9e6-4533-883c-f0ae702da3d6,Análise de Perfil,Conversa com o Cliente,2025-11-30,1,7,7,33376,Comércio,Média,pouco provável
73174af1-cf8a-44ac-8f6c-c626fd457a46,Análise de Perfil,Análise de Perfil,2025-07-04,1,2,2,43446,Saúde,Alta,muito provável
876d1e66-5fdc-4df5-b830-a3709f0fdfd0,Análise de Perfil,Conversa com o Cliente,2025-04-24,1,5,5,16710,Serviços,Média,pouco provável
c7623350-74c5-4921-966e-a9fee8ba3b86,Análise de Perfil,Conversa com o Cliente,2025-04-15,1,5,5,35933,Serviços,Baixa,pouco provável
175d403a-a6cb-450e-b454-4a2a3e5d1aed,Análise de Perfil,Conversa com o Cliente,2025-10-16,1,14,14,45330,Indústria,Baixa,pouco provável
62f8df0d-a01c-43bf-add4-8254e58a3760,Análise de Perfil,Conversa com o Cliente,2025-06-29,1,7,7,14390,Indústria,Baixa,pouco provável
6220d256-46ed-4841-8116-687979a039a0,Análise de Perfil,Conversa com o Cliente,2025-07-09,1,11,11,26939,Saúde,Média,pouco provável
ae7abbed-f47e-43d7-9dd9-ad801fe966d4,Análise de Perfil,Conversa com o Cliente,2025-03-09,1,15,15,34180,Saúde,Média,provável
99c17d98-3688-4927-ba02-da51374c5dfb,Análise de Perfil,Conversa com o Cliente,2025-03-05,1,15,15,10019,Educação,Alta,provável
ff31b93f-0b95-49fd-908d-5164cb7b33cf,Análise de Perfil,Análise de Perfil,2025-06-11,1,14,14,46974,Tecnologia,Baixa,pouco provável
14702a27-6bec-4479-badb-5d27ffeacd3a,Análise de Perfil,Conversa com o Cliente,2025-08-18,1,12,12,34025,Serviços,Baixa,pouco provável
15d982bf-079b-496a-af5f-df64bc5b1203,Análise de Perfil,Análise de Perfil,2025-04-10,1,2,2,15254,Educação,Alta,provável
9de9445f-fe97-456f-b06d-8203b0dcff15,Análise de Perfil,Conversa com o Cliente,2025-05-13,1,6,6,42221,Serviços,Média,provável
673e0e23-02a1-4213-a604-4ad086fbd972,Análise de Perfil,Conversa com o Cliente,2025-10-21,1,9,9,41957,Indústria,Alta,provável
a0d3de99-5887-4281-8916-27bc858ae77c,Análise de Perfil,Conversa com o Cliente,2025-04-05,1,10,10,43392,Indústria,Média,provável
cb5c4956-b126-46ff-aa86-400e518aa82f,Análise de Perfil,Conversa com o Cliente,2025-08-25,1,10,10,25029,Comércio,Alta,provável
d93a5e7b-378f-4c48-a4da-38dd40b6a18c,Análise de Perfil,Conversa com o Cliente,2025-09-14,1,9,9,43966,Saúde,Baixa,pouco provável
9607ca69-9b68-4a17-b8f3-50f7e26434b0,Análise de Perfil,Conversa com o Cliente,2025-08-07,1,14,14,49435,Comércio,Média,provável
9b607465-946c-4567-881a-1e86d76d540c,Análise de Perfil,Conversa com o Cliente,2025-05-14,1,13,13,12690,Comércio,Alta,provável
ead2d3f1-1b72-473b-a02d-4266398d61de,Análise de Perfil,Conversa com o Cliente,2025-03-22,1,15,15,23764,Indústria,Baixa,pouco provável
ba8c001c-f240-4f6e-8fae-7df20e017ace,Análise de Perfil,Conversa com o Cliente,2025-10-03,1,5,5,11154,Educação,Baixa,pouco provável
b813cbe0-d772-4f30-9bc0-30eb50e01b7e,Análise de Perfil,Conversa com o Cliente,2025-04-21,1,10,10,26758,Comércio,Média,provável
3d989bcd-7cb6-4617-8c97-b8abf27b72d8,Análise de Perfil,Conversa com o Cliente,2025-02-12,1,9,9,37858,Serviços,Média,pouco provável
a3dd13d2-58a7-4c85-9e02-15d810dc077f,Análise de Perfil,Análise de Perfil,2025-03-31,1,12,12,26572,Serviços,Média,pouco provável
ee3453c1-5c17-4565-8ff0-7ab0897eee79,Análise de Perfil,Conversa com o Cliente,2025-06-30,1,8,8,30902,Tecnologia,Média,provável
51b9baf6-28ba-4e28-8ba6-a9fb2e873787,Análise de Perfil,Conversa com o Cliente,2025-01-26,1,5,5,35719,Indústria,Baixa,pouco provável
67732faa-a70f-460a-8747-56297570f382,Análise de Perfil,Conversa com o Cliente,2025-05-27,1,7,7,12898,Saúde,Média,provável
aa5a74c5-13ed-4dd5-ae3f-3b1012a5a910,Análise de Perfil,Conversa com o Cliente,2025-11-30,1,12,12,25340,Educação,Baixa,pouco provável
1457ebf9-f229-4a1b-841a-34d2dc56611b,Análise de Perfil,Conversa com o Cliente,2025-12-06,1,10,10,33295,Saúde,Baixa,pouco provável
99d348d4-ed05-43de-b552-47e2f69bc508,Análise de Perfil,Conversa com o Cliente,2025-04-21,1,11,11,41538,Serviços,Média,provável
1023c3b7-18ad-4363-981d-3e9b231871d5,Análise de Perfil,Conversa com o Cliente,2025-05-06,1,12,12,49202,Tecnologia,Baixa,pouco provável
96830576-b693-463d-8274-5eb2430a0dcf,Análise de Perfil,Conversa com o Cliente,2025-09-20,1,5,5,10068,Comércio,Média,provável
36d40fa8-c0fa-46fc-b6a1-f6d884780c10,Análise de Perfil,Conversa com o Cliente,2025-03-01,1,12,12,31949,Educação,Média,provável
ae367f13-09b6-4fe0-ba10-4603f7017a1e,Análise de Perfil,Análise de Perfil,2025-02-25,1,15,15,17150,Saúde,Baixa,pouco provável
ccd76675-3266-4c31-8b5c-98da30b7f4f0,Análise de Perfil,Conversa com o Cliente,2025-10-23,1,7,7,19750,Comércio,Média,provável
48e6ea92-74f3-4625-b1a0-8d22dba515a8,Análise de Perfil,Conversa com o Cliente,2025-07-24,1,14,14,41175,Saúde,Alta,provável
4f852832-b261-4153-bfb9-0b02002399a8,Análise de Perfil,Conversa com o Cliente,2025-05-29,1,13,13,47902,Educação,Média,provável
c2bb02f3-17b1-46d3-8a0f-c507258a6c66,Análise de Perfil,Conversa com o Cliente,2025-06-16,1,12,12,40476,Tecnologia,Alta,muito provável
faaec67d-c50e-4b75-9319-6f105e039ed6,Análise de Perfil,Conversa com o Cliente,2025-05-18,1,7,7,39752,Saúde,Média,provável
2a927ab4-f40c-483d-a0a1-47e3d76c2aac,Análise de Perfil,Conversa com o Cliente,2025-05-14,1,5,5,27297,Tecnologia,Média,pouco provável
bbed6bc4-27f4-467e-83d3-e94b2de260d4,Análise de Perfil,Conversa com o Cliente,2025-10-29,1,4,4,9167,Comércio,Baixa,pouco provável
34ec53a0-b4f0-45b7-b1e3-f1c0200b937c,Análise de Perfil,Análise de Perfil,2025-03-22,1,12,12,37828,Tecnologia,Baixa,pouco provável
7bf4176c-014c-4ae7-a518-caf0ddd34b5d,Análise de Perfil,Conversa com o Cliente,2025-01-26,1,10,10,45467,Indústria,Alta,muito provável
dcf96185-5fab-4706-aa51-5ab3f0cfce0e,Análise de Perfil,Análise de Perfil,2025-08-20,1,2,2,11459,Saúde,Média,provável
6a8ef1ac-0717-4dc6-8022-664fa2bac326,Análise de Perfil,Conversa com o Cliente,2025-11-29,1,6,6,49207,Serviços,Média,pouco provável
463c8db0-a042-448e-a540-36f71bd11ee2,Análise de Perfil,Análise de Perfil,2025-09-07,1,15,15,31237,Indústria,Baixa,pouco provável
2fed3830-e04a-46fd-af15-7981ee4b2be7,Análise de Perfil,Análise de Perfil,2025-06-06,1,2,2,18700,Tecnologia,Alta,provável
f87264c9-d3e0-48d8-be9f-f019c6fbc108,Análise de Perfil,Conversa com o Cliente,2025-06-13,1,9,9,22845,Educação,Baixa,pouco provável
6ee0611e-c66e-461f-a7a5-5069ced68121,Análise de Perfil,Conversa com o Cliente,2025-03-28,1,5,5,30271,Serviços,Alta,muito provável
acb92aeb-dc1c-4f99-8b0e-37bd2be21250,Análise de Perfil,Análise de Perfil,2025-03-30,1,15,15,6153,Serviços,Média,provável
ed3101df-483d-462b-a4d8-d01b23bb46bb,Análise de Perfil,Conversa com o Cliente,2025-11-05,1,11,11,20183,Saúde,Média,provável
88ef6e23-5868-4a9d-ac7a-42491353db77,Análise de Perfil,Conversa com o Cliente,2025-01-12,1,10,10,30839,Saúde,Baixa,pouco provável
8d6dc7be-414a-4eed-b390-12a2feafb2e4,Análise de Perfil,Conversa com o Cliente,2025-11-03,1,1,1,24572,Indústria,Baixa,pouco provável
08637a93-b41a-4012-a94c-65ddeb06d8cb,Análise de Perfil,Análise de Perfil,2025-10-04,1,10,10,31911,Comércio,Média,provável
10477b3c-6025-40e1-8b89-475053584135,Análise de Perfil,Conversa com o Cliente,2025-03-26,1,10,10,37679,Educação,Média,provável
69068d92-9939-40cb-90d7-9de7784c15e9,Análise de Perfil,Análise de Perfil,2025-08-10,1,7,7,35976,Serviços,Baixa,pouco provável
5f7a18fa-1340-4ab3-9fca-e022e9902356,Análise de Perfil,Conversa com o Cliente,2025-08-19,1,4,4,10111,Tecnologia,Baixa,pouco provável
dbb35807-6cc9-4c50-9e36-001510a8385a,Análise de Perfil,Análise de Perfil,2025-03-08,1,7,7,48915,Educação,Média,pouco provável
554e167d-c152-44e6-9b0d-10b14c5f2cc2,Análise de Perfil,Análise de Perfil,2025-07-23,1,10,10,44480,Comércio,Média,pouco provável
2e41205d-8074-456b-86f0-9991a5fe2ad4,Análise de Perfil,Conversa com o Cliente,2025-03-04,1,14,14,24141,Comércio,Média,provável
e7d3b8e0-2bd0-4a54-ac38-02c1ce94f486,Análise de Perfil,Conversa com o Cliente,2025-11-26,1,10,10,13849,Educação,Média,pouco provável
48a4debb-6179-4fb1-9e4d-d22bb9553bfa,Análise de Perfil,Conversa com o Cliente,2025-09-30,1,8,8,8395,Indústria,Média,pouco provável
e4787734-100d-4cf2-a7c6-10610f86a510,Análise de Perfil,Conversa com o Cliente,2025-04-15,1,5,5,20321,Tecnologia,Média,provável
8f65fb49-eaf1-4fb9-b4c5-66a1444acad2,Análise de Perfil,Conversa com o Cliente,2025-11-05,1,8,8,32709,Indústria,Alta,muito provável
1c8b23f5-d8ea-44f2-8dbb-4c41056d1224,Análise de Perfil,Conversa com o Cliente,2025-07-31,1,9,9,45302,Comércio,Média,pouco provável
b73776ab-c674-4662-9090-4560e9aa7177,Análise de Perfil,Conversa com o Cliente,2025-03-24,1,15,15,6196,Tecnologia,Média,provável
ac5ef198-5561-4cde-862f-4712ecb219cf,Análise de Perfil,Análise de Perfil,2025-01-08,1,7,7,43018,Educação,Média,pouco provável
2c9546cc-b73a-4d5f-a610-eea86ec83c3f,Análise de Perfil,Conversa com o Cliente,2025-05-25,1,3,3,21250,Serviços,Alta,provável
795bb5be-842f-47c0-8dff-4f038b465f60,Análise de Perfil,Conversa com o Cliente,2025-04-18,1,1,1,15814,Indústria,Baixa,pouco provável
9f755658-25e4-4ddd-a4e1-cc546a79db5d,Análise de Perfil,Análise de Perfil,2025-04-04,1,12,12,24755,Educação,Média,provável
20d78430-38fc-4d28-9c06-17da5432daa7,Análise de Perfil,Conversa com o Cliente,2025-07-12,1,15,15,37916,Comércio,Média,provável
390626ae-2483-4014-ba93-cef6d186d83f,Análise de Perfil,Análise de Perfil,2025-08-23,1,8,8,38780,Educação,Alta,provável
4724ea38-fe34-4087-ba7f-8997379afe1b,Análise de Perfil,Análise de Perfil,2025-07-27,1,14,14,36728,Indústria,Baixa,pouco provável
f51dafca-b144-462d-bb27-ad980df562b0,Análise de Perfil,Conversa com o Cliente,2025-06-01,1,15,15,34560,Comércio,Baixa,pouco provável
c5759b61-8617-430d-8e70-51ddc330b992,Análise de Perfil,Análise de Perfil,2025-06-07,1,13,13,37960,Saúde,Média,pouco provável
7c70fafb-8999-48dd-b310-89274bbeb2df,Análise de Perfil,Conversa com o Cliente,2025-04-16,1,14,14,19117,Serviços,Alta,muito provável
435ddf98-4111-4456-bd4a-b04c16b47e02,Análise de Perfil,Conversa com o Cliente,2025-09-05,1,15,15,15272,Saúde,Média,provável
c96563e1-8f19-48f0-b747-a5660c3e72a1,Análise de Perfil,Análise de Perfil,2025-05-20,1,1,1,20893,Serviços,Baixa,pouco provável
4785f9fc-19b3-4d66-bb02-592f79b87e05,Análise de Perfil,Conversa com o Cliente,2025-04-23,1,6,6,41736,Indústria,Média,pouco provável
e2bdc7ca-04b4-4fa9-ab17-ffff33c95ceb,Análise de Perfil,Análise de Perfil,2025-09-13,1,6,6,32192,Tecnologia,Média,provável
9b8a6ee8-78a0-473e-ab70-7b2b4a6ee7f6,Análise de Perfil,Conversa com o Cliente,2025-01-13,1,6,6,48167,Saúde,Baixa,pouco provável
1dd3208f-cfe6-4600-867b-ae3c699b13d7,Análise de Perfil,Conversa com o Cliente,2025-11-26,1,11,11,22641,Indústria,Média,pouco provável
c99b784c-c4a1-491f-9997-1dea7b9258fc,Análise de Perfil,Conversa com o Cliente,2025-10-17,1,1,1,29022,Serviços,Baixa,pouco provável
43025712-e210-468c-824a-3616925d12c8,Análise de Perfil,Conversa com o Cliente,2025-01-20,1,4,4,40230,Educação,Alta,muito provável
76812937-7a73-4e6a-9910-8f13e0121124,Análise de Perfil,Conversa com o Cliente,2025-10-12,1,6,6,20263,Serviços,Média,provável
33f36ad9-691b-4496-9aac-886f0dd9408a,Análise de Perfil,Conversa com o Cliente,2025-10-09,1,5,5,5348,Tecnologia,Alta,muito provável
b0ae1406-0b10-41a0-9563-0d9391539bb9,Análise de Perfil,Análise de Perfil,2025-11-11,1,14,14,36048,Tecnologia,Média,pouco provável
0c4f3204-d598-44f5-b538-24d367d1666d,Análise de Perfil,Conversa com o Cliente,2025-02-27,1,6,6,29993,Indústria,Alta,provável
c23a5848-279e-4e3d-a0df-c8efdef6fff6,Análise de Perfil,Conversa com o Cliente,2025-08-15,1,1,1,6951,Comércio,Média,pouco provável
837d0a5f-3808-4e85-a61b-2382ef04690e,Análise de Perfil,Conversa com o Cliente,2025-08-02,1,10,10,27709,Educação,Baixa,pouco provável
d578d108-c73c-4acf-bfa1-8349f485d075,Análise de Perfil,Conversa com o Cliente,2025-01-10,1,4,4,10250,Saúde,Média,provável
23858f49-8032-400e-8717-2f4cdce7dd95,Análise de Perfil,Análise de Perfil,2025-07-25,1,15,15,40972,Educação,Média,provável
4ed69dc2-55d5-4333-9bd8-5bf4e6f56c32,Análise de Perfil,Análise de Perfil,2025-02-12,1,7,7,23428,Serviços,Baixa,pouco provável
91fe6844-a173-47d6-a849-b7911b91bcd8,Análise de Perfil,Conversa com o Cliente,2025-01-30,1,2,2,12206,Tecnologia,Média,provável
af524df2-0dc7-496a-a96b-5fe1be3d1c2b,Análise de Perfil,Análise de Perfil,2025-04-21,1,1,1,44813,Comércio,Média,pouco provável
f7517b7b-15e7-4155-8012-712530644b4e,Análise de Perfil,Conversa com o Cliente,2025-09-18,1,2,2,9598,Comércio,Média,provável
730725e1-960a-4078-b19e-2ec3d43f7f92,Análise de Perfil,Análise de Perfil,2025-06-04,1,2,2,32023,Comércio,Média,pouco provável
fd714b48-dbb5-41cc-8042-cf7920375fa1,Análise de Perfil,Conversa com o Cliente,2025-04-13,1,3,3,9203,Educação,Alta,muito provável
bc7bc433-f100-4fbd-ad29-f218748e2dd2,Análise de Perfil,Conversa com o Cliente,2025-02-17,1,2,2,41672,Comércio,Média,provável
1e0e66b3-1967-4888-a498-c9e07abacd9c,Análise de Perfil,Análise de Perfil,2025-09-03,1,9,9,10014,Serviços,Baixa,pouco provável
f04f0978-f1e4-48f3-bfac-035d02100883,Análise de Perfil,Conversa com o Cliente,2025-07-11,1,15,15,18323,Indústria,Baixa,pouco provável
3b71a670-10ca-4b87-a042-e22ea22c3e55,Análise de Perfil,Conversa com o Cliente,2025-11-27,1,11,11,35602,Comércio,Média,pouco provável
c049b3b3-6a89-453f-9748-3c82ef69a4cd,Análise de Perfil,Conversa com o Cliente,2025-01-31,1,7,7,20714,Educação,Média,pouco provável
1b0f331d-5640-4ea2-9e2e-0e7589649de7,Análise de Perfil,Conversa com o Cliente,2025-10-04,1,7,7,34657,Comércio,Média,pouco provável
38e2c674-be8f-450b-a113-40e9e93cde20,Análise de Perfil,Conversa com o Cliente,2025-03-03,1,15,15,15179,Tecnologia,Alta,provável
197fcb69-1130-45a5-ac5e-5b5167fce1b5,Análise de Perfil,Conversa com o Cliente,2025-04-06,1,4,4,49609,Saúde,Baixa,pouco provável
cfa4f3d7-7396-4623-b288-0aa460594baa,Análise de Perfil,Análise de Perfil,2025-08-22,1,1,1,10182,Indústria,Baixa,pouco provável
45151c35-8a7e-423f-bf40-7dff20fa81b6,Análise de Perfil,Conversa com o Cliente,2025-01-03,1,2,2,19084,Comércio,Média,provável
001b9655-da85-4117-bd19-f6d2b3d461d8,Análise de Perfil,Análise de Perfil,2025-06-20,1,10,10,9082,Saúde,Média,provável
53ace879-8719-46e6-92d4-e328cb017d0d,Análise de Perfil,Análise de Perfil,2025-09-04,1,9,9,41296,Saúde,Alta,provável
d1dd7140-518d-4eb2-9c88-34d7098c5f02,Análise de Perfil,Análise de Perfil,2025-04-27,1,5,5,46801,Educação,Alta,provável
5741c4f8-24e5-475d-b1ff-79df0b0f4833,Análise de Perfil,Análise de Perfil,2025-07-20,1,7,7,22044,Tecnologia,Baixa,pouco provável
5a119ec1-593c-4b89-b2fd-b088f0878e79,Análise de Perfil,Conversa com o Cliente,2025-06-07,1,5,5,10982,Serviços,Alta,provável
a1fabf4a-53fa-4762-988a-4c49df26915b,Análise de Perfil,Conversa com o Cliente,2025-03-24,1,12,12,36219,Serviços,Média,pouco provável
d4029f60-a001-4167-b340-736bebee2cc3,Análise de Perfil,Conversa com o Cliente,2025-02-04,1,1,1,13469,Tecnologia,Baixa,pouco provável
8c26bf48-0714-4053-8f22-b90783bf8c2a,Análise de Perfil,Conversa com o Cliente,2025-04-25,1,7,7,35661,Tecnologia,Alta,muito provável
07951f37-2f5c-4afc-8ec9-b76f13865bb7,Análise de Perfil,Conversa com o Cliente,2025-08-26,1,2,2,26838,Indústria,Baixa,pouco provável
9404d155-a0a8-4597-a1c4-2c2f087cc0ba,Análise de Perfil,Conversa com o Cliente,2025-07-30,1,8,8,18898,Educação,Alta,provável
41605c1c-d022-43ac-b670-3c6c23107373,Análise de Perfil,Conversa com o Cliente,2025-09-20,1,10,10,38138,Tecnologia,Média,provável
524a2734-83a5-4ea3-a2e5-543768a83e79,Análise de Perfil,Análise de Perfil,2025-01-28,1,12,12,14072,Educação,Alta,provável
41420ac0-8e0c-48ea-bea3-fe0fb91391bc,Análise de Perfil,Conversa com o Cliente,2025-08-28,1,1,1,43289,Comércio,Média,pouco provável
b051a7db-f47e-472a-affe-b67ec8810325,Análise de Perfil,Conversa com o Cliente,2025-06-22,1,12,12,31389,Indústria,Alta,provável
79663a8f-c409-46b2-bffc-a386c01b0e03,Análise de Perfil,Conversa com o Cliente,2025-10-23,1,2,2,43389,Indústria,Média,provável
1fb4f807-e97e-4f43-81e2-799179140187,Análise de Perfil,Conversa com o Cliente,2025-06-25,1,13,13,6285,Educação,Média,provável
34227f1f-4c77-494f-8ed8-d5abd589e35a,Análise de Perfil,Conversa com o Cliente,2025-04-09,1,1,1,11129,Indústria,Média,provável
c955c929-345a-43c4-875c-ed192b6c3878,Análise de Perfil,Análise de Perfil,2025-01-25,1,7,7,46545,Tecnologia,Alta,provável
b20ad176-3527-4ec3-87f7-4ea90bbd13a4,Análise de Perfil,Conversa com o Cliente,2025-08-29,1,4,4,31250,Serviços,Baixa,pouco provável
1bdf321e-ab73-4141-b98e-1de145d12381,Análise de Perfil,Conversa com o Cliente,2025-11-06,1,10,10,48042,Tecnologia,Alta,provável
b4b5e936-f18f-4410-bd61-11ac70f1e4e7,Análise de Perfil,Conversa com o Cliente,2025-05-09,1,12,12,7615,Educação,Média,provável
3cd2d546-a238-42cb-a108-f46b9dd4c7e6,Análise de Perfil,Conversa com o Cliente,2025-04-23,1,12,12,43747,Comércio,Média,provável
ef35b8e6-1f0f-40ec-ac1d-9e44713c85a8,Análise de Perfil,Análise de Perfil,2025-06-09,1,1,1,44605,Tecnologia,Baixa,pouco provável
3bcb188e-ea51-4877-a820-e69d1e07e0ee,Análise de Perfil,Conversa com o Cliente,2025-03-15,1,3,3,43383,Indústria,Média,provável
d30748da-3c52-4bd1-8287-1e874a131990,Análise de Perfil,Análise de Perfil,2025-01-26,1,6,6,47720,Indústria,Baixa,pouco provável
7c93a564-af12-46ee-b467-babe16d0c3ec,Análise de Perfil,Conversa com o Cliente,2025-03-07,1,14,14,36318,Comércio,Média,provável
3f1c473f-76ca-4a58-a523-e8f2aba786b0,Análise de Perfil,Conversa com o Cliente,2025-01-12,1,2,2,26776,Educação,Alta,provável
250f6402-7847-43ce-9a04-0e542c523695,Análise de Perfil,Conversa com o Cliente,2025-02-27,1,12,12,48716,Tecnologia,Média,pouco provável
0eba0c2a-23ec-40f0-928d-837c654d1951,Análise de Perfil,Conversa com o Cliente,2025-05-17,1,12,12,21949,Comércio,Média,pouco provável
b89585bd-b267-4077-ac98-ba43375ceaeb,Análise de Perfil,Conversa com o Cliente,2025-07-06,1,9,9,22115,Saúde,Alta,provável
3d3ea1de-0635-4363-9832-c9fdabedea9c,Análise de Perfil,Conversa com o Cliente,2025-10-11,1,7,7,33674,Indústria,Alta,provável
e084829b-3f90-4ca8-9ba5-d6fa04f87b00,Análise de Perfil,Conversa com o Cliente,2025-07-30,1,13,13,22207,Educação,Alta,muito provável
7868153f-0cff-4884-b5f1-b406c3889864,Análise de Perfil,Análise de Perfil,2025-02-21,1,7,7,46100,Saúde,Média,provável
43a7bf22-1fb7-4939-b986-ad7b9d5c3028,Análise de Perfil,Conversa com o Cliente,2025-10-19,1,1,1,5933,Saúde,Baixa,pouco provável
276c5cea-4801-467a-a402-8ac73f71af23,Análise de Perfil,Conversa com o Cliente,2025-04-16,1,15,15,27573,Saúde,Média,provável
1dc6e9b2-1088-40ee-8c41-70d53753b574,Análise de Perfil,Conversa com o Cliente,2025-08-25,1,2,2,28347,Tecnologia,Baixa,pouco provável
95c0a881-c4c7-44e1-8a1a-9ee8126a6e24,Análise de Perfil,Conversa com o Cliente,2025-07-18,1,11,11,27819,Educação,Média,pouco provável
ecfb20d4-5324-4b8a-b325-1c665d6ff91e,Análise de Perfil,Análise de Perfil,2025-03-31,1,8,8,41713,Saúde,Média,provável
96bcf5a7-27e6-4a42-9efc-0e0ecaa4223b,Análise de Perfil,Conversa com o Cliente,2025-11-14,1,11,11,37151,Comércio,Baixa,pouco provável
e0718e55-f744-47cf-831a-eacc99eff337,Análise de Perfil,Conversa com o Cliente,2025-10-27,1,6,6,23012,Comércio,Média,provável
5ef4d44f-b007-455d-abf5-5d907505ac1d,Análise de Perfil,Conversa com o Cliente,2025-09-13,1,7,7,12388,Indústria,Baixa,pouco provável
ce71a1eb-58ca-4003-b10c-981177a55848,Análise de Perfil,Conversa com o Cliente,2025-03-24,1,6,6,33839,Serviços,Alta,muito provável
ef636e2d-07a0-43d9-97aa-e6e09c84162b,Análise de Perfil,Conversa com o Cliente,2025-03-05,1,10,10,47911,Comércio,Alta,provável
c003ab0d-d69b-4d70-9cc7-ba5e73bda585,Análise de Perfil,Conversa com o Cliente,2025-05-24,1,6,6,14173,Comércio,Alta,muito provável
d8f4368d-0abe-4fa7-bab3-6d87769f56d5,Análise de Perfil,Análise de Perfil,2025-03-26,1,5,5,33633,Tecnologia,Média,pouco provável
f1e00e9d-97bf-4fe2-8365-bed87d061b5c,Análise de Perfil,Conversa com o Cliente,2025-01-24,1,8,8,29877,Serviços,Baixa,pouco provável
77f91dcf-178b-4924-83eb-1f799cfad8e0,Análise de Perfil,Conversa com o Cliente,2025-09-04,1,9,9,38532,Educação,Alta,provável
2cc81361-510c-4fef-8a0f-a0d182bea94a,Análise de Perfil,Análise de Perfil,2025-02-20,1,9,9,6338,Indústria,Média,pouco provável
946fdac4-ea70-4ca8-a423-8e090b64e28f,Análise de Perfil,Conversa com o Cliente,2025-08-12,1,15,15,10265,Saúde,Baixa,pouco provável
4d91791f-8f02-4e9b-8bf5-12a2283eb599,Análise de Perfil,Conversa com o Cliente,2025-11-27,1,13,13,23355,Tecnologia,Baixa,pouco provável
37fd3222-3160-4685-a54d-1ec2f0572190,Análise de Perfil,Conversa com o Cliente,2025-06-04,1,3,3,13875,Indústria,Baixa,pouco provável
9cb5d142-15bf-485c-9039-ff45e3e69b2a,Análise de Perfil,Conversa com o Cliente,2025-02-25,1,5,5,42779,Saúde,Alta,muito provável
bf54d89a-fe1b-403b-beb6-e50625f55456,Análise de Perfil,Conversa com o Cliente,2025-01-27,1,8,8,6083,Serviços,Baixa,pouco provável
98c59f08-8b47-4c1a-a153-22ab292b97ae,Análise de Perfil,Análise de Perfil,2025-03-30,1,12,12,46268,Educação,Média,pouco provável
8b925166-a6dd-43c0-b63d-1dcdede4912d,Análise de Perfil,Conversa com o Cliente,2025-09-15,1,12,12,38107,Tecnologia,Média,provável
6e0d9737-05dc-47c5-ac12-e439287d40d9,Análise de Perfil,Análise de Perfil,2025-12-02,1,7,7,28288,Tecnologia,Alta,muito provável
05e03094-2939-457a-84f9-77f4dca34f5e,Análise de Perfil,Conversa com o Cliente,2025-02-07,1,12,12,7729,Educação,Baixa,pouco provável
b6f13038-4786-4054-9204-ee95cac7aca8,Análise de Perfil,Conversa com o Cliente,2025-10-11,1,9,9,25392,Serviços,Média,pouco provável
f904475f-a909-45aa-a210-f10639a853a3,Análise de Perfil,Conversa com o Cliente,2025-07-25,1,10,10,18678,Educação,Baixa,pouco provável
4919b3e9-0d34-4eca-a758-2f0dc9d137a8,Análise de Perfil,Conversa com o Cliente,2025-08-27,1,5,5,15771,Serviços,Baixa,pouco provável
17aa4699-52c2-4e2c-b993-9bb2c3b87161,Análise de Perfil,Conversa com o Cliente,2025-11-23,1,3,3,6856,Comércio,Média,pouco provável
b693dbab-c12d-47cb-aace-9f6a0f0a83f1,Análise de Perfil,Conversa com o Cliente,2025-02-05,1,14,14,22798,Saúde,Média,pouco provável
02a04c93-fd0a-44cf-b4bb-225d50d74b94,Análise de Perfil,Conversa com o Cliente,2025-03-16,1,4,4,45068,Serviços,Média,provável
4ce32953-764d-47f5-bf8e-6fcd80434274,Análise de Perfil,Conversa com o Cliente,2025-03-09,1,5,5,41639,Comércio,Baixa,pouco provável
585c33ff-2561-434e-9a12-5b94ca473d4b,Análise de Perfil,Conversa com o Cliente,2025-01-25,1,12,12,34733,Indústria,Média,provável
727c7161-63b4-409e-8c23-ce03434fae71,Análise de Perfil,Conversa com o Cliente,2025-05-26,1,6,6,46434,Educação,Média,pouco provável
6dad4a7c-cb32-4ba4-ac3b-ed6b91dd3b33,Análise de Perfil,Conversa com o Cliente,2025-08-09,1,14,14,25842,Comércio,Média,provável
fa520450-86b0-4e3b-9428-e5ecb79a2368,Análise de Perfil,Conversa com o Cliente,2025-01-13,1,1,1,18910,Comércio,Baixa,pouco provável
ae944df2-598e-40b1-9e6a-10614a7a049b,Análise de Perfil,Conversa com o Cliente,2025-07-29,1,14,14,19318,Tecnologia,Média,provável
e2a29d1e-a99e-4e04-afa8-0a5f72bb9f3c,Análise de Perfil,Análise de Perfil,2025-11-04,1,15,15,24286,Indústria,Média,provável
f34ad73c-3356-429c-bef3-65afff362ced,Análise de Perfil,Análise de Perfil,2025-05-21,1,12,12,36841,Indústria,Baixa,pouco provável
fd57ce77-2356-4a09-b012-a8d468570f18,Análise de Perfil,Conversa com o Cliente,2025-09-03,1,1,1,5613,Educação,Alta,provável
df8e06db-19b2-4c02-8212-82b20756f932,Análise de Perfil,Análise de Perfil,2025-04-05,1,1,1,20423,Saúde,Média,pouco provável
80ed8763-b027-4d18-9354-7627bf25aa09,Análise de Perfil,Conversa com o Cliente,2025-05-08,1,3,3,18727,Serviços,Média,provável
7d762cdd-3fd4-4e6e-8471-c84f029a7a18,Análise de Perfil,Conversa com o Cliente,2025-10-05,1,11,11,10163,Indústria,Média,pouco provável
06d0c54a-05db-463c-8b96-f7dac49927e1,Análise de Perfil,Análise de Perfil,2025-08-08,1,5,5,9986,Tecnologia,Alta,provável
af472283-67b0-4cac-bfb1-d2a94fe38d54,Análise de Perfil,Análise de Perfil,2025-05-19,1,11,11,46425,Saúde,Baixa,pouco provável
b3b69528-5cc3-462e-8560-405c4f3d6569,Análise de Perfil,Conversa com o Cliente,2025-09-24,1,11,11,37662,Tecnologia,Alta,provável
5ecfab23-ca77-405e-9572-d9bc09d93aba,Análise de Perfil,Conversa com o Cliente,2025-08-24,1,3,3,29146,Saúde,Média,provável
621a1029-c4a2-4f62-9f7a-47415ad29d71,Análise de Perfil,Conversa com o Cliente,2025-07-29,1,8,8,16556,Saúde,Média,provável
e21c2820-6548-4509-8901-850cb0ca13d6,Análise de Perfil,Conversa com o Cliente,2025-03-26,1,12,12,10925,Saúde,Média,provável
b9120b7a-731f-4510-aaf0-9e0f5fc8ccda,Análise de Perfil,Análise de Perfil,2025-02-20,1,5,5,31928,Saúde,Alta,provável
f77f58c1-5046-4ed5-ba80-82a6eeb84059,Análise de Perfil,Conversa com o Cliente,2025-06-29,1,14,14,18206,Saúde,Alta,muito provável
403d0133-6cba-477a-9245-2b0653cae4f4,Análise de Perfil,Conversa com o Cliente,2025-01-06,1,4,4,43468,Indústria,Média,pouco provável
18f0ba33-562f-4c18-84b5-263690e5f1dd,Análise de Perfil,Conversa com o Cliente,2025-10-31,1,11,11,25651,Indústria,Baixa,pouco provável
e821f5be-7d94-44f8-8b0d-2a7ae803116a,Análise de Perfil,Análise de Perfil,2025-06-27,1,14,14,28911,Indústria,Alta,provável
2c7cf006-73ed-49f1-8825-bf10eda4b83c,Análise de Perfil,Conversa com o Cliente,2025-06-27,1,13,13,32809,Comércio,Média,provável
34759ccc-3e07-4b75-9818-a3fa1c5de17a,Análise de Perfil,Conversa com o Cliente,2025-08-13,1,9,9,32001,Indústria,Média,pouco provável
ee91a450-6739-4feb-8ae5-74ba8c54920f,Análise de Perfil,Conversa com o Cliente,2025-01-25,1,3,3,34221,Tecnologia,Média,provável
9aa58a29-f877-49a1-942e-9b42129a41f0,Análise de Perfil,Conversa com o Cliente,2025-03-01,1,5,5,19965,Educação,Média,pouco provável
2b8afeb0-4f63-45c9-9f11-1fe2a7261ce8,Análise de Perfil,Conversa com o Cliente,2025-06-07,1,15,15,12332,Serviços,Baixa,pouco provável
94558678-b4ea-4835-8fe8-c0542227cf37,Análise de Perfil,Conversa com o Cliente,2025-03-24,1,14,14,40350,Indústria,Média,pouco provável
c8cc19fc-081f-4e1d-b57a-8026adbf1d56,Análise de Perfil,Conversa com o Cliente,2025-06-28,1,10,10,40963,Saúde,Alta,provável
23aff715-830c-47e2-8465-61d4c133c522,Análise de Perfil,Análise de Perfil,2025-10-31,1,5,5,46377,Tecnologia,Média,provável
d12e4925-d736-407e-bbe8-499053b5abe4,Análise de Perfil,Conversa com o Cliente,2025-05-18,1,11,11,46040,Comércio,Média,pouco provável
2a95949a-ef9c-4c0e-808e-10a305379d15,Análise de Perfil,Conversa com o Cliente,2025-02-14,1,12,12,31257,Serviços,Média,pouco provável
5e6e0c9d-2cbb-4abe-a818-7206455bdbdc,Análise de Perfil,Análise de Perfil,2025-10-31,1,10,10,26465,Tecnologia,Alta,provável
eabce036-3b84-43d5-99fa-7d3890c21ba6,Análise de Perfil,Conversa com o Cliente,2025-11-18,1,3,3,45970,Saúde,Baixa,pouco provável
53dd610d-6396-474c-b782-66d63481ca05,Análise de Perfil,Conversa com o Cliente,2025-04-10,1,1,1,31517,Indústria,Média,provável
9f2ff819-394c-4c36-b3c0-47fc9b382378,Análise de Perfil,Conversa com o Cliente,2025-09-10,1,1,1,26934,Saúde,Média,provável
a6a751d5-6958-49f3-905e-b3c39807fd95,Análise de Perfil,Conversa com o Cliente,2025-03-12,1,3,3,17189,Comércio,Média,pouco provável
88650417-f451-4d55-b590-5314961339c3,Análise de Perfil,Conversa com o Cliente,2025-12-10,1,14,14,30855,Serviços,Alta,provável
e24479b9-8a4e-4c9d-889b-35144ae5aa89,Análise de Perfil,Conversa com o Cliente,2025-08-06,1,11,11,20094,Comércio,Alta,provável
5124a6d3-d08d-4c3f-94a9-fd1346d40021,Análise de Perfil,Conversa com o Cliente,2025-05-03,1,5,5,19730,Comércio,Alta,provável
079b023f-cd6d-4394-9a6f-94844a6c30e5,Análise de Perfil,Análise de Perfil,2025-05-19,1,4,4,15225,Serviços,Média,pouco provável
adc2169e-eecf-4dd1-9fed-69198bbcbc58,Análise de Perfil,Conversa com o Cliente,2025-11-27,1,10,10,47711,Serviços,Baixa,pouco provável
da333131-de08-4fff-b30b-cdfb4861e709,Análise de Perfil,Conversa com o Cliente,2025-03-03,1,6,6,9067,Indústria,Baixa,pouco provável
3e4f56a7-799f-43ce-b2ee-5ad1bc3995e7,Análise de Perfil,Conversa com o Cliente,2025-08-14,1,10,10,32797,Educação,Média,pouco provável
9c896ecf-c6fe-42cf-9449-338b92fa2c5a,Análise de Perfil,Conversa com o Cliente,2025-02-20,1,5,5,24268,Comércio,Alta,provável
927499a2-9e0d-4c3a-aa0a-61ac8e946038,Análise de Perfil,Conversa com o Cliente,2025-05-24,1,7,7,28373,Comércio,Média,provável
b6b45ad1-b8a8-4a94-ad49-20ebf312e906,Análise de Perfil,Conversa com o Cliente,2025-06-29,1,12,12,48086,Comércio,Baixa,pouco provável
0ebd9b14-1dd0-4220-9a0c-ca8c1ba48244,Análise de Perfil,Conversa com o Cliente,2025-05-02,1,14,14,7939,Serviços,Baixa,pouco provável
0cb20ab5-d2fc-4912-9f93-19b0ed334913,Análise de Perfil,Conversa com o Cliente,2025-12-05,1,13,13,6050,Saúde,Alta,muito provável
8ceb8b70-c555-44d6-9b79-3b4bcb041665,Análise de Perfil,Conversa com o Cliente,2025-01-09,1,6,6,48003,Serviços,Alta,provável
326a7dc6-cc4c-4785-8f13-13eddc0e9456,Análise de Perfil,Conversa com o Cliente,2025-07-29,1,15,15,7967,Serviços,Alta,provável
28f55159-63d7-48d5-b47e-b6e4bd7ca566,Análise de Perfil,Conversa com o Cliente,2025-06-24,1,1,1,35582,Tecnologia,Baixa,pouco provável
f03da077-7724-4b65-af15-a5ccd4796748,Análise de Perfil,Análise de Perfil,2025-10-05,1,11,11,5190,Serviços,Alta,provável
132889f3-af62-42b2-90b2-a8f86a4b7ad2,Análise de Perfil,Conversa com o Cliente,2025-03-29,1,7,7,40347,Comércio,Média,provável
b2a1b8be-08f8-4cde-850c-c7f9e7247c60,Análise de Perfil,Conversa com o Cliente,2025-09-09,1,3,3,45268,Indústria,Baixa,pouco provável
e820de5c-6ff4-4df1-bc91-b8a96312b08e,Análise de Perfil,Análise de Perfil,2025-01-19,1,1,1,23161,Educação,Média,provável
70efe6d6-e424-4ffe-8aaf-df4f1b1525dd,Análise de Perfil,Conversa com o Cliente,2025-05-18,1,3,3,29766,Serviços,Média,provável
ebd2e7ae-273b-45de-ad40-2f7f77d4e6f3,Análise de Perfil,Análise de Perfil,2025-10-25,1,12,12,37359,Serviços,Alta,provável
086fffbf-c5e1-4007-b3f4-1e461947d3d6,Análise de Perfil,Análise de Perfil,2025-05-18,1,3,3,37721,Serviços,Média,provável
8c507c3e-8625-4758-bf25-bc24291d6ac5,Análise de Perfil,Análise de Perfil,2025-10-16,1,8,8,8911,Educação,Média,provável
6c186a92-bb43-4baf-97e7-ef9555a56d12,Análise de Perfil,Análise de Perfil,2025-07-27,1,10,10,35599,Indústria,Média,pouco provável
043a5c37-95c7-4e66-b802-68cdf0724c0b,Análise de Perfil,Análise de Perfil,2025-06-25,1,12,12,39502,Tecnologia,Alta,provável
6bb546ad-505a-4581-bff3-998082229fb3,Análise de Perfil,Conversa com o Cliente,2025-07-06,1,3,3,6230,Educação,Alta,provável
7d0892e8-e27d-46b7-a2b0-9fd6cb55dea5,Análise de Perfil,Análise de Perfil,2025-08-26,1,7,7,39557,Tecnologia,Alta,muito provável
3e65e02f-58ea-49c2-8c01-51b6bd39d6b3,Análise de Perfil,Conversa com o Cliente,2025-01-27,1,15,15,16236,Saúde,Baixa,pouco provável
7e0597ee-4ad4-4c46-8ed0-1986df3e893a,Análise de Perfil,Conversa com o Cliente,2025-10-28,1,12,12,20127,Indústria,Alta,provável
f6402441-233c-4378-9fba-2b87f4ab0e96,Análise de Perfil,Conversa com o Cliente,2025-05-07,1,6,6,20385,Comércio,Alta,muito provável
3a6bddbd-ac6b-40bc-b4ec-31c5a69ac418,Análise de Perfil,Análise de Perfil,2025-11-21,1,14,14,23867,Comércio,Média,provável
932abd3c-7456-475e-9694-3ad08666d9e3,Análise de Perfil,Análise de Perfil,2025-07-22,1,13,13,38178,Comércio,Média,provável
adb242df-ed06-4b1f-b52e-3a6ec596436c,Análise de Perfil,Conversa com o Cliente,2025-10-29,1,6,6,27328,Tecnologia,Média,pouco provável
5dae8d15-2f92-4093-9948-eb69e81d06a3,Análise de Perfil,Análise de Perfil,2025-09-13,1,1,1,33237,Serviços,Média,provável
266fd63f-a406-413b-b2b8-545b68f930c3,Análise de Perfil,Conversa com o Cliente,2025-06-14,1,12,12,22354,Saúde,Baixa,pouco provável
6d72f97b-4f73-4266-b861-acba8841f93b,Análise de Perfil,Conversa com o Cliente,2025-05-28,1,15,15,5931,Tecnologia,Média,pouco provável
c1e51661-2daf-48bc-a875-b7fd8979e2c6,Análise de Perfil,Conversa com o Cliente,2025-05-11,1,7,7,28126,Saúde,Média,pouco provável
a48c94db-4470-4762-8d93-96d5d1492902,Análise de Perfil,Conversa com o Cliente,2025-08-26,1,15,15,6965,Serviços,Alta,provável
96772dbb-cbb7-4b50-9f66-25c2639ca25e,Análise de Perfil,Análise de Perfil,2025-05-08,1,1,1,29599,Saúde,Baixa,pouco provável
bd02f582-f287-43ca-bb22-5faa7a11e529,Análise de Perfil,Análise de Perfil,2025-03-28,1,14,14,42704,Educação,Média,provável
8a4707f0-a61e-4c8c-9967-d31d3d659355,Análise de Perfil,Análise de Perfil,2025-05-23,1,3,3,20356,Saúde,Média,provável
71f2a2e9-49ce-4524-a013-c8226715f139,Análise de Perfil,Análise de Perfil,2025-05-21,1,6,6,49922,Indústria,Média,provável
ec0b1dd2-03c6-4a48-804b-02e0c0750862,Análise de Perfil,Conversa com o Cliente,2025-08-28,1,2,2,16710,Tecnologia,Média,provável
a80407ea-8dd2-4428-90e7-556f5b69cfaf,Análise de Perfil,Conversa com o Cliente,2025-08-27,1,14,14,36832,Comércio,Média,provável
cea4e8c7-1926-4a27-a3b2-0e19033ca374,Análise de Perfil,Análise de Perfil,2025-09-29,1,13,13,22673,Tecnologia,Média,pouco provável
7ae049f0-d128-4455-ba3b-83fc7a1bb4e9,Análise de Perfil,Conversa com o Cliente,2025-09-30,1,3,3,30438,Saúde,Alta,muito provável
f602cd90-8768-4e24-8c7c-ad1a868576d5,Análise de Perfil,Análise de Perfil,2025-08-21,1,10,10,41628,Indústria,Média,provável
05ed29b0-2f0f-4e45-9eea-08fa0df3eb0a,Análise de Perfil,Análise de Perfil,2025-04-13,1,3,3,49505,Serviços,Baixa,pouco provável
cf6727d5-4bca-4855-a7fb-683aee360b9c,Análise de Perfil,Conversa com o Cliente,2025-02-23,1,6,6,35973,Saúde,Alta,provável
e9afac95-fa3d-410e-843c-c82fc39bfd49,Análise de Perfil,Conversa com o Cliente,2025-03-24,1,3,3,29837,Serviços,Baixa,pouco provável
4d8713e2-2315-47ff-a967-1a5f6249ee71,Análise de Perfil,Análise de Perfil,2025-09-01,1,14,14,20383,Tecnologia,Baixa,pouco provável
187c208a-2358-43e9-aa7a-99be5569cbf5,Análise de Perfil,Análise de Perfil,2025-04-26,1,4,4,5380,Comércio,Média,provável
30880714-4be2-4279-801d-d0c78e0d4bf9,Análise de Perfil,Conversa com o Cliente,2025-10-12,1,15,15,23098,Serviços,Média,pouco provável
6ab59318-f158-4166-bc01-7e8b151413a3,Análise de Perfil,Análise de Perfil,2025-05-19,1,4,4,39462,Indústria,Alta,provável
f4b99889-115c-4688-b3a8-fec8543edccf,Análise de Perfil,Conversa com o Cliente,2025-07-05,1,10,10,12257,Tecnologia,Baixa,pouco provável
cebfa2b6-d136-46fc-8e7d-6a2511f77b74,Análise de Perfil,Conversa com o Cliente,2025-05-23,1,11,11,14077,Tecnologia,Média,provável
4adf6d43-37ac-44fe-993e-27158140fbf1,Análise de Perfil,Conversa com o Cliente,2025-12-03,1,10,10,9261,Comércio,Média,pouco provável
94a9a738-aa29-469b-b2d6-7cbb1fcdc097,Análise de Perfil,Conversa com o Cliente,2025-09-29,1,10,10,25090,Tecnologia,Alta,muito provável
e872713a-077c-4520-afdc-5dbf1828ade4,Análise de Perfil,Análise de Perfil,2025-10-29,1,2,2,43202,Comércio,Média,pouco provável
cfe36df9-6c15-497e-92ef-1bc17c1ea504,Análise de Perfil,Conversa com o Cliente,2025-07-25,1,13,13,19503,Educação,Média,provável
616268f3-3c94-47e0-a8bd-f000cbc313b2,Análise de Perfil,Conversa com o Cliente,2025-05-21,1,13,13,10296,Comércio,Baixa,pouco provável
aee65933-ac05-4813-9c44-d288a72112d5,Análise de Perfil,Conversa com o Cliente,2025-07-23,1,7,7,12190,Comércio,Alta,muito provável
6dca0fde-5bbb-4ddc-8ec8-d939320cf444,Análise de Perfil,Conversa com o Cliente,2025-10-13,1,9,9,22024,Serviços,Média,provável
61d8562a-2872-44a5-a9f1-51775bb26893,Análise de Perfil,Conversa com o Cliente,2025-05-15,1,5,5,17803,Educação,Alta,provável
e083b21b-fc9a-4ab7-989c-dc82bc1c88e9,Análise de Perfil,Análise de Perfil,2025-01-27,1,12,12,32929,Indústria,Baixa,pouco provável
8fc9b7df-34ca-4ce3-948d-9aa4398815fc,Análise de Perfil,Conversa com o Cliente,2025-08-03,1,6,6,26284,Indústria,Média,pouco provável
be558c92-0a0d-4633-a0c2-897c40f5c263,Análise de Perfil,Conversa com o Cliente,2025-06-21,1,3,3,46346,Saúde,Baixa,pouco provável
a32746dc-d93d-457d-9e2d-0f88d16a095a,Análise de Perfil,Conversa com o Cliente,2025-08-28,1,15,15,41319,Indústria,Média,provável
bd687617-6454-4bb2-a751-e625819385fe,Análise de Perfil,Conversa com o Cliente,2025-06-16,1,14,14,15567,Serviços,Média,pouco provável
5dcedd73-d1e0-4568-9451-b61934d56bc1,Análise de Perfil,Conversa com o Cliente,2025-05-26,1,13,13,19463,Educação,Alta,provável
e6a2e372-44fa-41d9-802c-f7a72ac09a39,Análise de Perfil,Conversa com o Cliente,2025-07-28,1,2,2,38676,Saúde,Alta,provável
326b612d-c467-4a9c-a020-71da1a0043c5,Análise de Perfil,Conversa com o Cliente,2025-06-26,1,13,13,48923,Educação,Baixa,pouco provável
0e0cd1b1-40b2-4af5-a249-444d844153e3,Análise de Perfil,Conversa com o Cliente,2025-03-10,1,3,3,9862,Comércio,Baixa,pouco provável
126e79ae-4356-4add-8826-0389f4b7dfef,Análise de Perfil,Conversa com o Cliente,2025-10-12,1,4,4,36085,Comércio,Baixa,pouco provável
546d7a5e-426b-42b0-a737-b6b07140ac09,Análise de Perfil,Conversa com o Cliente,2025-10-29,1,9,9,18151,Educação,Alta,provável
8d70ad65-fb9e-4546-8f7b-25ea77e69987,Análise de Perfil,Conversa com o Cliente,2025-06-12,1,6,6,29756,Indústria,Média,pouco provável
11519046-acfa-4582-8e07-c4d7389d9edc,Análise de Perfil,Análise de Perfil,2025-06-09,1,14,14,37733,Educação,Alta,muito provável
cfa7b9e6-00d1-4acb-812c-cef86588f369,Análise de Perfil,Conversa com o Cliente,2025-10-14,1,4,4,47456,Tecnologia,Média,pouco provável
e50e9404-8ec9-4c63-b184-490383359099,Análise de Perfil,Conversa com o Cliente,2025-11-05,1,14,14,6634,Indústria,Alta,provável
b9ff6e65-fc2d-40c9-83db-f5356c2b5849,Análise de Perfil,Conversa com o Cliente,2025-06-18,1,8,8,27530,Comércio,Alta,provável
01b3faff-ad36-4a03-983d-bc5a81e535b1,Análise de Perfil,Análise de Perfil,2025-06-06,1,10,10,6803,Comércio,Baixa,pouco provável
816f6c98-ef8d-4f54-9b6e-8d888b1ceeaa,Análise de Perfil,Conversa com o Cliente,2025-09-27,1,4,4,47566,Educação,Média,pouco provável
d09c7710-9869-4b28-ba07-4b1fb62d6ec2,Análise de Perfil,Conversa com o Cliente,2025-05-15,1,12,12,17711,Tecnologia,Média,provável
202f4f29-b87a-4c6d-8c60-a2de598faaaf,Análise de Perfil,Conversa com o Cliente,2025-07-19,1,2,2,21257,Tecnologia,Média,provável
566a9111-a22e-4e76-a3bd-a121ef04af44,Análise de Perfil,Conversa com o Cliente,2025-11-19,1,12,12,19505,Tecnologia,Média,pouco provável
23d271a2-1621-4996-8a07-55637844e06a,Análise de Perfil,Conversa com o Cliente,2025-08-23,1,4,4,47003,Educação,Média,pouco provável
1561c87a-e683-4dee-9d2f-8c438967bb95,Análise de Perfil,Conversa com o Cliente,2025-08-16,1,8,8,36524,Tecnologia,Baixa,pouco provável
0228f29e-9bbe-4b12-9ee3-4f08be93cb57,Análise de Perfil,Conversa com o Cliente,2025-11-19,1,5,5,11915,Saúde,Média,provável
4d2b7b01-0e75-4117-8125-0dade3f308da,Análise de Perfil,Conversa com o Cliente,2025-10-17,1,1,1,10370,Saúde,Média,provável
f4a3f60a-07f9-4ad0-ab97-5c6901f5a7d9,Análise de Perfil,Conversa com o Cliente,2025-10-08,1,6,6,45329,Educação,Baixa,pouco provável
bc048870-05e0-45e8-8aae-a16bfd65e26e,Análise de Perfil,Análise de Perfil,2025-09-14,1,8,8,18021,Tecnologia,Baixa,pouco provável
e42afde8-a283-4a9a-b648-ff634dd43335,Análise de Perfil,Conversa com o Cliente,2025-10-24,1,10,10,40500,Tecnologia,Baixa,pouco provável
18299c05-4546-469f-bd46-728a04532025,Análise de Perfil,Conversa com o Cliente,2025-04-12,1,15,15,46060,Serviços,Alta,provável
5ff36116-d7a1-4714-af17-2094e403d489,Análise de Perfil,Análise de Perfil,2025-05-31,1,5,5,17770,Saúde,Média,provável
21ec9317-835e-443f-857e-2bc703a5303d,Análise de Perfil,Análise de Perfil,2025-10-24,1,4,4,13619,Indústria,Média,provável
c08b4ea2-f338-4d8b-9032-f6c74a287abc,Análise de Perfil,Conversa com o Cliente,2025-09-02,1,5,5,6719,Saúde,Baixa,pouco provável
45639081-d523-40e7-b583-39747b8f2711,Análise de Perfil,Análise de Perfil,2025-07-31,1,14,14,23685,Tecnologia,Baixa,pouco provável
5b2f00cc-de0d-4aa5-8871-b66de5fe434e,Análise de Perfil,Conversa com o Cliente,2025-09-28,1,7,7,41273,Indústria,Média,pouco provável
3e0dc0ee-4762-492d-875c-acfc63191d17,Análise de Perfil,Análise de Perfil,2025-03-04,1,2,2,26646,Serviços,Alta,provável
0a37607d-93be-4de8-828c-4bcf594d3dec,Análise de Perfil,Conversa com o Cliente,2025-10-16,1,15,15,25680,Saúde,Alta,muito provável
41647f84-ca2a-4600-afac-5962af7c20a5,Análise de Perfil,Conversa com o Cliente,2025-05-26,1,13,13,35358,Educação,Alta,provável
404ab494-59ae-48c5-a7b2-dc55ed13e51b,Análise de Perfil,Conversa com o Cliente,2025-08-25,1,2,2,16521,Comércio,Média,pouco provável
26df50d5-2668-4d1d-b26d-3e76aa22e05d,Análise de Perfil,Análise de Perfil,2025-09-26,1,5,5,39560,Indústria,Baixa,pouco provável
a24f6a86-c6ef-4bcf-b15a-fc8031cc191b,Análise de Perfil,Análise de Perfil,2025-07-29,1,6,6,49047,Educação,Média,pouco provável
c14727fc-b4e9-4f58-a8be-efc01c04304d,Análise de Perfil,Conversa com o Cliente,2025-05-08,1,15,15,49247,Comércio,Baixa,pouco provável
a7b418f9-bb9b-4357-bf0c-d2f32aaeeb66,Análise de Perfil,Análise de Perfil,2025-08-16,1,11,11,27043,Saúde,Média,pouco provável
f499265d-7bb0-4c20-9b7f-9c6f08e96866,Análise de Perfil,Análise de Perfil,2025-04-30,1,14,14,5166,Tecnologia,Alta,provável
b86c0a13-a310-42d5-9c20-e5cf5ba329f2,Análise de Perfil,Conversa com o Cliente,2025-02-25,1,12,12,39809,Tecnologia,Média,provável
3a9e75c4-c137-4db5-a828-cd13e910ced3,Análise de Perfil,Conversa com o Cliente,2025-02-17,1,4,4,12976,Comércio,Baixa,pouco provável
e706b20a-ac17-4186-b9d2-a7e8728880f9,Análise de Perfil,Conversa com o Cliente,2025-01-28,1,8,8,37401,Comércio,Média,pouco provável
5f013f22-2193-4d49-9745-db0fc9b98980,Análise de Perfil,Conversa com o Cliente,2025-07-27,1,2,2,48485,Educação,Média,pouco provável
ba3de869-8047-4d61-85a3-ababc7ae10b9,Análise de Perfil,Análise de Perfil,2025-10-22,1,11,11,31571,Educação,Alta,muito provável
ef7112f9-a4f4-4870-a977-ed70870c02aa,Análise de Perfil,Conversa com o Cliente,2025-11-30,1,8,8,8256,Tecnologia,Média,pouco provável
1f561c89-a5a7-4400-8a95-5d8eca126cd4,Análise de Perfil,Conversa com o Cliente,2025-11-11,1,8,8,30276,Tecnologia,Média,pouco provável
d6bc0090-234f-463c-93d0-9538b5e21d33,Análise de Perfil,Conversa com o Cliente,2025-06-16,1,1,1,47531,Indústria,Média,provável
2795f82b-45b2-4e73-878e-7db85f2401d0,Análise de Perfil,Conversa com o Cliente,2025-08-01,1,10,10,32707,Educação,Baixa,pouco provável
3f937c92-baf3-4c58-945f-742977d68b4d,Análise de Perfil,Conversa com o Cliente,2025-03-18,1,5,5,31815,Saúde,Média,pouco provável
6df348d0-ce9e-42a4-92a3-615b066e333d,Análise de Perfil,Análise de Perfil,2025-10-05,1,13,13,49033,Comércio,Média,provável
8f669b2d-8a5c-4008-9f17-28863fd22586,Análise de Perfil,Conversa com o Cliente,2025-04-06,1,3,3,35079,Educação,Média,pouco provável
c841b178-50e9-4e37-9ee2-bab6c28c30d2,Análise de Perfil,Conversa com o Cliente,2025-06-15,1,12,12,8779,Saúde,Baixa,pouco provável
f847dbb3-1bb4-4486-8a31-69d3e8e9d5be,Análise de Perfil,Conversa com o Cliente,2025-05-26,1,12,12,46156,Saúde,Média,provável
93e40bb8-7a96-4ddb-87ea-39d0babe52de,Análise de Perfil,Conversa com o Cliente,2025-05-28,1,1,1,33974,Educação,Baixa,pouco provável
6491f4e0-09ff-4ad6-8831-5130cfc0450a,Análise de Perfil,Análise de Perfil,2025-01-30,1,6,6,12394,Saúde,Média,pouco provável
81b274b7-9e9b-4cc6-801f-a2506b5f6be7,Análise de Perfil,Conversa com o Cliente,2025-10-02,1,9,9,35336,Indústria,Média,provável
e0f80101-afad-4359-b396-1c6c15adc03c,Análise de Perfil,Conversa com o Cliente,2025-08-09,1,13,13,28814,Serviços,Média,provável
6026b6da-d9aa-4fd1-820c-806b9c45e653,Análise de Perfil,Conversa com o Cliente,2025-10-30,1,10,10,39898,Tecnologia,Baixa,pouco provável
6628d68c-0a9c-419b-b9f7-70c236230386,Análise de Perfil,Conversa com o Cliente,2025-02-11,1,7,7,39955,Tecnologia,Média,provável
52554d7e-8fed-4115-b530-714158e32f5e,Análise de Perfil,Análise de Perfil,2025-07-19,1,13,13,47072,Saúde,Média,pouco provável
d765f170-6289-4e19-8984-30a17b6ef5ef,Análise de Perfil,Análise de Perfil,2025-09-08,1,11,11,36269,Comércio,Baixa,pouco provável
9ad4deb5-7e7e-4fd1-8902-392877144f2d,Análise de Perfil,Análise de Perfil,2025-03-21,1,15,15,19604,Indústria,Alta,provável
27ce6328-1c89-4a4e-b91c-6a23dc9f03a0,Análise de Perfil,Conversa com o Cliente,2025-04-13,1,11,11,30266,Saúde,Média,pouco provável
0efe7ec8-8a35-47ba-a74c-cb4108acaba3,Análise de Perfil,Conversa com o Cliente,2025-05-25,1,3,3,24779,Comércio,Alta,provável
50e58e7d-345b-424c-856b-c2af18b85466,Análise de Perfil,Análise de Perfil,2025-11-12,1,15,15,5991,Serviços,Média,pouco provável
5ac6c080-996d-4786-925c-db4aa0599b5c,Análise de Perfil,Conversa com o Cliente,2025-07-26,1,15,15,17333,Saúde,Alta,provável
0ac71fed-0da6-4f78-ba57-49f7f6320f6b,Análise de Perfil,Conversa com o Cliente,2025-02-01,1,8,8,6900,Tecnologia,Baixa,pouco provável
943aa460-9766-48f8-8c53-75bf56015edc,Análise de Perfil,Conversa com o Cliente,2025-02-05,1,2,2,35858,Saúde,Média,provável
d3b7e580-a441-42ae-9c6e-e5e5a9e41258,Análise de Perfil,Conversa com o Cliente,2025-03-02,1,12,12,31971,Indústria,Média,pouco provável
7b309119-1224-4dd9-9601-3a3f40dfd0a8,Análise de Perfil,Conversa com o Cliente,2025-05-26,1,7,7,14256,Tecnologia,Alta,provável
c1f5d8b8-c80d-47e1-8e33-c2ff15a8bf3b,Análise de Perfil,Análise de Perfil,2025-02-22,1,13,13,31207,Comércio,Baixa,pouco provável
c48869e0-372d-4dba-9a1b-3fb6e2e00487,Análise de Perfil,Conversa com o Cliente,2025-10-05,1,10,10,29354,Serviços,Média,provável
d3188a32-4b15-418e-8c44-0a3dd113747e,Análise de Perfil,Conversa com o Cliente,2025-05-20,1,2,2,11261,Saúde,Média,provável
ebb1785b-17ed-4bbc-9301-0a75a15ad12b,Análise de Perfil,Conversa com o Cliente,2025-06-24,1,10,10,36205,Indústria,Média,pouco provável
34b933ac-a3a0-4eac-807c-b01bd86590e0,Análise de Perfil,Conversa com o Cliente,2025-09-11,1,9,9,21305,Saúde,Alta,muito provável
bb3bb05c-feef-4381-a377-2deb86e36c93,Análise de Perfil,Conversa com o Cliente,2025-06-16,1,7,7,10018,Serviços,Baixa,pouco provável
ce0e55c4-0c56-46c5-afd7-1f39fe8698b7,Análise de Perfil,Conversa com o Cliente,2025-11-17,1,14,14,37341,Comércio,Média,provável
90f8a195-67c5-4274-815f-624d779f1b21,Análise de Perfil,Conversa com o Cliente,2025-12-02,1,13,13,29549,Indústria,Média,pouco provável
a47d491f-e4de-4afc-9473-e1bae9171a95,Análise de Perfil,Análise de Perfil,2025-09-01,1,14,14,7182,Tecnologia,Baixa,pouco provável
0a1ce049-68c9-45d8-9162-6731162fbdb0,Análise de Perfil,Conversa com o Cliente,2025-11-09,1,3,3,26042,Serviços,Alta,provável
8633bf93-c7eb-40a9-867e-b4f7d3958c25,Análise de Perfil,Conversa com o Cliente,2025-04-19,1,4,4,38174,Indústria,Baixa,pouco provável
bccf91ec-e1c6-4e20-aaa4-d64bd99b745b,Análise de Perfil,Conversa com o Cliente,2025-08-24,1,13,13,23999,Saúde,Média,provável
88e25b9b-2e00-4687-8163-b7a6db57b001,Análise de Perfil,Conversa com o Cliente,2025-09-25,1,14,14,46639,Indústria,Baixa,pouco provável
b0179cb5-96a8-48e9-8828-f2696ac9ff79,Análise de Perfil,Conversa com o Cliente,2025-09-20,1,8,8,20740,Serviços,Média,provável
76f6973d-a9b7-4644-a885-b36dcd1fd6a5,Análise de Perfil,Conversa com o Cliente,2025-07-10,1,7,7,25869,Educação,Alta,provável
45380f09-2158-4f91-9ec5-5548a89abaf6,Análise de Perfil,Análise de Perfil,2025-04-04,1,10,10,24009,Indústria,Média,pouco provável
cbed7bb9-53d3-4660-a64a-75c1d49aa014,Análise de Perfil,Conversa com o Cliente,2025-09-07,1,14,14,37713,Indústria,Alta,provável
1187ea9d-a248-4ab6-a5b3-8ff6fe9cc114,Análise de Perfil,Conversa com o Cliente,2025-10-28,1,14,14,12838,Indústria,Alta,provável
850c6dfd-b96e-4c9a-b1ac-6bf87321c829,Análise de Perfil,Conversa com o Cliente,2025-02-21,1,7,7,39104,Comércio,Alta,muito provável
dac9df7e-0aa7-4f6c-8c81-e0f4f6d23c7c,Análise de Perfil,Conversa com o Cliente,2025-09-16,1,13,13,36226,Educação,Alta,provável
4f2c2119-529b-47db-a51c-64dc5e2fc8c1,Análise de Perfil,Conversa com o Cliente,2025-11-18,1,10,10,16893,Serviços,Baixa,pouco provável
b1829d6b-0614-4423-a533-fd8925aec2d1,Análise de Perfil,Conversa com o Cliente,2025-03-22,1,3,3,13586,Serviços,Média,provável
4eebc6f4-3584-4fc9-8f7f-e15d3f068d39,Análise de Perfil,Conversa com o Cliente,2025-11-30,1,2,2,33532,Saúde,Média,pouco provável
802d2145-c651-4009-9630-19ddf07ef07e,Análise de Perfil,Análise de Perfil,2025-12-03,1,6,6,16376,Tecnologia,Baixa,pouco provável
5f2f1f95-a109-4ac9-9868-87458ce01aa8,Análise de Perfil,Análise de Perfil,2025-02-01,1,11,11,36904,Tecnologia,Média,pouco provável
9d696a2a-c395-41e9-9a72-0e7776c8e848,Análise de Perfil,Conversa com o Cliente,2025-05-04,1,12,12,31364,Indústria,Baixa,pouco provável
9a4fc022-8f7d-4892-9b63-f346b4cb470e,Análise de Perfil,Conversa com o Cliente,2025-04-21,1,13,13,6450,Comércio,Baixa,pouco provável
08667ffe-c284-4ba2-bfd4-cc57a954a9e4,Análise de Perfil,Conversa com o Cliente,2025-09-17,1,10,10,49603,Educação,Alta,muito provável
db68ac6a-54df-4be8-a9f4-b611ccb25b29,Análise de Perfil,Conversa com o Cliente,2025-05-25,1,8,8,42968,Educação,Baixa,pouco provável
dacffd2a-0187-4364-973f-770468d9e1ee,Análise de Perfil,Análise de Perfil,2025-11-06,1,12,12,26739,Indústria,Média,provável
290ff4df-742c-490c-95ed-5baaa7750840,Análise de Perfil,Conversa com o Cliente,2025-02-07,1,14,14,9221,Serviços,Média,pouco provável
5b9d9211-efdd-4c54-be13-82d08c622b52,Análise de Perfil,Conversa com o Cliente,2025-01-29,1,9,9,34592,Comércio,Baixa,pouco provável
38d463a3-d810-4228-a899-bc331557c942,Análise de Perfil,Conversa com o Cliente,2025-06-25,1,15,15,43316,Educação,Baixa,pouco provável
53f7899e-ec9e-4387-95ed-923b600062ae,Análise de Perfil,Análise de Perfil,2025-07-16,1,13,13,33327,Comércio,Alta,muito provável
437a85e4-ec62-4e3d-ac8c-40ccfa3d9264,Análise de Perfil,Conversa com o Cliente,2025-05-15,1,14,14,41971,Serviços,Média,provável
703737f8-b84d-4ad3-94b6-3641dd411dac,Análise de Perfil,Conversa com o Cliente,2025-11-09,1,15,15,29814,Educação,Alta,provável
d9763719-9abe-4926-a0f6-005022ff0c4c,Análise de Perfil,Análise de Perfil,2025-09-26,1,15,15,43300,Serviços,Média,pouco provável
eadcf140-45ef-411f-ba3b-722cfcd971e1,Análise de Perfil,Conversa com o Cliente,2025-05-02,1,7,7,33926,Comércio,Baixa,pouco provável
0105b297-88b1-4fec-b513-b2de360354e4,Análise de Perfil,Conversa com o Cliente,2025-11-27,1,1,1,6555,Comércio,Alta,provável
6d1d2903-fefb-43c0-84d5-46a615c48a97,Análise de Perfil,Conversa com o Cliente,2025-04-02,1,8,8,37675,Indústria,Média,pouco provável
05897d97-f101-476e-ad8c-aa05f0d84ded,Análise de Perfil,Conversa com o Cliente,2025-07-16,1,8,8,40950,Tecnologia,Média,pouco provável
25e47614-1ea5-4fc9-a112-8b3084437fde,Análise de Perfil,Análise de Perfil,2025-09-16,1,10,10,46567,Saúde,Média,provável
21d796ce-9202-4769-bda9-257e1bca7f98,Análise de Perfil,Conversa com o Cliente,2025-02-08,1,11,11,26281,Tecnologia,Média,pouco provável
46cd1c1a-83dc-4d4d-8938-5a52c70f68f5,Análise de Perfil,Análise de Perfil,2025-01-07,1,4,4,35055,Comércio,Baixa,pouco provável
9c46518c-7ba1-4c25-97eb-a036f842bd5d,Análise de Perfil,Conversa com o Cliente,2025-05-19,1,15,15,49543,Tecnologia,Baixa,pouco provável
8b894588-b9d4-42fe-98d1-b4ec44fa6606,Análise de Perfil,Análise de Perfil,2025-12-10,1,14,14,17180,Serviços,Alta,provável
c4fc0581-4dd6-4c42-b336-8af1d1756213,Análise de Perfil,Análise de Perfil,2025-05-23,1,11,11,7771,Indústria,Média,pouco provável
1b12fbf5-1626-4aef-a279-e6fbb4544619,Análise de Perfil,Conversa com o Cliente,2025-10-29,1,14,14,25057,Saúde,Média,pouco provável
6a6c0fd8-ac61-4a07-8ffd-659240d2c293,Análise de Perfil,Conversa com o Cliente,2025-06-16,1,5,5,29351,Saúde,Baixa,pouco provável
314b751e-f4db-4c76-a58b-cf5483f8690b,Análise de Perfil,Análise de Perfil,2025-08-16,1,12,12,13771,Saúde,Média,provável
18c74086-6b1f-4e44-87eb-5faec4b7448c,Análise de Perfil,Conversa com o Cliente,2025-03-07,1,14,14,27886,Saúde,Alta,muito provável
b1c27513-0bea-4d86-aa0e-5e60a019c861,Análise de Perfil,Conversa com o Cliente,2025-07-19,1,14,14,8443,Indústria,Média,pouco provável
500540b0-e49b-45fc-a944-8fe636487a76,Análise de Perfil,Conversa com o Cliente,2025-02-19,1,6,6,10798,Serviços,Média,pouco provável
9d5f18f8-f327-426c-8b2e-4bb2687ad1f7,Análise de Perfil,Conversa com o Cliente,2025-11-24,1,5,5,47437,Serviços,Média,pouco provável
da6eb6ae-6f94-4a6f-bbe5-b267df26a07e,Análise de Perfil,Conversa com o Cliente,2025-05-20,1,3,3,38797,Comércio,Alta,provável
c44143e8-764f-48b6-8888-e9725f466315,Análise de Perfil,Conversa com o Cliente,2025-12-04,1,12,12,21976,Indústria,Baixa,pouco provável
3987f5b5-bd05-4640-9fbe-b92eaedcd22f,Análise de Perfil,Conversa com o Cliente,2025-09-14,1,13,13,16177,Comércio,Baixa,pouco provável
59e4b996-e456-4ab9-93c2-6afd8d3e8294,Análise de Perfil,Análise de Perfil,2025-06-25,1,2,2,20619,Comércio,Média,provável
b330ccfc-cca0-46bd-a9da-f006e2b0369d,Análise de Perfil,Análise de Perfil,2025-06-17,1,13,13,31759,Comércio,Média,provável
48d9b3a6-4f5b-485f-baaa-3589534f755b,Análise de Perfil,Análise de Perfil,2025-01-12,1,7,7,15524,Serviços,Baixa,pouco provável
257fe9c5-0686-4759-9005-f81afa5a562a,Análise de Perfil,Análise de Perfil,2025-01-19,1,14,14,10110,Saúde,Baixa,pouco provável
5f990d4d-4b8b-4d7c-9107-d5fb664bc5e0,Análise de Perfil,Conversa com o Cliente,2025-05-06,1,12,12,10836,Indústria,Baixa,pouco provável
67d53e09-0dd6-42e4-bd8d-d2ebae556a94,Análise de Perfil,Conversa com o Cliente,2025-04-05,1,14,14,18810,Saúde,Média,provável
33a6e1d2-d6cb-4d0f-805d-a52b7fd052d3,Análise de Perfil,Análise de Perfil,2025-09-29,1,1,1,24276,Indústria,Baixa,pouco provável
7866b0a8-de9d-4e48-9779-c75d4982294d,Análise de Perfil,Conversa com o Cliente,2025-03-29,1,7,7,20437,Saúde,Média,provável
81fb8d77-b619-49c2-b64b-7dfade66897a,Análise de Perfil,Conversa com o Cliente,2025-03-31,1,11,11,34020,Indústria,Média,pouco provável
6819c028-14f2-4f19-a261-91ee54bea7b8,Análise de Perfil,Conversa com o Cliente,2025-10-20,1,15,15,27350,Educação,Média,provável
da89930d-1900-41d5-997f-5cd88ba1a186,Análise de Perfil,Conversa com o Cliente,2025-11-24,1,14,14,20208,Tecnologia,Alta,provável
0667f229-6215-4a68-afa6-9cba7f139281,Análise de Perfil,Conversa com o Cliente,2025-07-15,1,2,2,38527,Serviços,Média,provável
77963d00-6e04-4a7c-b385-d08780af08ef,Análise de Perfil,Conversa com o Cliente,2025-04-23,1,13,13,22691,Serviços,Alta,provável
bdde4f3d-60e7-4103-b3d8-9cb33359211f,Análise de Perfil,Análise de Perfil,2025-06-27,1,10,10,42203,Comércio,Alta,provável
727b59bb-07e9-4bb0-965d-a3d750ea029e,Análise de Perfil,Análise de Perfil,2025-04-16,1,2,2,26528,Saúde,Média,provável
01f60625-effe-4ba2-97ef-4f7ccd243068,Análise de Perfil,Análise de Perfil,2025-09-28,1,12,12,13260,Serviços,Média,pouco provável
46d645a5-b4d0-4701-8121-9557640cb51a,Análise de Perfil,Conversa com o Cliente,2025-06-05,1,13,13,9322,Serviços,Alta,provável
982cc3e0-e509-4abe-92fb-774bf81d56d2,Análise de Perfil,Análise de Perfil,2025-07-23,1,5,5,33757,Saúde,Média,provável
06c04b4f-ca64-4256-954f-09c2fc721307,Análise de Perfil,Conversa com o Cliente,2025-09-15,1,3,3,23639,Tecnologia,Média,pouco provável
574b17e0-a1c6-4d5a-9c21-e8b87d6c71b8,Análise de Perfil,Conversa com o Cliente,2025-06-17,1,2,2,38237,Saúde,Baixa,pouco provável
1837fa89-99ac-4f5e-84c2-b251571887d0,Análise de Perfil,Conversa com o Cliente,2025-11-25,1,12,12,33404,Indústria,Baixa,pouco provável
faf48c02-1d49-4360-8f66-2fcfe04c11e0,Análise de Perfil,Conversa com o Cliente,2025-05-11,1,6,6,30852,Serviços,Alta,provável
4cf36d10-51da-4800-9d8c-849015af97d7,Análise de Perfil,Conversa com o Cliente,2025-07-10,1,15,15,18589,Comércio,Média,pouco provável
2fb9f830-f681-43a9-a98a-ff6f91e8150c,Análise de Perfil,Conversa com o Cliente,2025-06-09,1,3,3,6229,Saúde,Média,provável
1320f1ca-145a-4546-b2d9-59f2132d9b55,Análise de Perfil,Análise de Perfil,2025-01-07,1,1,1,41444,Saúde,Baixa,pouco provável
57446103-2709-43e8-8431-3561afb050df,Análise de Perfil,Análise de Perfil,2025-09-08,1,13,13,40643,Saúde,Média,provável
ba469517-dea7-474b-bb5c-d4a8aa939ec7,Análise de Perfil,Análise de Perfil,2025-05-30,1,11,11,11592,Tecnologia,Baixa,pouco provável
3772c13d-b656-4cb5-8a83-6439dad21c72,Análise de Perfil,Conversa com o Cliente,2025-03-21,1,2,2,22548,Educação,Alta,provável
6408daa1-5811-4c8c-a4f2-385f76f32ecf,Análise de Perfil,Conversa com o Cliente,2025-03-07,1,4,4,13166,Indústria,Baixa,pouco provável
c6860e1a-113f-449d-ac0c-c343c30f3781,Análise de Perfil,Análise de Perfil,2025-05-08,1,5,5,30959,Saúde,Média,provável
df6f2378-c222-40ee-b0be-25f7eacfe59e,Análise de Perfil,Conversa com o Cliente,2025-06-13,1,10,10,46145,Serviços,Média,pouco provável
d2d73408-93eb-4dc8-b0ef-1cacb90be13e,Análise de Perfil,Conversa com o Cliente,2025-08-30,1,7,7,18245,Educação,Média,provável
1f778cea-02b7-4f88-993a-d60ec7490e04,Análise de Perfil,Conversa com o Cliente,2025-11-21,1,2,2,43865,Saúde,Baixa,pouco provável
8cd18dbe-ba78-4a4c-a562-7d4b4dd12063,Análise de Perfil,Conversa com o Cliente,2025-12-09,1,13,13,44447,Serviços,Média,pouco provável
aebbd516-321d-46f3-b756-76443fabc1f9,Análise de Perfil,Análise de Perfil,2025-08-22,1,10,10,20962,Educação,Média,provável
3e3dd4ab-0dde-4f28-97bd-b30a3cf0626f,Análise de Perfil,Conversa com o Cliente,2025-08-05,1,14,14,49384,Educação,Média,pouco provável
a0fcac06-6827-4dec-a41a-582da0dea6cb,Análise de Perfil,Conversa com o Cliente,2025-10-18,1,1,1,30408,Comércio,Alta,provável
0daad150-4b49-4ed2-8f38-a3751748094f,Análise de Perfil,Análise de Perfil,2025-06-23,1,6,6,45226,Saúde,Média,pouco provável
805e497d-0b73-4a38-8877-8ea61b67e483,Análise de Perfil,Conversa com o Cliente,2025-11-22,1,9,9,37727,Comércio,Média,pouco provável
1ad678be-4074-416d-ad70-42290edec2b1,Análise de Perfil,Conversa com o Cliente,2025-07-01,1,5,5,44708,Comércio,Média,pouco provável
76671ce3-5d05-4a6f-a415-4c92aed296a1,Análise de Perfil,Conversa com o Cliente,2025-09-21,1,2,2,42141,Educação,Baixa,pouco provável
29a3e960-b1d3-4e37-87f9-e5593af0221a,Análise de Perfil,Conversa com o Cliente,2025-04-29,1,1,1,37493,Saúde,Média,provável
a045d221-8d17-4fb1-8129-dbb98dc6a3a3,Análise de Perfil,Conversa com o Cliente,2025-02-28,1,10,10,48368,Tecnologia,Média,provável
43a30d20-b06e-4eca-a4a2-1e670c7ac451,Análise de Perfil,Análise de Perfil,2025-08-14,1,5,5,26542,Tecnologia,Baixa,pouco provável
aa497736-cacd-4db2-b19e-2f4c9b55edc4,Análise de Perfil,Conversa com o Cliente,2025-03-22,1,1,1,44395,Educação,Média,pouco provável
82ffb1f6-cf1d-4c3c-986a-6e022a249126,Análise de Perfil,Conversa com o Cliente,2025-11-29,1,8,8,38889,Indústria,Média,pouco provável
14c125f0-b725-444c-aaf7-32b37a168f0f,Análise de Perfil,Conversa com o Cliente,2025-02-23,1,9,9,30299,Indústria,Baixa,pouco provável
2c0ea72f-4c9b-441f-a235-6153b6555536,Análise de Perfil,Conversa com o Cliente,2025-02-07,1,4,4,30965,Educação,Média,provável
b85f7985-40ae-43e3-82e3-595f6d4352d5,Análise de Perfil,Conversa com o Cliente,2025-09-26,1,6,6,41361,Indústria,Média,pouco provável
e44271fe-5089-4b24-9759-c405c008f5d9,Análise de Perfil,Conversa com o Cliente,2025-03-10,1,1,1,29305,Tecnologia,Média,pouco provável
efed9de2-a550-4e5a-bfe1-41ef6985b141,Análise de Perfil,Conversa com o Cliente,2025-08-06,1,5,5,30249,Educação,Baixa,pouco provável
9529ead8-b2d0-458e-a6d5-79a41e27853d,Análise de Perfil,Conversa com o Cliente,2025-06-19,1,11,11,19880,Educação,Média,provável
14fe3006-e380-4979-9ba4-4bf2d773bb5e,Análise de Perfil,Conversa com o Cliente,2025-10-20,1,6,6,23841,Educação,Média,provável
fbff4b05-a1af-469d-85a3-e4ed96da0d3c,Análise de Perfil,Conversa com o Cliente,2025-03-31,1,10,10,40017,Saúde,Média,provável
bc69a4cb-34c4-47e0-9799-b7524f0a3746,Análise de Perfil,Conversa com o Cliente,2025-03-28,1,15,15,46929,Educação,Média,pouco provável
0e0db366-9a4f-4862-91d0-19f38b30ffe2,Análise de Perfil,Conversa com o Cliente,2025-08-06,1,1,1,31401,Indústria,Baixa,pouco provável
96950718-27eb-4c70-a7c6-3947050f1811,Análise de Perfil,Conversa com o Cliente,2025-07-15,1,8,8,8872,Comércio,Baixa,pouco provável
bde1d1b7-80f0-444c-95cc-155e19b65627,Análise de Perfil,Conversa com o Cliente,2025-07-23,1,11,11,21698,Serviços,Média,pouco provável
695367c5-8b74-4c2e-ae71-e2e308cfd824,Análise de Perfil,Conversa com o Cliente,2025-11-01,1,12,12,13065,Saúde,Média,provável
7049baba-4e8f-4a0d-b64e-d8687de3bddb,Análise de Perfil,Conversa com o Cliente,2025-04-19,1,13,13,32354,Educação,Média,provável
a4fec096-b1f8-469a-b191-5854fc04f77d,Análise de Perfil,Conversa com o Cliente,2025-07-28,1,13,13,22650,Serviços,Média,provável
4dea81eb-fbc2-4c67-81e7-493ff39934fe,Análise de Perfil,Conversa com o Cliente,2025-08-08,1,6,6,35722,Serviços,Baixa,pouco provável
27417241-d07a-4c71-b7aa-e82350f3651d,Análise de Perfil,Análise de Perfil,2025-11-13,1,2,2,46006,Tecnologia,Média,provável
6dfa7eed-d049-40cc-92cf-7ae349ca1d9d,Análise de Perfil,Conversa com o Cliente,2025-06-05,1,14,14,19912,Educação,Média,pouco provável
555849be-d954-421a-9390-8b6a0f96fe58,Análise de Perfil,Conversa com o Cliente,2025-03-31,1,14,14,5307,Saúde,Média,provável
a27ca1e8-9645-4b0b-bb8c-a3a06398c18c,Análise de Perfil,Conversa com o Cliente,2025-12-12,1,15,15,22533,Saúde,Média,pouco provável
5b455331-d8b3-4a79-9f09-ee5514390603,Análise de Perfil,Conversa com o Cliente,2025-02-05,1,13,13,5439,Indústria,Baixa,pouco provável
28841beb-331c-4561-9453-d681677263b8,Análise de Perfil,Análise de Perfil,2025-04-24,1,2,2,38169,Indústria,Média,pouco provável
5c2ae87e-1f1c-48ee-9fe3-81acd1be0c19,Análise de Perfil,Conversa com o Cliente,2025-05-25,1,6,6,29495,Indústria,Média,provável
a46c4c5d-a5a3-412a-bc0e-445c8bd1b280,Análise de Perfil,Conversa com o Cliente,2025-06-22,1,10,10,18068,Serviços,Média,pouco provável
d6d7a6c9-16ca-4e3f-ae19-92cab7bfc181,Análise de Perfil,Análise de Perfil,2025-06-02,1,10,10,22351,Educação,Baixa,pouco provável
f3caf762-d199-41dd-b64f-8c3852f09905,Análise de Perfil,Conversa com o Cliente,2025-01-22,1,13,13,31214,Saúde,Baixa,pouco provável
5a3e8fd2-9c97-4eb3-a68c-fc6b8d6b4de3,Análise de Perfil,Conversa com o Cliente,2025-05-09,1,3,3,5435,Indústria,Alta,muito provável
0f2c7e08-3dca-444f-a7fe-e77296f3d033,Análise de Perfil,Análise de Perfil,2025-10-23,1,5,5,40758,Saúde,Média,pouco provável
8ef39372-8026-4066-a446-c5bc854f1d06,Análise de Perfil,Conversa com o Cliente,2025-10-07,1,3,3,26405,Comércio,Baixa,pouco provável
be476d25-68e9-4653-8916-451a23317490,Análise de Perfil,Conversa com o Cliente,2025-05-17,1,8,8,47234,Tecnologia,Alta,muito provável
482e64ac-e225-4483-8e95-fdc4319cef38,Análise de Perfil,Conversa com o Cliente,2025-10-21,1,14,14,15907,Indústria,Média,provável
ad2c9880-4059-4163-818b-f936ac9f10d3,Análise de Perfil,Conversa com o Cliente,2025-02-01,1,12,12,24501,Serviços,Baixa,pouco provável
f006eacc-1dda-4f8e-94d2-d6aed00d3bda,Análise de Perfil,Conversa com o Cliente,2025-08-07,1,5,5,32575,Educação,Média,provável
0e2b1d2f-db27-4867-a552-50de9aa3ad60,Análise de Perfil,Análise de Perfil,2025-01-24,1,5,5,25695,Indústria,Média,provável
9e01e186-769d-4131-80b1-fd72a825f1a2,Análise de Perfil,Conversa com o Cliente,2025-08-24,1,4,4,44633,Saúde,Baixa,pouco provável
c6766f02-58af-45b7-ab4f-c6523446b135,Análise de Perfil,Conversa com o Cliente,2025-08-10,1,1,1,48028,Indústria,Baixa,pouco provável
815290d1-8257-41c2-bd7c-2cf9076fa00f,Análise de Perfil,Conversa com o Cliente,2025-03-02,1,3,3,43201,Serviços,Média,pouco provável
621c5dd9-9dd7-420c-a25f-a45771d47632,Análise de Perfil,Conversa com o Cliente,2025-02-03,1,9,9,17732,Tecnologia,Média,pouco provável
85c10e2c-5e3a-4f65-b9a0-dc1f895a7d34,Análise de Perfil,Conversa com o Cliente,2025-09-05,1,9,9,45639,Indústria,Alta,provável
59ab543a-83c0-4ab7-a3c0-9751ef1d728a,Análise de Perfil,Conversa com o Cliente,2025-06-04,1,14,14,5023,Saúde,Média,pouco provável
58df257f-47a9-44bc-ad3b-2253967d62d5,Análise de Perfil,Conversa com o Cliente,2025-06-06,1,3,3,14351,Serviços,Média,pouco provável
5dfad43c-c42c-43d2-99c2-8397c16a5052,Análise de Perfil,Conversa com o Cliente,2025-10-22,1,14,14,17665,Comércio,Média,pouco provável
861fd3b1-66b5-423e-aa82-4f2cd452d99e,Análise de Perfil,Conversa com o Cliente,2025-04-27,1,11,11,31297,Indústria,Alta,muito provável
c7cfa499-c324-4e23-b258-48b2807bc872,Análise de Perfil,Conversa com o Cliente,2025-02-05,1,4,4,20628,Comércio,Baixa,pouco provável
79885dab-be76-4e84-bd3f-c65d6543f5f0,Análise de Perfil,Conversa com o Cliente,2025-02-19,1,8,8,12604,Saúde,Média,pouco provável
78177f4a-03bf-4902-99fc-9f3ba120719a,Análise de Perfil,Conversa com o Cliente,2025-03-29,1,6,6,15226,Saúde,Média,pouco provável
2c959f43-f38c-4379-87c8-ca7d7ac083e3,Análise de Perfil,Conversa com o Cliente,2025-06-17,1,13,13,31337,Educação,Média,provável
809831fe-c0be-4257-92c3-4eeae86042c5,Análise de Perfil,Conversa com o Cliente,2025-09-16,1,6,6,21273,Indústria,Alta,muito provável
79e51734-3992-4ae2-8086-321a7f8afd2e,Análise de Perfil,Conversa com o Cliente,2025-07-16,1,9,9,48494,Tecnologia,Média,provável
7c0383e0-8cfe-407c-8132-4f26204dd88e,Análise de Perfil,Análise de Perfil,2025-04-08,1,5,5,16836,Serviços,Alta,provável
319e635c-2da4-4798-849e-91fa070d1636,Análise de Perfil,Análise de Perfil,2025-07-15,1,4,4,25817,Tecnologia,Baixa,pouco provável
9511e6a9-9e6d-473b-8bbb-3924df5296d9,Análise de Perfil,Análise de Perfil,2025-02-09,1,6,6,7337,Serviços,Média,pouco provável
02a0bc74-93e3-4769-bdac-ca5f1247803b,Análise de Perfil,Conversa com o Cliente,2025-05-11,1,13,13,27210,Serviços,Alta,provável
258e660d-c140-48e0-bd19-3cf1b74a42c6,Análise de Perfil,Conversa com o Cliente,2025-01-09,1,7,7,29656,Tecnologia,Média,provável
9dfc62fc-012a-4893-9576-1213d7284efc,Análise de Perfil,Conversa com o Cliente,2025-03-31,1,12,12,9147,Comércio,Baixa,pouco provável
842dff6c-2bb0-4ad6-aba9-6a8bcfc5b5d8,Análise de Perfil,Conversa com o Cliente,2025-09-09,1,4,4,49598,Serviços,Baixa,pouco provável
f6444d73-b559-43b2-a0de-859ab65489ff,Análise de Perfil,Conversa com o Cliente,2025-07-18,1,7,7,12709,Tecnologia,Média,provável
de20acbd-f84c-47b7-b032-f32be753c65f,Análise de Perfil,Conversa com o Cliente,2025-10-08,1,4,4,7738,Serviços,Média,provável
db817e7e-ea77-4aad-bbc4-d61198069631,Análise de Perfil,Conversa com o Cliente,2025-11-19,1,12,12,29543,Educação,Média,pouco provável
5af8efb8-baea-4def-9ca2-146c4b561e5d,Análise de Perfil,Análise de Perfil,2025-10-24,1,11,11,33260,Educação,Média,provável
71823468-d1d7-4624-8fd0-507aacd3c9e9,Análise de Perfil,Conversa com o Cliente,2025-11-29,1,15,15,11986,Educação,Alta,provável
5c2d4502-ab82-4605-9647-783a1ea82488,Análise de Perfil,Conversa com o Cliente,2025-01-13,1,2,2,21013,Serviços,Baixa,pouco provável
4aae3e85-b907-491b-a97a-238111ba0448,Análise de Perfil,Conversa com o Cliente,2025-06-25,1,2,2,18000,Tecnologia,Baixa,pouco provável
33ee32ce-2df0-4c19-8aa6-e7423765cc9b,Análise de Perfil,Conversa com o Cliente,2025-11-29,1,11,11,41598,Educação,Média,pouco provável
2dd29885-6277-4ff6-ae10-97b0707cc0cf,Análise de Perfil,Conversa com o Cliente,2025-03-31,1,9,9,39842,Serviços,Média,provável
5c48182d-b7fe-40c8-ba3c-1ec978c8c1e3,Análise de Perfil,Conversa com o Cliente,2025-02-23,1,2,2,7577,Comércio,Baixa,pouco provável
269d171c-01e9-4275-81c6-cdb83066c32e,Análise de Perfil,Conversa com o Cliente,2025-06-30,1,5,5,38307,Indústria,Média,provável
eb24b6c5-3adb-4f7a-8019-e68867170a37,Análise de Perfil,Conversa com o Cliente,2025-01-29,1,4,4,21117,Educação,Baixa,pouco provável
43aaa96f-8c83-4ad0-b3c9-ea45292bc978,Análise de Perfil,Análise de Perfil,2025-07-30,1,11,11,48696,Tecnologia,Média,pouco provável
cc3cd1e4-a841-4c29-b5d8-f9d643f1a0c8,Análise de Perfil,Conversa com o Cliente,2025-04-11,1,5,5,11011,Comércio,Média,pouco provável
78529fea-8387-4a67-9482-6ffc1d6894d9,Análise de Perfil,Conversa com o Cliente,2025-11-25,1,7,7,9543,Serviços,Baixa,pouco provável
0544ebc0-e1ae-4274-b710-9d261b46999d,Análise de Perfil,Conversa com o Cliente,2025-07-23,1,12,12,13532,Serviços,Baixa,pouco provável
25f2ed45-0b70-43ea-8b14-505ffd5d9c92,Análise de Perfil,Conversa com o Cliente,2025-03-07,1,1,1,14876,Indústria,Média,pouco provável
3238ca97-7c43-4e2b-854d-7e94bca066b8,Análise de Perfil,Conversa com o Cliente,2025-11-05,1,3,3,46690,Comércio,Média,pouco provável
e71fd6b8-b970-4902-b581-3a522f14ac8c,Análise de Perfil,Conversa com o Cliente,2025-09-23,1,14,14,31846,Tecnologia,Baixa,pouco provável
70ebb88f-1736-404f-a275-e2794fea1242,Análise de Perfil,Conversa com o Cliente,2025-01-31,1,10,10,23391,Comércio,Alta,muito provável
5988f36a-8df9-47ce-a5d3-b2053b76de1c,Análise de Perfil,Conversa com o Cliente,2025-08-30,1,5,5,7711,Indústria,Baixa,pouco provável
5939867a-a99b-4b49-8470-473489d72765,Análise de Perfil,Conversa com o Cliente,2025-12-09,1,13,13,9668,Educação,Média,provável
d9e9f4f1-4632-4ad6-806a-a7d7257719bf,Análise de Perfil,Conversa com o Cliente,2025-08-29,1,6,6,7551,Serviços,Média,provável
8ea61a76-4d3a-4dc0-874e-13e7731a0ad8,Análise de Perfil,Conversa com o Cliente,2025-09-29,1,14,14,26501,Tecnologia,Média,provável
23da4f99-a12d-438c-8ec3-25fa93b42494,Análise de Perfil,Conversa com o Cliente,2025-07-30,1,9,9,39020,Indústria,Baixa,pouco provável
f62683f3-dd92-4291-aa4f-756ae2b3a12f,Análise de Perfil,Conversa com o Cliente,2025-06-09,1,1,1,8579,Educação,Média,pouco provável
0387ea22-0dcc-49e6-8392-aec23f293170,Análise de Perfil,Conversa com o Cliente,2025-05-08,1,3,3,21427,Comércio,Baixa,pouco provável
f8cde246-dd10-48ff-9057-67521f038af7,Análise de Perfil,Conversa com o Cliente,2025-09-25,1,13,13,18551,Comércio,Média,pouco provável
d13541c5-9c71-441d-b53b-8b5620b614bb,Análise de Perfil,Conversa com o Cliente,2025-11-23,1,5,5,36873,Indústria,Média,provável
dca75e4f-a819-46f8-8900-64d6a0e84daf,Análise de Perfil,Conversa com o Cliente,2025-04-02,1,13,13,9272,Indústria,Média,provável
a7e932ea-4fb6-4bd8-ba8c-75f1ed96b83b,Análise de Perfil,Análise de Perfil,2025-05-29,1,11,11,22920,Comércio,Média,provável
5fd66cfb-8366-4bcb-90e0-ddddc1f6e26c,Análise de Perfil,Conversa com o Cliente,2025-01-07,1,1,1,33051,Saúde,Média,provável
1d81b8af-746a-4590-8432-50ba2744911c,Análise de Perfil,Conversa com o Cliente,2025-07-28,1,5,5,44646,Comércio,Baixa,pouco provável
d8120907-5b34-44a2-896f-709d4c6d9e3e,Análise de Perfil,Conversa com o Cliente,2025-04-30,1,6,6,36574,Comércio,Média,pouco provável
0e355359-1710-4200-acd0-23e5852b7ad4,Análise de Perfil,Conversa com o Cliente,2025-02-24,1,9,9,25021,Saúde,Média,pouco provável
85884e27-0c87-4129-8ede-5112ec01c627,Análise de Perfil,Análise de Perfil,2025-05-01,1,4,4,19590,Educação,Baixa,pouco provável
095f1825-a407-4b08-a8b9-62713067e189,Análise de Perfil,Análise de Perfil,2025-09-18,1,13,13,21229,Indústria,Alta,provável
a6a09402-256e-49c5-a201-352f63b9fc3e,Análise de Perfil,Análise de Perfil,2025-08-09,1,6,6,30131,Comércio,Baixa,pouco provável
c77a9354-b621-4a05-9458-60ddb73de326,Análise de Perfil,Conversa com o Cliente,2025-02-26,1,6,6,16548,Serviços,Média,pouco provável
76a10697-0df8-477e-a71a-09d83a606ba3,Análise de Perfil,Conversa com o Cliente,2025-11-17,1,6,6,12814,Educação,Baixa,pouco provável
7266320b-5cd6-4853-94c3-605252571a90,Análise de Perfil,Conversa com o Cliente,2025-05-17,1,7,7,39537,Comércio,Média,pouco provável
ff5cf2e6-91ba-48ec-ad22-03a572bd0f8f,Análise de Perfil,Conversa com o Cliente,2025-08-26,1,8,8,6384,Saúde,Média,pouco provável
f99dcf9d-da61-4543-a145-b362c6591ea6,Análise de Perfil,Conversa com o Cliente,2025-07-18,1,11,11,22199,Tecnologia,Média,provável
29c170ac-8dd3-4c5f-ab8b-26c15ad8f243,Análise de Perfil,Análise de Perfil,2025-08-25,1,13,13,6665,Saúde,Média,provável
fb0b3a68-ea03-419f-b1f0-f11387607bf3,Análise de Perfil,Conversa com o Cliente,2025-09-10,1,7,7,33106,Comércio,Média,pouco provável
59a97ce9-1e36-48ce-9d78-16a61c95bd05,Análise de Perfil,Conversa com o Cliente,2025-03-18,1,14,14,13098,Saúde,Baixa,pouco provável
fa2029ca-d7c4-4d3d-8cbd-cef884619123,Análise de Perfil,Conversa com o Cliente,2025-06-23,1,10,10,13430,Serviços,Média,provável
d2fdde8c-f8b3-4847-9df7-aadb48cb0d2c,Análise de Perfil,Conversa com o Cliente,2025-09-14,1,4,4,43429,Serviços,Média,provável
39bf70f1-3d45-48c0-9a90-abfb51546e93,Análise de Perfil,Conversa com o Cliente,2025-11-24,1,3,3,39461,Serviços,Média,pouco provável
d10604f1-7cea-4157-b94d-a5de6b776c48,Análise de Perfil,Conversa com o Cliente,2025-09-06,1,1,1,7081,Saúde,Média,provável
18014a12-9001-4a38-b0ec-b50fa42d797b,Análise de Perfil,Conversa com o Cliente,2025-09-14,1,9,9,24812,Educação,Baixa,pouco provável
dc32d7b8-4f5b-4299-ba71-d7212c0363d4,Análise de Perfil,Conversa com o Cliente,2025-06-07,1,6,6,28357,Saúde,Média,provável
947cd1d0-ae2c-478e-8f22-f720442313ac,Análise de Perfil,Conversa com o Cliente,2025-04-22,1,8,8,17449,Educação,Média,provável
6e37ff91-57cd-4e7b-804a-8fc6bf0277dd,Análise de Perfil,Conversa com o Cliente,2025-03-10,1,4,4,5711,Serviços,Alta,muito provável
c5f360e2-aaf3-4fc5-984a-f013f5816791,Análise de Perfil,Conversa com o Cliente,2025-07-22,1,1,1,43374,Serviços,Baixa,pouco provável
44f39f21-479b-4211-8be8-4979f85c3e12,Análise de Perfil,Conversa com o Cliente,2025-10-01,1,13,13,11160,Serviços,Média,pouco provável
367c3944-e6fb-488a-8d46-52f934e61662,Análise de Perfil,Conversa com o Cliente,2025-09-09,1,14,14,47624,Serviços,Média,pouco provável
0a762a95-3f9d-45bc-91a7-15d60bf6d521,Análise de Perfil,Análise de Perfil,2025-05-18,1,4,4,28084,Comércio,Alta,provável
9b1b0066-65ab-4937-9a82-2d069a3e2ef4,Análise de Perfil,Análise de Perfil,2025-06-09,1,13,13,35784,Comércio,Baixa,pouco provável
7000c1f5-7473-48ca-a291-f76805ded04f,Análise de Perfil,Análise de Perfil,2025-01-18,1,4,4,31781,Educação,Média,provável
a6f996e0-2b72-4d43-889c-c3122ea24448,Análise de Perfil,Conversa com o Cliente,2025-02-06,1,12,12,47444,Serviços,Média,pouco provável
2ef5e9ea-7262-43c8-9319-d03fffc8ac32,Análise de Perfil,Conversa com o Cliente,2025-08-01,1,9,9,22013,Educação,Alta,muito provável
d9ac9955-2640-4b7e-874d-b0054a63f6ba,Análise de Perfil,Conversa com o Cliente,2025-03-30,1,3,3,26841,Educação,Alta,provável
0b96d1b8-b2e0-487a-aad3-49eb4dd0ec35,Análise de Perfil,Análise de Perfil,2025-07-01,1,9,9,9644,Educação,Média,pouco provável
3b069014-5992-4f40-85dc-dd98f67598f5,Análise de Perfil,Análise de Perfil,2025-03-06,1,3,3,11032,Indústria,Alta,provável
2f8d81df-bdd0-48cc-a274-b3e350ba1161,Análise de Perfil,Análise de Perfil,2025-08-23,1,8,8,8451,Tecnologia,Média,provável
48700981-36ee-4272-b701-233bd1f6502f,Análise de Perfil,Análise de Perfil,2025-07-31,1,10,10,16603,Comércio,Média,provável
251901fc-8420-4e0c-bc02-7f7b58720d56,Análise de Perfil,Conversa com o Cliente,2025-06-01,1,15,15,24719,Serviços,Média,provável
90adece2-0c13-432c-90cc-930e43388f57,Análise de Perfil,Conversa com o Cliente,2025-03-17,1,15,15,23824,Saúde,Média,pouco provável
4aa3cc43-be99-445d-821d-48c2aa5094fa,Análise de Perfil,Conversa com o Cliente,2025-08-01,1,5,5,29798,Educação,Alta,provável
8c9faa15-2954-4015-ae5c-76f53c1b2f3c,Análise de Perfil,Conversa com o Cliente,2025-06-02,1,14,14,31469,Saúde,Média,provável
fe993e1a-f245-47f8-b7e5-abaed80662e3,Análise de Perfil,Conversa com o Cliente,2025-09-03,1,12,12,19287,Comércio,Alta,provável
b1a1c58f-d4cd-404f-ab4c-b1eefa5009f3,Análise de Perfil,Análise de Perfil,2025-03-20,1,1,1,17607,Indústria,Baixa,pouco provável
eda49382-aba1-412b-9502-6cfa81f14bfe,Análise de Perfil,Conversa com o Cliente,2025-05-23,1,1,1,47753,Comércio,Média,provável
86d4854d-5d86-4374-b325-98d518eddcf6,Análise de Perfil,Conversa com o Cliente,2025-07-26,1,11,11,7920,Tecnologia,Alta,provável
5b931908-4048-4ddc-b0f8-fb0dd937ae6c,Análise de Perfil,Conversa com o Cliente,2025-11-10,1,6,6,15518,Tecnologia,Média,provável
5cb78b16-303b-48f4-aa76-10b42da3f5b2,Análise de Perfil,Análise de Perfil,2025-11-03,1,7,7,31180,Educação,Média,provável
8bd8201a-d4a9-499b-a23f-78f748b4d851,Análise de Perfil,Conversa com o Cliente,2025-10-18,1,11,11,26579,Serviços,Alta,muito provável
f9d496f1-3243-4234-a929-e1daee97e916,Análise de Perfil,Análise de Perfil,2025-11-15,1,4,4,9967,Tecnologia,Média,provável
f8518d41-44d0-4604-9c91-db1fb1324089,Análise de Perfil,Conversa com o Cliente,2025-10-24,1,14,14,47304,Educação,Alta,muito provável
80a6d121-bdb8-4a10-b431-6eabbe8fbb5b,Análise de Perfil,Análise de Perfil,2025-06-28,1,5,5,24682,Indústria,Média,pouco provável
fcea3314-d8fb-49de-809c-5699decd3548,Análise de Perfil,Conversa com o Cliente,2025-08-08,1,12,12,49403,Indústria,Média,pouco provável
5d0d38a7-b869-4846-b26b-af94cafd7183,Análise de Perfil,Conversa com o Cliente,2025-10-20,1,2,2,31700,Comércio,Média,provável
7747fd34-7ae9-4741-adad-9968fd2aba0b,Análise de Perfil,Conversa com o Cliente,2025-04-19,1,5,5,14740,Indústria,Média,pouco provável
092c5407-12d7-48fe-81b8-f88072119faa,Análise de Perfil,Análise de Perfil,2025-08-04,1,2,2,36773,Serviços,Baixa,pouco provável
1eeb984e-f55b-4d8e-a1b4-d0b0015dd07b,Análise de Perfil,Conversa com o Cliente,2025-09-25,1,1,1,7487,Comércio,Média,provável
cc038629-bb55-4856-9772-e8a3b5ef3d7b,Análise de Perfil,Conversa com o Cliente,2025-03-08,1,3,3,47949,Saúde,Baixa,pouco provável
6fb111ee-6850-48c9-b3b9-c0f74a62437b,Análise de Perfil,Conversa com o Cliente,2025-02-04,1,7,7,16547,Educação,Baixa,pouco provável
b8ba922c-42d1-4a62-be98-dc9fe4fe42a3,Análise de Perfil,Conversa com o Cliente,2025-04-14,1,7,7,8446,Saúde,Baixa,pouco provável
f1e3941e-bb81-4621-9441-a8c6060e0cd7,Análise de Perfil,Conversa com o Cliente,2025-10-24,1,10,10,10183,Saúde,Baixa,pouco provável
44a1c771-5db0-47f6-b19f-7543738c3e1e,Análise de Perfil,Conversa com o Cliente,2025-12-04,1,10,10,20417,Indústria,Média,provável
30a2ae47-8253-4b5f-a96e-8eec15e6b352,Análise de Perfil,Conversa com o Cliente,2025-08-01,1,14,14,17537,Saúde,Média,pouco provável
50b16919-b202-4672-9952-d57a12187702,Análise de Perfil,Análise de Perfil,2025-09-19,1,7,7,35784,Educação,Média,pouco provável
402d1f6f-6df7-427b-86c2-a2182ca83e58,Análise de Perfil,Conversa com o Cliente,2025-12-01,1,12,12,35480,Comércio,Alta,provável
479f5c3d-15ac-498d-9493-de4e6fc9a96c,Análise de Perfil,Análise de Perfil,2025-05-04,1,9,9,23708,Comércio,Média,provável
e65538ed-c5f5-43be-af87-7a4a8c2e4bd1,Análise de Perfil,Conversa com o Cliente,2025-01-23,1,12,12,5877,Serviços,Alta,muito provável
5228d09e-8b29-4b28-a174-7695bdf1c3ff,Análise de Perfil,Conversa com o Cliente,2025-08-24,1,7,7,24704,Serviços,Baixa,pouco provável
23eaf1d8-4a73-4f44-94b2-14e7962843ad,Análise de Perfil,Análise de Perfil,2025-08-14,1,8,8,49195,Educação,Média,pouco provável
5f82d8e0-ad58-46cf-91d2-043667d319f3,Análise de Perfil,Conversa com o Cliente,2025-08-19,1,9,9,25472,Tecnologia,Média,provável
16ca9eff-e137-4081-9263-02a301f9cd5e,Análise de Perfil,Conversa com o Cliente,2025-07-20,1,8,8,21824,Indústria,Baixa,pouco provável
000a885d-4c67-4335-8d9e-908fe3cec2a2,Análise de Perfil,Conversa com o Cliente,2025-08-20,1,7,7,5982,Tecnologia,Baixa,pouco provável
4a835326-01d1-473e-87b4-3d20df67a070,Análise de Perfil,Conversa com o Cliente,2025-07-26,1,14,14,19865,Comércio,Alta,muito provável
c6778b6a-a6d2-4d5c-be24-668853da6df7,Análise de Perfil,Conversa com o Cliente,2025-06-01,1,6,6,25086,Educação,Média,pouco provável
a57895fd-906e-4f33-b6b5-96ce924770c5,Análise de Perfil,Conversa com o Cliente,2025-11-24,1,8,8,39040,Educação,Baixa,pouco provável
21af34b5-d01c-40f5-b25a-0dc422e245e8,Análise de Perfil,Conversa com o Cliente,2025-05-20,1,11,11,31903,Serviços,Alta,muito provável
be6a376f-cc60-479b-93c7-b32c109946be,Análise de Perfil,Análise de Perfil,2025-09-18,1,9,9,22310,Educação,Alta,provável
89a559a0-8af3-4698-802c-240ef901d6d9,Análise de Perfil,Conversa com o Cliente,2025-04-19,1,4,4,8770,Tecnologia,Média,provável
81ce97de-8d0c-4e00-a5d8-205d159b722e,Análise de Perfil,Conversa com o Cliente,2025-05-07,1,9,9,34590,Educação,Média,pouco provável
3963ea54-0e7c-4085-8867-540a3a831520,Análise de Perfil,Conversa com o Cliente,2025-07-08,1,15,15,40934,Saúde,Média,pouco provável
9c506879-b2e9-4730-8f7d-52f442a1f891,Análise de Perfil,Conversa com o Cliente,2025-09-03,1,7,7,15305,Tecnologia,Baixa,pouco provável
0906e794-f4d9-42b9-a52a-f54f3f788584,Análise de Perfil,Conversa com o Cliente,2025-12-01,1,13,13,28711,Tecnologia,Média,pouco provável
8f6a291e-7aff-4f57-9309-e23af443b3fd,Análise de Perfil,Análise de Perfil,2025-08-11,1,4,4,40195,Tecnologia,Média,pouco provável
7e1ee7cd-6b14-420f-a8f0-1657f4b6aef4,Análise de Perfil,Conversa com o Cliente,2025-10-04,1,12,12,32956,Comércio,Baixa,pouco provável
0fdb840e-3ed7-4655-946b-26e7bce167c5,Análise de Perfil,Conversa com o Cliente,2025-03-07,1,3,3,11956,Educação,Média,provável
7e1dbcbb-64a8-4360-a05e-6340edf2f37d,Análise de Perfil,Conversa com o Cliente,2025-04-04,1,3,3,17203,Tecnologia,Média,pouco provável
9a774d32-bc49-410e-b59a-01b4575df127,Análise de Perfil,Conversa com o Cliente,2025-06-23,1,12,12,23015,Tecnologia,Baixa,pouco provável
7c302681-dfcd-4bca-a555-0f217a2d39bd,Análise de Perfil,Conversa com o Cliente,2025-08-23,1,13,13,6777,Tecnologia,Baixa,pouco provável
e3531b5c-1bb8-49d4-9536-6685d172bd22,Análise de Perfil,Conversa com o Cliente,2025-06-02,1,13,13,38660,Saúde,Baixa,pouco provável
f9017465-5231-43ca-b281-b4ac791cad7e,Análise de Perfil,Conversa com o Cliente,2025-06-06,1,14,14,29536,Serviços,Média,pouco provável
5666bfe1-ab14-494e-b0c9-4c2a9be635c2,Análise de Perfil,Análise de Perfil,2025-07-09,1,13,13,44695,Comércio,Alta,provável
bf1dc2f4-43fa-46ce-97f2-aedb93136d5a,Análise de Perfil,Conversa com o Cliente,2025-10-08,1,3,3,17249,Serviços,Baixa,pouco provável
ff706117-78b2-45ea-8b01-9bd4a9d35d55,Análise de Perfil,Análise de Perfil,2025-10-08,1,12,12,17247,Serviços,Baixa,pouco provável
7ed9ebc3-67cd-4080-9e0c-fb6486b6d749,Análise de Perfil,Conversa com o Cliente,2025-07-20,1,14,14,21732,Indústria,Baixa,pouco provável
1de2e769-c21b-466c-90ef-88a4927297ff,Análise de Perfil,Conversa com o Cliente,2025-07-12,1,11,11,17989,Comércio,Média,pouco provável
21b6e4bf-b008-4caa-88ed-29e8c06ac681,Análise de Perfil,Conversa com o Cliente,2025-11-17,1,13,13,5158,Saúde,Alta,muito provável
1b9930b7-0c03-47ba-9579-14949c3d5031,Análise de Perfil,Conversa com o Cliente,2025-11-30,1,5,5,46812,Saúde,Baixa,pouco provável
145edf6d-9b4e-4dfd-92a9-b5676d91302b,Análise de Perfil,Análise de Perfil,2025-01-21,1,12,12,23483,Comércio,Baixa,pouco provável
0aeadec1-144a-4962-8a48-edd92bc84223,Análise de Perfil,Conversa com o Cliente,2025-05-08,1,12,12,9183,Indústria,Alta,provável
8b9a2da0-70b3-4a55-8709-0fe10af7914e,Análise de Perfil,Conversa com o Cliente,2025-08-16,1,2,2,37746,Tecnologia,Baixa,pouco provável
8ffc75af-2de5-42f4-84f5-5e8103e2614d,Análise de Perfil,Conversa com o Cliente,2025-01-24,1,14,14,38168,Educação,Baixa,pouco provável
dadc037e-e5c0-48bb-b556-9b4226e9b08e,Análise de Perfil,Conversa com o Cliente,2025-01-16,1,8,8,10215,Saúde,Alta,provável
48a6c58a-ebd7-46f9-9aed-6523f158f3b6,Análise de Perfil,Análise de Perfil,2025-11-17,1,15,15,15838,Comércio,Baixa,pouco provável
6e057c6c-6403-431a-aa9b-fa832974cfa2,Análise de Perfil,Conversa com o Cliente,2025-02-02,1,13,13,11013,Serviços,Média,provável
ca5b3d87-81d9-487d-b6b5-fd9184bd87d1,Análise de Perfil,Conversa com o Cliente,2025-09-12,1,11,11,10234,Saúde,Média,provável
af6b0e20-96b1-4ae6-8229-b304d0044ae7,Análise de Perfil,Conversa com o Cliente,2025-02-21,1,9,9,42891,Tecnologia,Alta,provável
fd59246f-9706-440d-a875-860c21866871,Análise de Perfil,Análise de Perfil,2025-01-11,1,6,6,16396,Saúde,Média,provável
962674d3-c064-4c95-8df6-0641a272ad1d,Análise de Perfil,Conversa com o Cliente,2025-03-23,1,1,1,12155,Educação,Alta,muito provável
c022efa3-73cd-4867-94c4-f2448b63a0e5,Análise de Perfil,Análise de Perfil,2025-02-25,1,7,7,33941,Educação,Média,provável
83998fc7-537e-4862-a8b8-ba437d0742ab,Análise de Perfil,Conversa com o Cliente,2025-04-20,1,14,14,23207,Comércio,Baixa,pouco provável
482a0b60-4ee7-4480-a2f7-e654197f845a,Análise de Perfil,Análise de Perfil,2025-04-18,1,1,1,8449,Tecnologia,Baixa,pouco provável
437133d1-fa79-4e1a-b982-cd240ec16c78,Análise de Perfil,Análise de Perfil,2025-11-17,1,11,11,11593,Indústria,Média,pouco provável
e3b1921f-c303-4fbf-858b-339bdd329f23,Análise de Perfil,Conversa com o Cliente,2025-02-06,1,11,11,46278,Tecnologia,Média,pouco provável
5f6212f0-dc4f-48d7-8bfc-17af4b2b38c7,Análise de Perfil,Conversa com o Cliente,2025-10-03,1,13,13,47101,Educação,Média,pouco provável
a80bf949-6225-4b77-b144-23a34ecf5579,Análise de Perfil,Análise de Perfil,2025-05-02,1,15,15,14451,Saúde,Baixa,pouco provável
cc74c53d-2f67-49d8-957d-9133a741f19b,Análise de Perfil,Conversa com o Cliente,2025-06-12,1,2,2,20011,Serviços,Alta,provável
61c78fe9-a59e-4e04-8843-0c95fb45a5fc,Análise de Perfil,Conversa com o Cliente,2025-06-06,1,5,5,38659,Tecnologia,Média,pouco provável
ef5ac9f5-67df-4aec-9e45-403a40ab01e1,Análise de Perfil,Conversa com o Cliente,2025-11-05,1,12,12,41750,Educação,Baixa,pouco provável
cce95a78-0213-4a98-828e-28bd167931f6,Análise de Perfil,Conversa com o Cliente,2025-10-20,1,14,14,13930,Comércio,Alta,muito provável
fae3bc8e-db7a-4bae-9e63-490b697dc43d,Análise de Perfil,Conversa com o Cliente,2025-02-03,1,6,6,18733,Saúde,Baixa,pouco provável
36b2dd57-c444-4681-a7a2-ed8b237e14e0,Análise de Perfil,Conversa com o Cliente,2025-08-19,1,5,5,35588,Serviços,Alta,muito provável
40ab2b07-38e3-4516-9c74-10e0f54436d5,Análise de Perfil,Conversa com o Cliente,2025-10-08,1,1,1,31057,Educação,Média,provável
dcf66de2-6684-4a35-b015-debc18edbe35,Análise de Perfil,Análise de Perfil,2025-10-08,1,10,10,19349,Comércio,Média,pouco provável
e2988bc6-3d6e-463a-9b5b-bde5bb3e138c,Análise de Perfil,Análise de Perfil,2025-02-04,1,8,8,31032,Comércio,Baixa,pouco provável
993dc9af-1934-423c-aa33-7e502c672ad7,Análise de Perfil,Análise de Perfil,2025-02-24,1,5,5,29974,Serviços,Baixa,pouco provável
4f782a10-18cc-4529-b486-2d19a91c7a34,Análise de Perfil,Conversa com o Cliente,2025-10-10,1,8,8,44154,Indústria,Alta,muito provável
aa0a26b2-3eac-412f-ae9a-4a21fdbfd6a5,Análise de Perfil,Análise de Perfil,2025-02-26,1,1,1,33336,Tecnologia,Média,pouco provável
b5fa3b44-5cd3-4cff-b137-e523f708a994,Análise de Perfil,Análise de Perfil,2025-02-28,1,13,13,34049,Saúde,Baixa,pouco provável
2443689c-d9fa-492b-afb8-712f150e07b7,Análise de Perfil,Conversa com o Cliente,2025-01-27,1,10,10,13689,Educação,Alta,provável
07c4751e-1442-42a3-b654-aa8693b16ec2,Análise de Perfil,Conversa com o Cliente,2025-08-28,1,4,4,6079,Indústria,Baixa,pouco provável
affd8f5b-b2be-46ba-a4d6-018363a3a0d9,Análise de Perfil,Conversa com o Cliente,2025-01-05,1,2,2,46222,Saúde,Baixa,pouco provável
276842d9-d223-487f-b2cb-9e0bccdb555d,Análise de Perfil,Conversa com o Cliente,2025-05-24,1,4,4,11528,Educação,Alta,provável
b3184744-4919-418d-b58a-7e10285bc259,Análise de Perfil,Conversa com o Cliente,2025-06-03,1,6,6,16340,Indústria,Média,pouco provável
ddd2a23e-7c93-4ffe-b5ab-0dd41c1d0a86,Análise de Perfil,Conversa com o Cliente,2025-05-31,1,13,13,5896,Tecnologia,Média,pouco provável
8f381721-2106-404f-8a75-5d3b13cacf02,Análise de Perfil,Conversa com o Cliente,2025-04-07,1,5,5,14170,Educação,Média,pouco provável
75fa5157-a8e2-4630-9a63-012b5f0cdd8c,Análise de Perfil,Conversa com o Cliente,2025-01-18,1,13,13,12987,Serviços,Média,pouco provável
3fabc13f-aa3e-410c-90fb-65d94403d2f5,Análise de Perfil,Conversa com o Cliente,2025-02-06,1,11,11,20654,Saúde,Baixa,pouco provável
09f92ce9-4e19-4b57-b799-72a54a952e02,Análise de Perfil,Conversa com o Cliente,2025-03-05,1,10,10,28210,Saúde,Alta,provável
47898b32-9901-489c-bdc2-29bd6f501976,Análise de Perfil,Análise de Perfil,2025-07-02,1,8,8,47150,Comércio,Média,provável
2be109f1-2198-4694-9d01-dfca3a7a7480,Análise de Perfil,Análise de Perfil,2025-04-16,1,14,14,30464,Comércio,Média,pouco provável
95c591f8-26c1-436e-8e73-8f6d58891f56,Análise de Perfil,Conversa com o Cliente,2025-10-11,1,4,4,23463,Tecnologia,Alta,provável
30724730-6938-4b40-8241-c9e1579ca74a,Análise de Perfil,Conversa com o Cliente,2025-06-01,1,11,11,6883,Tecnologia,Média,pouco provável
ff6214ef-bc1b-4aad-8f86-eb4ce6c5896b,Análise de Perfil,Conversa com o Cliente,2025-07-19,1,3,3,15599,Comércio,Média,pouco provável
ad7d6cae-d09f-4b3f-90a5-5d339e5257b8,Análise de Perfil,Análise de Perfil,2025-05-11,1,8,8,33710,Educação,Média,pouco provável
e7f1be23-4b6c-44f0-9bbd-f46883a30318,Análise de Perfil,Análise de Perfil,2025-05-09,1,1,1,47635,Indústria,Média,provável
5940a7d5-c641-4fd2-ba66-d3d272eb18b1,Análise de Perfil,Conversa com o Cliente,2025-11-08,1,11,11,46556,Tecnologia,Média,pouco provável
d9bef772-d0e5-4daa-bf58-ae4f81f2d359,Análise de Perfil,Análise de Perfil,2025-08-19,1,11,11,20334,Indústria,Baixa,pouco provável
36a60182-100b-46b0-b522-ed4649bf60b5,Análise de Perfil,Análise de Perfil,2025-05-26,1,13,13,25771,Serviços,Baixa,pouco provável
57774d02-028c-4c52-95e7-9adaf41ed5af,Análise de Perfil,Conversa com o Cliente,2025-02-08,1,2,2,44668,Indústria,Alta,muito provável
89612821-3540-42f7-8319-7950a83436ed,Análise de Perfil,Análise de Perfil,2025-02-02,1,7,7,48651,Comércio,Baixa,pouco provável
f5fe2e69-1c1e-4426-bdc9-a54ca2364347,Análise de Perfil,Conversa com o Cliente,2025-07-25,1,10,10,46208,Tecnologia,Média,pouco provável
95a4bdc1-8181-40db-a8d4-ba51b1a7b07c,Análise de Perfil,Conversa com o Cliente,2025-12-01,1,3,3,46945,Tecnologia,Média,provável
f729bb67-cf7f-4590-91ec-e1ce1fbf0b11,Análise de Perfil,Análise de Perfil,2025-05-14,1,1,1,13059,Serviços,Média,provável
56dcbaf3-1655-412e-8b21-6cd8261d6b47,Análise de Perfil,Análise de Perfil,2025-02-23,1,6,6,47554,Serviços,Alta,provável
5d1394fa-1576-43d6-adf3-b37b8c1c0793,Análise de Perfil,Análise de Perfil,2025-12-10,1,12,12,37471,Educação,Média,pouco provável
b39fad47-a87e-4313-ba38-1f132e9f3da7,Análise de Perfil,Conversa com o Cliente,2025-02-19,1,8,8,29777,Indústria,Média,pouco provável
d1758d85-b602-479c-b35c-820445c0d40d,Análise de Perfil,Conversa com o Cliente,2025-08-05,1,8,8,35511,Indústria,Média,pouco provável
bf109c4a-1602-4a5f-98fe-a6629079c075,Análise de Perfil,Conversa com o Cliente,2025-07-18,1,7,7,46572,Tecnologia,Média,provável
4e97f608-dbd9-4c9f-9da2-c0c10e54db07,Análise de Perfil,Conversa com o Cliente,2025-06-20,1,13,13,32672,Educação,Alta,provável
1bc258b4-e136-4bee-8b68-d761a92b8d21,Análise de Perfil,Análise de Perfil,2025-05-07,1,11,11,14564,Educação,Média,provável
f71bdb3c-3263-491e-b2dc-68113e507102,Análise de Perfil,Conversa com o Cliente,2025-06-21,1,13,13,7570,Serviços,Média,pouco provável
b43a0e4d-457d-43fd-89e8-7426ef30bf9b,Análise de Perfil,Conversa com o Cliente,2025-11-01,1,9,9,36217,Comércio,Média,pouco provável
3cb54fa1-c80b-4a9e-8772-2d8c2e1c01e4,Análise de Perfil,Análise de Perfil,2025-09-19,1,6,6,30334,Serviços,Alta,muito provável
e75d9366-c789-41f2-b513-f094c82c77ec,Análise de Perfil,Conversa com o Cliente,2025-08-26,1,15,15,10245,Saúde,Média,provável
6faacf7e-1e37-4aed-aadc-ecec2f7c58c1,Análise de Perfil,Conversa com o Cliente,2025-04-15,1,1,1,22489,Tecnologia,Média,provável
6a7cf172-6f30-4f5e-88f0-dabdc015effe,Análise de Perfil,Conversa com o Cliente,2025-04-05,1,4,4,15002,Serviços,Baixa,pouco provável
146ff8a2-0937-4c54-8edc-72f82e096300,Análise de Perfil,Conversa com o Cliente,2025-10-01,1,11,11,20938,Serviços,Alta,provável
dd7e1b47-f710-4832-92b8-a4f0c4b46972,Análise de Perfil,Conversa com o Cliente,2025-03-23,1,15,15,14319,Comércio,Baixa,pouco provável
9a40cac7-a08e-4dd7-ac1d-c7578f04d37c,Análise de Perfil,Conversa com o Cliente,2025-04-19,1,9,9,14626,Serviços,Baixa,pouco provável
c34aaafd-1fc7-4e0c-81e4-5c62a5fc866b,Análise de Perfil,Análise de Perfil,2025-09-27,1,2,2,9784,Serviços,Alta,muito provável
6dc9e482-ce7a-4d26-aae8-12fd8adfed65,Análise de Perfil,Conversa com o Cliente,2025-04-17,1,13,13,11174,Saúde,Média,provável
86426942-4524-43d3-9c19-a725ed2d4733,Análise de Perfil,Análise de Perfil,2025-10-02,1,9,9,49720,Tecnologia,Média,pouco provável
9bdb776d-b09c-432c-8c82-216b566b4815,Análise de Perfil,Conversa com o Cliente,2025-12-02,1,14,14,8786,Tecnologia,Média,provável
24e2ae45-2b07-4bae-b248-242f381d03fe,Análise de Perfil,Conversa com o Cliente,2025-02-28,1,15,15,23303,Tecnologia,Baixa,pouco provável
3250fbe6-ebae-41df-960f-3b6740d29a7a,Análise de Perfil,Conversa com o Cliente,2025-01-29,1,12,12,11986,Serviços,Alta,muito provável
ca778ea3-bbe6-4092-a968-fdd052d76693,Análise de Perfil,Conversa com o Cliente,2025-06-18,1,11,11,31023,Serviços,Alta,muito provável
73dedd7a-e3bc-4f8d-b463-097bf897814d,Análise de Perfil,Conversa com o Cliente,2025-01-31,1,5,5,8925,Saúde,Alta,provável
82f4094e-50e2-48ef-b7a6-65379b73908d,Análise de Perfil,Conversa com o Cliente,2025-07-07,1,13,13,33967,Comércio,Média,pouco provável
44c1bf82-03f0-42c9-80ee-fec8d510d0c3,Análise de Perfil,Conversa com o Cliente,2025-09-21,1,7,7,41621,Educação,Média,provável
320e4794-a49d-4135-939e-570aac4b30c3,Análise de Perfil,Conversa com o Cliente,2025-01-20,1,7,7,10103,Comércio,Média,pouco provável
c688feed-3936-495e-8106-d0809347f51f,Análise de Perfil,Conversa com o Cliente,2025-11-15,1,12,12,27019,Serviços,Média,pouco provável
9348fce5-9964-451e-b8bf-d168fa0d1a33,Análise de Perfil,Análise de Perfil,2025-03-05,1,15,15,19157,Saúde,Alta,muito provável
e79ebd6d-9fc2-4dbf-a493-3f39b3252109,Análise de Perfil,Conversa com o Cliente,2025-10-20,1,12,12,29098,Tecnologia,Alta,provável
bc8f9623-3f96-4527-94c9-fbba9614ec94,Análise de Perfil,Análise de Perfil,2025-04-25,1,7,7,8585,Saúde,Alta,muito provável
241a870e-88a2-43b2-9bdf-d23391e11400,Análise de Perfil,Conversa com o Cliente,2025-08-02,1,7,7,17833,Indústria,Média,provável
bc2c116a-2ed8-46a7-ab67-565243f12af0,Análise de Perfil,Conversa com o Cliente,2025-09-27,1,15,15,27711,Educação,Média,provável
aa8725a6-0e7c-478c-a52c-dedc99053f40,Análise de Perfil,Conversa com o Cliente,2025-11-02,1,1,1,19448,Serviços,Alta,provável
509993c3-241c-40b5-9766-c062922f62c4,Análise de Perfil,Conversa com o Cliente,2025-01-23,1,5,5,11134,Comércio,Baixa,pouco provável
8001447c-0d32-420e-8c57-9a4a7abe6963,Análise de Perfil,Análise de Perfil,2025-07-25,1,4,4,7751,Tecnologia,Média,pouco provável
10a1bbb7-d55c-4fb7-8ff8-bb6340d2c242,Análise de Perfil,Análise de Perfil,2025-02-24,1,9,9,49560,Indústria,Alta,provável
d6716ba9-04d9-49e5-aa2a-5f770316fad7,Análise de Perfil,Conversa com o Cliente,2025-05-21,1,2,2,27492,Comércio,Baixa,pouco provável
1cbbc1b1-bc14-4d78-a978-ac8d8a54da37,Análise de Perfil,Análise de Perfil,2025-06-02,1,6,6,40774,Saúde,Média,provável
13069a5d-b597-44f9-8e4e-04f23554233a,Análise de Perfil,Conversa com o Cliente,2025-08-22,1,6,6,35357,Serviços,Baixa,pouco provável
61f00310-18c4-4193-96f2-ca49528bcb36,Análise de Perfil,Análise de Perfil,2025-08-10,1,2,2,37050,Tecnologia,Alta,muito provável
a55bceaf-09b5-424d-81c0-34998adfb272,Análise de Perfil,Conversa com o Cliente,2025-01-29,1,9,9,19949,Tecnologia,Média,pouco provável
bee40212-b59c-4b59-a5ff-629f57613449,Análise de Perfil,Conversa com o Cliente,2025-03-16,1,7,7,41405,Tecnologia,Baixa,pouco provável
72fe8451-0dcf-49d3-aeef-d8c8da6a2086,Análise de Perfil,Análise de Perfil,2025-04-19,1,5,5,34014,Serviços,Baixa,pouco provável
825f9138-2975-42f6-9a50-dec0469b6fb4,Análise de Perfil,Conversa com o Cliente,2025-09-19,1,8,8,20173,Comércio,Baixa,pouco provável
3371c617-1283-431a-aeb1-a075307094d3,Análise de Perfil,Conversa com o Cliente,2025-08-28,1,13,13,49613,Comércio,Baixa,pouco provável
12b318bb-219d-4d28-be47-690119233146,Análise de Perfil,Conversa com o Cliente,2025-06-07,1,13,13,32241,Educação,Baixa,pouco provável
f04610c6-e321-4ff2-a5a5-c46ab1629268,Análise de Perfil,Conversa com o Cliente,2025-05-04,1,1,1,24586,Educação,Baixa,pouco provável
e90714be-7da7-4f33-a5d9-0e21f4020da3,Análise de Perfil,Conversa com o Cliente,2025-01-12,1,4,4,16076,Saúde,Baixa,pouco provável
de73f99b-1d0e-4b58-9134-cbf3e9f904fb,Análise de Perfil,Conversa com o Cliente,2025-10-22,1,14,14,24827,Serviços,Alta,provável
8de4740c-4901-4b9b-b234-eedac046998d,Análise de Perfil,Conversa com o Cliente,2025-06-07,1,11,11,31161,Indústria,Alta,provável
75c5cd84-7878-4d47-ab91-6347224a469d,Análise de Perfil,Conversa com o Cliente,2025-07-31,1,12,12,34635,Indústria,Média,pouco provável
6907847d-4202-43d0-a19a-7f55f03988b4,Análise de Perfil,Conversa com o Cliente,2025-08-20,1,2,2,6256,Indústria,Alta,muito provável
3a2c1327-3c6c-4515-80fe-1f4d5b1fc51b,Análise de Perfil,Conversa com o Cliente,2025-11-28,1,8,8,27270,Tecnologia,Média,provável
46099d1a-71e9-4fa6-90dd-1c1db3159970,Análise de Perfil,Conversa com o Cliente,2025-08-30,1,4,4,33216,Educação,Baixa,pouco provável
b1c59438-3341-4e1a-88a2-a95682626c28,Análise de Perfil,Conversa com o Cliente,2025-02-07,1,12,12,10602,Educação,Alta,provável
2fd0b040-3af0-472a-b2ff-6966e979004f,Análise de Perfil,Análise de Perfil,2025-07-18,1,12,12,29407,Serviços,Média,pouco provável
7a6871fd-078d-46d3-ac5d-dc045ca52ce4,Análise de Perfil,Conversa com o Cliente,2025-07-29,1,13,13,10950,Saúde,Média,provável
69273721-f2c8-4b00-91f6-a5bf5f08f2af,Análise de Perfil,Conversa com o Cliente,2025-07-30,1,3,3,11673,Indústria,Média,provável
b717392c-ecbd-46f2-b9d5-d6ffec8353f9,Análise de Perfil,Análise de Perfil,2025-07-22,1,11,11,8661,Comércio,Média,pouco provável
9889718a-aba3-4be0-8e73-9a4f6ec1db58,Análise de Perfil,Conversa com o Cliente,2025-02-21,1,10,10,41796,Tecnologia,Média,pouco provável
dffd856b-6dbb-4541-8907-fd7a8caa49e1,Análise de Perfil,Conversa com o Cliente,2025-07-13,1,3,3,48729,Indústria,Baixa,pouco provável
066255e4-6c59-4d21-a44d-51dedd967f8f,Análise de Perfil,Conversa com o Cliente,2025-06-11,1,9,9,42277,Comércio,Alta,muito provável
035e07b9-a8b4-4018-baba-409954a52da6,Análise de Perfil,Conversa com o Cliente,2025-03-25,1,1,1,49634,Comércio,Média,pouco provável
79922969-1164-41ec-aa47-1a2dbd380ac7,Análise de Perfil,Análise de Perfil,2025-08-20,1,12,12,6966,Comércio,Baixa,pouco provável
950d2e24-f7d0-4cf1-af3f-47ae9dfd6f79,Análise de Perfil,Conversa com o Cliente,2025-09-15,1,13,13,5371,Indústria,Baixa,pouco provável
2f98eeb6-46d1-48ad-a74f-be0b4b49c176,Análise de Perfil,Conversa com o Cliente,2025-07-19,1,2,2,8930,Educação,Média,provável
3628ea92-ce27-4c74-9f22-53358ef68e3d,Análise de Perfil,Conversa com o Cliente,2025-01-24,1,6,6,31961,Comércio,Alta,muito provável
3e1eb2de-2f6d-4ca5-b212-416f964acdf4,Análise de Perfil,Conversa com o Cliente,2025-10-19,1,12,12,47295,Serviços,Média,provável
4992487e-a34c-4003-a0d9-6ccc387a551d,Análise de Perfil,Análise de Perfil,2025-06-25,1,5,5,36926,Indústria,Média,pouco provável
8a9ffe4d-e80c-47d8-8126-d7e3f20b1b54,Análise de Perfil,Conversa com o Cliente,2025-06-22,1,13,13,9625,Saúde,Média,pouco provável
1ae3b61b-9937-4a80-bd99-df2dc55e2621,Análise de Perfil,Conversa com o Cliente,2025-07-05,1,11,11,31503,Tecnologia,Média,provável
d4d66b83-0ff9-4fa5-9301-6e4d211a4bb1,Análise de Perfil,Conversa com o Cliente,2025-08-24,1,4,4,8658,Saúde,Média,provável
f516ce00-13b1-4a15-9966-469c60d0c279,Análise de Perfil,Conversa com o Cliente,2025-06-07,1,11,11,39244,Serviços,Média,pouco provável
5183c63f-c34f-4bc4-8751-e56967006025,Análise de Perfil,Conversa com o Cliente,2025-04-06,1,11,11,47115,Comércio,Média,pouco provável
b9ed70c9-f628-474d-8c4a-96ff5b941b0e,Análise de Perfil,Conversa com o Cliente,2025-09-22,1,6,6,27407,Educação,Alta,muito provável
d056c3a0-aa78-42e7-bbb8-d6ecc3d5548a,Análise de Perfil,Conversa com o Cliente,2025-01-10,1,7,7,36808,Indústria,Média,pouco provável
62d0dc9d-21c2-457b-b6ff-cfa900d4bc2b,Análise de Perfil,Conversa com o Cliente,2025-08-15,1,4,4,6272,Comércio,Média,provável
c81cbd83-4579-4d92-8500-8d5500c25f37,Análise de Perfil,Conversa com o Cliente,2025-08-03,1,15,15,30684,Educação,Alta,provável
82c19730-9d4d-49a6-9fd5-1277ab40e8c6,Análise de Perfil,Conversa com o Cliente,2025-05-19,1,13,13,27311,Serviços,Média,pouco provável
3dc80b75-a916-41a8-ac69-be9c830dcec7,Análise de Perfil,Conversa com o Cliente,2025-05-07,1,1,1,20976,Comércio,Baixa,pouco provável
3e1e2279-71fd-4d67-ae39-961a09979979,Análise de Perfil,Análise de Perfil,2025-08-26,1,12,12,22919,Comércio,Média,pouco provável
9eb9db40-1a63-4ba2-9cf4-96a55edbe1ae,Análise de Perfil,Conversa com o Cliente,2025-05-23,1,4,4,7112,Indústria,Baixa,pouco provável
7c8826b4-c2cb-44c7-9b17-5e22455b0efc,Análise de Perfil,Análise de Perfil,2025-11-24,1,10,10,16109,Saúde,Baixa,pouco provável
0ee844e0-75c9-4bf6-92e3-2fdf952a2c11,Análise de Perfil,Conversa com o Cliente,2025-09-27,1,14,14,45851,Tecnologia,Alta,provável
c967ba26-6460-4775-9a33-e8ccaddf71e2,Análise de Perfil,Conversa com o Cliente,2025-09-22,1,14,14,38626,Comércio,Baixa,pouco provável
72f4620e-ff5d-4622-8497-6e23ce3f9075,Análise de Perfil,Conversa com o Cliente,2025-03-25,1,15,15,46856,Saúde,Média,provável
ba333c28-a6cc-4d74-9d52-694a9c38dfd9,Análise de Perfil,Análise de Perfil,2025-05-07,1,6,6,19930,Saúde,Alta,provável
62ad7b0f-741f-483a-97b5-609b7404daf4,Análise de Perfil,Conversa com o Cliente,2025-08-25,1,8,8,8079,Comércio,Média,pouco provável
b198344e-e774-4a54-9ef2-b39984f3ab52,Análise de Perfil,Conversa com o Cliente,2025-07-04,1,10,10,20650,Tecnologia,Baixa,pouco provável
fb462e6f-1445-4e9b-ba61-b20cadf1e658,Análise de Perfil,Análise de Perfil,2025-08-31,1,7,7,15927,Educação,Baixa,pouco provável
ae60982b-c725-42a0-9cbe-3d31a23b7fae,Análise de Perfil,Conversa com o Cliente,2025-12-10,1,12,12,12160,Tecnologia,Média,pouco provável
a3bc0860-d9df-47fe-827b-f4cc836fff07,Análise de Perfil,Conversa com o Cliente,2025-07-16,1,15,15,29898,Comércio,Baixa,pouco provável
de302953-2873-40e6-a5b6-882f3aa0ab85,Análise de Perfil,Conversa com o Cliente,2025-08-25,1,5,5,11344,Tecnologia,Alta,provável
de80c649-0c2f-4129-8c65-74e0fea7153a,Análise de Perfil,Análise de Perfil,2025-07-19,1,6,6,15140,Educação,Média,pouco provável
9aefd8d2-ef1d-49f8-986d-2bfd21c6c9e6,Análise de Perfil,Conversa com o Cliente,2025-04-20,1,4,4,35228,Comércio,Baixa,pouco provável
1a43dfe1-9c03-451d-8dc2-19ad4724ab9c,Análise de Perfil,Análise de Perfil,2025-07-29,1,13,13,34363,Educação,Alta,provável
867052c5-203b-44c4-9737-32a2843205d9,Análise de Perfil,Conversa com o Cliente,2025-04-24,1,15,15,7003,Saúde,Baixa,pouco provável
12253ae4-f374-418c-8db8-02b5760aee3b,Análise de Perfil,Conversa com o Cliente,2025-04-24,1,10,10,18636,Indústria,Alta,provável
39ca56f2-4898-4417-9a18-d91268fdbada,Análise de Perfil,Conversa com o Cliente,2025-06-13,1,12,12,44435,Saúde,Baixa,pouco provável
58ba9de0-c757-4270-870d-3acd3fb1d90e,Análise de Perfil,Conversa com o Cliente,2025-02-11,1,7,7,16828,Educação,Baixa,pouco provável
756724b7-3a44-433e-8c78-75a6d5c9b581,Análise de Perfil,Conversa com o Cliente,2025-09-20,1,11,11,48576,Comércio,Baixa,pouco provável
ad370e0f-fc59-445b-97ba-c139b3bba1c4,Análise de Perfil,Conversa com o Cliente,2025-04-06,1,5,5,7695,Indústria,Média,provável
8103a64d-8f6b-4e43-9716-ce7df11c6525,Análise de Perfil,Análise de Perfil,2025-11-28,1,7,7,6245,Tecnologia,Média,provável
e86aaf4d-3763-49ef-bcbb-d440f8f28366,Análise de Perfil,Análise de Perfil,2025-06-02,1,10,10,33409,Indústria,Média,provável
c8cd7e61-a7d6-44ac-8753-187d45564a3b,Análise de Perfil,Conversa com o Cliente,2025-06-10,1,9,9,34965,Saúde,Baixa,pouco provável
efe58319-adaf-4470-824b-37f9057a43bf,Análise de Perfil,Análise de Perfil,2025-05-16,1,5,5,49781,Serviços,Média,pouco provável
83eb6e1b-9949-483f-ad1a-ed7ffada4c65,Análise de Perfil,Conversa com o Cliente,2025-04-19,1,3,3,35525,Comércio,Média,provável
80ca9aac-0a9e-4ad2-9178-a323d4e1b653,Análise de Perfil,Análise de Perfil,2025-12-09,1,15,15,37405,Saúde,Baixa,pouco provável
07029638-68c7-409e-bed7-0e9a2dd27878,Análise de Perfil,Conversa com o Cliente,2025-06-23,1,4,4,29568,Comércio,Média,pouco provável
c288947e-03b9-4265-a25f-34020f08c518,Análise de Perfil,Conversa com o Cliente,2025-10-12,1,8,8,10725,Educação,Média,provável
c8c474fd-bdfb-4675-8bf4-f5ea78007850,Análise de Perfil,Conversa com o Cliente,2025-07-31,1,12,12,49971,Serviços,Baixa,pouco provável
960db7da-f0cf-43fb-89a1-218e3e2a863b,Análise de Perfil,Conversa com o Cliente,2025-03-16,1,3,3,22309,Comércio,Média,provável
1fc55a52-9e91-4875-82df-571a432049a7,Análise de Perfil,Conversa com o Cliente,2025-01-26,1,13,13,29698,Tecnologia,Média,provável
7e6c74d6-5c18-4d40-bc05-04900f20b616,Análise de Perfil,Conversa com o Cliente,2025-07-09,1,7,7,47381,Comércio,Baixa,pouco provável
2e018fbb-41f9-4d51-8468-710d46936778,Análise de Perfil,Conversa com o Cliente,2025-01-28,1,9,9,32034,Tecnologia,Média,provável
8f03e6c4-e269-4007-96bf-9f149b115829,Análise de Perfil,Conversa com o Cliente,2025-03-16,1,6,6,16016,Tecnologia,Média,provável
a570b44c-5e9d-411d-90c7-495927f804e8,Análise de Perfil,Análise de Perfil,2025-02-27,1,11,11,8068,Indústria,Média,provável
886f135d-b399-4e16-86f2-e14021127992,Análise de Perfil,Conversa com o Cliente,2025-08-30,1,12,12,25587,Educação,Baixa,pouco provável
b34853d9-415b-4f34-b60a-ca866adc73c2,Análise de Perfil,Análise de Perfil,2025-07-25,1,11,11,38894,Educação,Baixa,pouco provável
5685f6b5-dd9b-4240-9de4-b05f3aa92c23,Análise de Perfil,Conversa com o Cliente,2025-01-07,1,1,1,26713,Tecnologia,Baixa,pouco provável
b50ce338-860a-4b47-be70-b8c53877ded1,Análise de Perfil,Conversa com o Cliente,2025-11-05,1,1,1,37961,Educação,Alta,muito provável
3f47252c-ddd1-4c8f-8007-351650382ae1,Análise de Perfil,Conversa com o Cliente,2025-11-30,1,14,14,18860,Serviços,Média,provável
6a6b8186-891f-41b1-a32a-835a4f555f3c,Análise de Perfil,Conversa com o Cliente,2025-10-30,1,14,14,19980,Indústria,Média,provável
b3012f8d-6c8d-4526-999e-289c58750652,Análise de Perfil,Análise de Perfil,2025-07-08,1,3,3,14525,Serviços,Baixa,pouco provável
66f05598-6600-4dd0-af59-ef4de7445179,Análise de Perfil,Análise de Perfil,2025-06-18,1,7,7,49899,Serviços,Baixa,pouco provável
a7c58b25-8e5d-4835-a7ad-0cafbcdf4073,Análise de Perfil,Conversa com o Cliente,2025-02-03,1,9,9,13545,Tecnologia,Baixa,pouco provável
67975d60-3cff-4888-9918-147c11608b37,Análise de Perfil,Conversa com o Cliente,2025-01-17,1,10,10,5839,Educação,Baixa,pouco provável
d7db9e23-bd5d-47f8-a2b8-3578d326007b,Análise de Perfil,Análise de Perfil,2025-10-01,1,14,14,25541,Educação,Alta,muito provável
6ec6e293-6290-47e6-8261-cccf3a4cd1a4,Análise de Perfil,Conversa com o Cliente,2025-07-27,1,8,8,17834,Comércio,Baixa,pouco provável
fcf9224c-aa56-43bd-a161-fa1dcca855ae,Análise de Perfil,Conversa com o Cliente,2025-04-19,1,10,10,37235,Saúde,Baixa,pouco provável
2e65d0a1-7432-4fb6-a2b5-130c7652bf98,Análise de Perfil,Conversa com o Cliente,2025-10-26,1,2,2,10324,Educação,Baixa,pouco provável
fdac98f1-f87c-41c5-bba3-f0ec02851f0d,Análise de Perfil,Análise de Perfil,2025-07-16,1,8,8,24054,Comércio,Alta,provável
2d7e1121-74cf-4194-8303-f38502848829,Análise de Perfil,Conversa com o Cliente,2025-02-09,1,3,3,47987,Tecnologia,Alta,provável
27f7fcad-fb3d-46de-9462-9fdf9e91c81c,Análise de Perfil,Conversa com o Cliente,2025-08-23,1,11,11,19271,Tecnologia,Média,pouco provável
9db4b0a3-85b2-41d6-ba66-bbea4833cf49,Análise de Perfil,Análise de Perfil,2025-11-10,1,2,2,46790,Comércio,Média,provável
989fb78c-7c86-464d-b8c2-8269a9d5b3f5,Análise de Perfil,Análise de Perfil,2025-01-15,1,8,8,35715,Tecnologia,Alta,provável
63040b9c-7553-4268-9886-6f1cc5cf11ec,Análise de Perfil,Conversa com o Cliente,2025-06-25,1,10,10,14746,Educação,Média,provável
354096ec-fc5c-4955-a449-514d3876a7a8,Análise de Perfil,Conversa com o Cliente,2025-06-17,1,13,13,26354,Serviços,Alta,muito provável
79fa73f8-25ff-40ac-be67-e03e50fa2423,Análise de Perfil,Conversa com o Cliente,2025-11-05,1,15,15,35067,Comércio,Baixa,pouco provável
b31506fd-6734-4096-b7e2-27b07c88d1f0,Análise de Perfil,Conversa com o Cliente,2025-08-01,1,12,12,5735,Indústria,Baixa,pouco provável
edf5e4a3-208f-4c73-8f6b-bb76c54b2073,Análise de Perfil,Análise de Perfil,2025-02-18,1,1,1,45346,Serviços,Média,provável
cdf26671-967a-41f4-b836-c670a6ee283b,Análise de Perfil,Conversa com o Cliente,2025-03-06,1,11,11,10224,Comércio,Alta,muito provável
dfe81580-e0db-486e-81ec-23e290ef7822,Análise de Perfil,Conversa com o Cliente,2025-10-15,1,11,11,40876,Educação,Média,provável
c4c1c615-6852-4307-b749-aba9c10ae375,Análise de Perfil,Conversa com o Cliente,2025-03-21,1,7,7,25559,Indústria,Baixa,pouco provável
c1845007-1261-4523-b1f6-f13a47c09e85,Análise de Perfil,Conversa com o Cliente,2025-01-17,1,13,13,11149,Serviços,Baixa,pouco provável
bc3ba69f-91e7-4c67-bc54-6d1b2e802f22,Análise de Perfil,Análise de Perfil,2025-01-12,1,10,10,32976,Educação,Alta,provável
1e7f4d47-3db7-46d1-8be7-2a22ce50c1ed,Análise de Perfil,Conversa com o Cliente,2025-08-23,1,1,1,5907,Comércio,Baixa,pouco provável
e70769fa-792c-4735-9632-1bb2d0c7a89f,Análise de Perfil,Conversa com o Cliente,2025-05-09,1,14,14,6888,Saúde,Média,pouco provável
90b691bb-de54-4299-ba11-ae0feebb9d40,Análise de Perfil,Análise de Perfil,2025-05-23,1,13,13,23550,Serviços,Média,pouco provável
a21ed9af-d344-444e-a770-97b7939e49d9,Análise de Perfil,Conversa com o Cliente,2025-05-21,1,6,6,14308,Indústria,Média,provável
01d7ac5d-3a3d-4a25-bb90-88ab7a7ef32d,Análise de Perfil,Análise de Perfil,2025-05-14,1,13,13,13047,Saúde,Média,pouco provável
4455ff55-bf75-411e-9e32-33a9806b6e45,Análise de Perfil,Análise de Perfil,2025-03-19,1,15,15,30468,Comércio,Alta,provável
af9a5f64-5427-4b3d-9737-a27ab8ee9f91,Análise de Perfil,Conversa com o Cliente,2025-10-30,1,15,15,41229,Indústria,Baixa,pouco provável
fd6de194-f224-458d-a177-4a041fa0fc16,Análise de Perfil,Conversa com o Cliente,2025-03-25,1,1,1,28071,Indústria,Baixa,pouco provável
76bee420-2f18-4fdc-b00c-f8306416245e,Análise de Perfil,Análise de Perfil,2025-02-07,1,6,6,46794,Tecnologia,Média,pouco provável
128de16b-be5f-4a42-b120-c5e4f61a9bec,Análise de Perfil,Conversa com o Cliente,2025-08-23,1,5,5,9162,Saúde,Média,provável
6f5ae8c9-3f43-49fa-b565-b901482b2137,Análise de Perfil,Conversa com o Cliente,2025-06-26,1,3,3,21858,Saúde,Alta,provável
5f5c9d8b-ec1e-4654-a19a-9f11c3e48718,Análise de Perfil,Conversa com o Cliente,2025-05-06,1,13,13,48997,Serviços,Média,provável
a0f9ca3e-fe09-4011-873d-59b39522da4e,Análise de Perfil,Análise de Perfil,2025-07-14,1,4,4,19647,Serviços,Baixa,pouco provável
a4848ad2-2110-43da-9fa0-4d4946081fa6,Análise de Perfil,Conversa com o Cliente,2025-06-22,1,8,8,11899,Saúde,Média,provável
e9efe0cb-1a20-4340-af48-4fbe565fea4e,Análise de Perfil,Conversa com o Cliente,2025-04-17,1,13,13,10878,Educação,Alta,muito provável
2b1a5177-2922-48f9-aea5-156c09de23aa,Análise de Perfil,Conversa com o Cliente,2025-02-20,1,12,12,43379,Educação,Baixa,pouco provável
d479894a-65e2-4c98-9c7f-b8dfa4d6011b,Análise de Perfil,Conversa com o Cliente,2025-11-19,1,15,15,11078,Serviços,Alta,muito provável
2dc26daa-d12f-4c88-a0b6-062852c3e264,Análise de Perfil,Conversa com o Cliente,2025-11-10,1,4,4,22810,Serviços,Média,pouco provável
34870eda-3166-4f33-b803-5196e2108519,Análise de Perfil,Conversa com o Cliente,2025-06-27,1,5,5,22663,Serviços,Média,provável
9883cfda-544a-4841-93c8-e0b073a1dddf,Análise de Perfil,Conversa com o Cliente,2025-05-21,1,13,13,5789,Saúde,Média,provável
9c596b7b-b5eb-4faf-abbf-5d3b41b7e8e4,Análise de Perfil,Conversa com o Cliente,2025-09-25,1,8,8,48545,Comércio,Baixa,pouco provável
c877babe-fe7d-47dc-868a-0a1537e6801a,Análise de Perfil,Conversa com o Cliente,2025-10-30,1,3,3,11249,Indústria,Alta,provável
782f4e1f-23a1-42c4-9904-e55e679ecafe,Análise de Perfil,Conversa com o Cliente,2025-09-28,1,12,12,44192,Comércio,Média,provável
37698574-f1e6-4df7-b04a-4677d007dd12,Análise de Perfil,Conversa com o Cliente,2025-11-26,1,5,5,16918,Indústria,Baixa,pouco provável
32b690c0-f398-4e56-b285-ecdbc712f3c4,Análise de Perfil,Análise de Perfil,2025-10-27,1,3,3,48529,Serviços,Média,provável
dc723d9c-917c-4bcf-a7fb-8bcd20f0ac55,Análise de Perfil,Conversa com o Cliente,2025-03-19,1,9,9,19488,Comércio,Média,pouco provável
d22e7e78-fae1-41aa-bcf2-a0fe936239ab,Análise de Perfil,Conversa com o Cliente,2025-06-12,1,7,7,14113,Educação,Média,pouco provável
533c98fe-68e0-47e2-95aa-93ddc21f8efd,Análise de Perfil,Conversa com o Cliente,2025-09-20,1,10,10,29698,Indústria,Média,provável
7553e5af-dfad-418c-b99e-a441a61b0ab6,Análise de Perfil,Análise de Perfil,2025-02-25,1,2,2,29505,Educação,Baixa,pouco provável
b389ab51-213b-4e52-a908-d2a172423669,Análise de Perfil,Análise de Perfil,2025-05-23,1,2,2,5294,Tecnologia,Média,provável
af58e81f-4d77-4e4d-bc0a-9326c0948783,Análise de Perfil,Análise de Perfil,2025-10-30,1,10,10,45398,Educação,Baixa,pouco provável
dbd1e122-5237-4090-a3b2-d10b6afdf976,Análise de Perfil,Conversa com o Cliente,2025-10-28,1,10,10,20829,Comércio,Baixa,pouco provável
8acffd82-4e63-4b20-af41-4e26727fff7b,Análise de Perfil,Conversa com o Cliente,2025-02-28,1,12,12,5732,Serviços,Média,pouco provável
0e992552-2f59-4d3c-b08a-3162edfbc6d0,Análise de Perfil,Conversa com o Cliente,2025-01-28,1,12,12,11376,Educação,Média,pouco provável
51070f30-2254-4ded-a306-8e5137d1e7ba,Análise de Perfil,Conversa com o Cliente,2025-06-02,1,1,1,19125,Educação,Média,pouco provável
1509a49f-ba19-4f1f-8d4c-e9b72acff359,Análise de Perfil,Análise de Perfil,2025-04-11,1,1,1,20423,Comércio,Baixa,pouco provável
c0bd476e-6ad4-40ee-9665-456efb106fe8,Análise de Perfil,Análise de Perfil,2025-07-28,1,13,13,41262,Tecnologia,Baixa,pouco provável
04e6610e-856f-4699-9ac1-20021b823ac1,Análise de Perfil,Conversa com o Cliente,2025-11-28,1,5,5,14184,Saúde,Baixa,pouco provável
c3c00e6e-752a-4bd7-bcb8-438ad3a4b699,Análise de Perfil,Conversa com o Cliente,2025-05-08,1,10,10,14945,Comércio,Média,pouco provável
6c49eda0-c596-4851-8365-9d42edeaba47,Análise de Perfil,Conversa com o Cliente,2025-02-21,1,7,7,35243,Serviços,Média,pouco provável
ff61c33f-e7c8-45f4-afa4-47d2f752dcb1,Análise de Perfil,Conversa com o Cliente,2025-04-22,1,8,8,43557,Indústria,Média,provável
49185bfd-0f87-4a05-a125-7dcfc9eda574,Análise de Perfil,Análise de Perfil,2025-01-16,1,1,1,44560,Serviços,Média,pouco provável
afe93fbd-18db-4f30-94c1-0927fc079db8,Análise de Perfil,Conversa com o Cliente,2025-08-25,1,1,1,21983,Comércio,Baixa,pouco provável
34b3745a-3211-4b08-939c-d510bb679d53,Análise de Perfil,Conversa com o Cliente,2025-11-22,1,8,8,42242,Educação,Média,pouco provável
c553f740-0f6f-495d-937b-e18c8aff71cf,Análise de Perfil,Conversa com o Cliente,2025-07-25,1,3,3,35775,Saúde,Média,provável
147c589a-340d-468f-a75c-af1fa5aa9adf,Análise de Perfil,Conversa com o Cliente,2025-11-23,1,6,6,12988,Indústria,Alta,provável
1e7d6b62-45ad-4b25-b9aa-30a210b365b6,Análise de Perfil,Conversa com o Cliente,2025-06-10,1,1,1,46347,Indústria,Média,provável
35c0ce49-a98d-46ee-b88e-c0ab913f74dc,Análise de Perfil,Conversa com o Cliente,2025-01-13,1,6,6,35815,Indústria,Alta,provável
8c865305-46ff-4fb2-85ca-456ebfd6ff1e,Análise de Perfil,Conversa com o Cliente,2025-06-28,1,13,13,13334,Indústria,Baixa,pouco provável
61c05c54-7b32-421d-bd51-254a0637ac0c,Análise de Perfil,Conversa com o Cliente,2025-08-27,1,7,7,24866,Serviços,Baixa,pouco provável
8abbdeda-66a6-490e-9f66-714082d502fa,Análise de Perfil,Conversa com o Cliente,2025-03-04,1,13,13,9242,Saúde,Baixa,pouco provável
7de86378-7975-4d99-b72b-e4bc5ce99508,Análise de Perfil,Conversa com o Cliente,2025-01-15,1,4,4,13089,Serviços,Alta,provável
f498631e-47bb-4c19-aee4-6d5a4a1e1c3f,Análise de Perfil,Análise de Perfil,2025-06-17,1,14,14,14695,Serviços,Média,provável
105e4db8-55cc-4bb0-96f0-61ec72a729b2,Análise de Perfil,Conversa com o Cliente,2025-10-05,1,2,2,19279,Saúde,Alta,provável
b6ea249b-45bf-4ff5-bf50-e464eef4d838,Análise de Perfil,Análise de Perfil,2025-09-22,1,11,11,31950,Serviços,Média,pouco provável
e1348470-184a-4757-b9ee-1f0bcb46589c,Análise de Perfil,Análise de Perfil,2025-10-26,1,1,1,41093,Serviços,Alta,provável
bc7f60df-60b0-4cb3-bfa9-2e90d01110b9,Análise de Perfil,Conversa com o Cliente,2025-03-01,1,9,9,11617,Serviços,Alta,provável
d079a3f2-1f34-4d9e-818b-f81871ba772c,Análise de Perfil,Conversa com o Cliente,2025-08-06,1,14,14,23552,Indústria,Média,pouco provável
2ea7bdb4-1b0c-42e5-86aa-41ca165707a9,Análise de Perfil,Conversa com o Cliente,2025-01-18,1,9,9,33582,Educação,Baixa,pouco provável
642f72cc-b5ed-47a1-a554-5174001d38e1,Análise de Perfil,Conversa com o Cliente,2025-03-23,1,14,14,13068,Indústria,Baixa,pouco provável
18f76370-6741-4f3e-b3f6-7eaa2518c687,Análise de Perfil,Conversa com o Cliente,2025-01-25,1,13,13,10388,Educação,Média,pouco provável
02edc6ee-7917-47ce-a00c-9ade868a7758,Análise de Perfil,Análise de Perfil,2025-05-21,1,5,5,18995,Indústria,Média,pouco provável
4198727b-2f2e-49f2-ab98-e5f7262a466d,Análise de Perfil,Conversa com o Cliente,2025-05-16,1,15,15,38148,Comércio,Alta,muito provável
233a8b2d-420c-49e2-8484-b7404a9e42ce,Análise de Perfil,Conversa com o Cliente,2025-11-28,1,2,2,21914,Tecnologia,Média,provável
7dbf6565-489f-4014-90ce-b8070b69e5c0,Análise de Perfil,Análise de Perfil,2025-04-03,1,13,13,30955,Comércio,Alta,muito provável
2420f06b-0cf1-4b85-b378-88606993904a,Análise de Perfil,Conversa com o Cliente,2025-09-21,1,13,13,18253,Tecnologia,Alta,provável
ebcb3ae2-d85f-4d25-b3b8-0be9dc4405c4,Análise de Perfil,Conversa com o Cliente,2025-02-20,1,15,15,47073,Saúde,Média,provável
83cd8f6c-2b07-4d59-bdc4-a1759e11ba6e,Análise de Perfil,Conversa com o Cliente,2025-12-08,1,12,12,6317,Educação,Baixa,pouco provável
6174cfb7-dfd5-4bc0-8770-70a181055734,Análise de Perfil,Análise de Perfil,2025-01-25,1,13,13,44493,Educação,Alta,muito provável
72d8d5bb-0b21-4512-9768-e84cb4dbf685,Análise de Perfil,Conversa com o Cliente,2025-05-03,1,12,12,11853,Serviços,Média,pouco provável
4f6d4643-0760-4f5a-a312-4e12185743d2,Análise de Perfil,Conversa com o Cliente,2025-08-17,1,8,8,24083,Educação,Baixa,pouco provável
2b152ba1-ba5d-446e-ba8b-162d3dbf3e40,Análise de Perfil,Conversa com o Cliente,2025-09-17,1,14,14,48459,Indústria,Média,provável
b956176a-19d6-4f7f-b858-98d98565ae16,Análise de Perfil,Conversa com o Cliente,2025-03-25,1,1,1,39049,Tecnologia,Alta,muito provável
1a3450c5-d476-4786-b0ad-ccd004f5a163,Análise de Perfil,Conversa com o Cliente,2025-03-11,1,5,5,37034,Indústria,Baixa,pouco provável
5985ceb7-ea27-4f34-b747-89387d9fc6cd,Análise de Perfil,Conversa com o Cliente,2025-07-11,1,6,6,19861,Serviços,Média,pouco provável
d57dac55-8194-43b6-862d-9e67cc066ba4,Análise de Perfil,Conversa com o Cliente,2025-05-17,1,12,12,40411,Indústria,Baixa,pouco provável
90fe6a18-27e5-4175-8a38-a4e4c67fa00a,Análise de Perfil,Análise de Perfil,2025-08-01,1,10,10,24084,Serviços,Alta,provável
aa27c9a6-ce48-4c38-aba8-721479ae7e26,Análise de Perfil,Conversa com o Cliente,2025-10-29,1,7,7,8866,Serviços,Média,pouco provável
2819aa3b-071c-4684-aee1-0f3d80415cd1,Análise de Perfil,Conversa com o Cliente,2025-08-10,1,1,1,36434,Educação,Alta,muito provável
9c62c77b-adeb-4b59-a580-68c6cb619fd2,Análise de Perfil,Conversa com o Cliente,2025-02-03,1,11,11,33593,Educação,Alta,provável
0115e140-322f-48ec-b76c-fdab40ef3c4e,Análise de Perfil,Análise de Perfil,2025-05-15,1,10,10,5023,Indústria,Baixa,pouco provável
9adac087-8bff-4b02-bb60-486d8989acff,Análise de Perfil,Conversa com o Cliente,2025-06-04,1,8,8,25152,Serviços,Média,provável
48f42dab-637e-4eee-b8f4-78dc91f74f47,Análise de Perfil,Conversa com o Cliente,2025-01-20,1,12,12,33634,Educação,Média,pouco provável
3d2c0488-85ad-459b-931e-caefa0388c18,Análise de Perfil,Conversa com o Cliente,2025-05-14,1,1,1,6909,Serviços,Alta,muito provável
0257bf64-5339-4e81-ba18-fe2febea4f3c,Análise de Perfil,Conversa com o Cliente,2025-01-28,1,5,5,7139,Saúde,Alta,provável
f8f7eaa0-b1f3-4d17-bd98-55f43459f5ad,Análise de Perfil,Análise de Perfil,2025-04-22,1,15,15,16470,Comércio,Baixa,pouco provável
e3d89e94-84ae-4a42-9e07-3a04eacbfebb,Análise de Perfil,Conversa com o Cliente,2025-07-18,1,13,13,37252,Educação,Baixa,pouco provável
1ff388bf-25fb-4ec4-9baf-354a559d9d9e,Análise de Perfil,Conversa com o Cliente,2025-11-22,1,2,2,43580,Tecnologia,Média,provável
acf312a8-abfe-4aec-9e4c-71d7412cf51b,Análise de Perfil,Conversa com o Cliente,2025-01-24,1,4,4,49343,Indústria,Baixa,pouco provável
081f5800-8048-4d0a-82a0-557d2ddd1e2b,Análise de Perfil,Conversa com o Cliente,2025-03-12,1,2,2,43057,Saúde,Baixa,pouco provável
5cafbb94-9bed-43e6-876a-6795d51b7c0e,Análise de Perfil,Conversa com o Cliente,2025-06-12,1,8,8,42589,Tecnologia,Alta,muito provável
049cf40a-24a9-4577-8fe5-a26c7bf5b743,Análise de Perfil,Conversa com o Cliente,2025-09-05,1,13,13,6673,Serviços,Alta,muito provável
acd6a006-3efd-4032-9433-c5922e4f1644,Análise de Perfil,Análise de Perfil,2025-02-18,1,8,8,14645,Comércio,Média,pouco provável
5a1fef06-eb49-459d-aee2-89c523f31b98,Análise de Perfil,Conversa com o Cliente,2025-04-10,1,1,1,47721,Indústria,Média,pouco provável
b3e6060a-1eb4-4afe-bb9b-ce7fb0ed4f81,Análise de Perfil,Análise de Perfil,2025-01-30,1,8,8,48737,Tecnologia,Média,provável
57371f5d-f4b6-4f88-a22e-228753a92c94,Análise de Perfil,Conversa com o Cliente,2025-08-10,1,7,7,16922,Educação,Baixa,pouco provável
7f2fffc3-e95e-4b1d-a602-a5c2454fb7d0,Análise de Perfil,Conversa com o Cliente,2025-10-08,1,6,6,36769,Indústria,Média,pouco provável
57a8c1b7-2f14-480d-b7d4-a30f41b8ea93,Análise de Perfil,Análise de Perfil,2025-03-31,1,9,9,7544,Educação,Média,pouco provável
51f7f282-b0d0-4135-9450-40448e1bb45e,Análise de Perfil,Conversa com o Cliente,2025-09-16,1,1,1,46362,Tecnologia,Média,provável
1c05159a-79f0-4ea6-84c6-2742d98c3e68,Análise de Perfil,Conversa com o Cliente,2025-12-04,1,9,9,11727,Educação,Alta,muito provável
de60dcc4-fdfb-4254-92a4-78c7b76c5583,Análise de Perfil,Conversa com o Cliente,2025-02-14,1,6,6,21481,Saúde,Média,provável
d33382ab-3aaa-46b7-ac18-8706e6067995,Análise de Perfil,Conversa com o Cliente,2025-06-17,1,9,9,6063,Comércio,Média,provável
1219db14-6ede-47f5-b2c8-cb20b3f63a24,Análise de Perfil,Conversa com o Cliente,2025-03-07,1,2,2,47076,Saúde,Baixa,pouco provável
ad23fc1a-39be-460f-af7a-29a79137bc3f,Análise de Perfil,Conversa com o Cliente,2025-01-25,1,5,5,17300,Serviços,Média,provável
f61b165e-7858-4ffd-9111-327594573aab,Análise de Perfil,Conversa com o Cliente,2025-07-17,1,11,11,8439,Indústria,Média,pouco provável
9c01b561-38a0-4c1c-8e33-f2ff66897fe8,Análise de Perfil,Análise de Perfil,2025-09-12,1,6,6,17219,Saúde,Média,pouco provável
fb0e44e8-6f2a-4b7e-8fc3-65c2b8f96d45,Análise de Perfil,Análise de Perfil,2025-10-26,1,9,9,20421,Educação,Média,pouco provável
6ac49e6c-6f87-444d-b3e7-745ae2aa37fb,Análise de Perfil,Análise de Perfil,2025-08-31,1,4,4,46600,Serviços,Média,pouco provável
f4c60f47-6d59-40e4-85fe-24a535af848e,Análise de Perfil,Análise de Perfil,2025-08-09,1,3,3,48800,Tecnologia,Baixa,pouco provável
4ab54234-6b02-444c-b478-a86ca0316f45,Análise de Perfil,Conversa com o Cliente,2025-11-27,1,15,15,21604,Saúde,Alta,muito provável
6771ed50-b202-4f03-a122-eccad5ad8b12,Análise de Perfil,Conversa com o Cliente,2025-12-01,1,13,13,29444,Educação,Média,provável
63046640-63be-484c-9b77-d6b35135a632,Análise de Perfil,Conversa com o Cliente,2025-03-15,1,10,10,26384,Saúde,Média,provável
65011845-f6b9-4a90-a4de-0c01da441d0c,Análise de Perfil,Conversa com o Cliente,2025-02-07,1,13,13,49946,Educação,Baixa,pouco provável
bd491cf1-9117-48c5-ba79-1a9c4e99addf,Análise de Perfil,Conversa com o Cliente,2025-04-04,1,11,11,22609,Educação,Média,provável
92e11852-9a10-4f50-b061-7339e71c90bc,Análise de Perfil,Análise de Perfil,2025-06-12,1,1,1,13516,Indústria,Alta,provável
1bb1d4a3-a86c-4e87-a251-ce8886d7a348,Análise de Perfil,Conversa com o Cliente,2025-08-10,1,1,1,22062,Indústria,Alta,provável
8f11b309-2511-4982-ac3b-d2e31cea7c41,Análise de Perfil,Análise de Perfil,2025-02-18,1,10,10,35733,Educação,Média,pouco provável
ccd3f00c-3fa0-407f-891a-5ca2b4a83de3,Análise de Perfil,Conversa com o Cliente,2025-02-07,1,2,2,29786,Educação,Baixa,pouco provável
4f47dae9-bf28-48bc-a0d6-7849b699d289,Análise de Perfil,Conversa com o Cliente,2025-02-25,1,1,1,12874,Serviços,Média,pouco provável
d3913bee-a775-47cf-a533-2bea3481c019,Análise de Perfil,Análise de Perfil,2025-10-25,1,4,4,32596,Indústria,Média,pouco provável
be2d3804-d650-41cd-bd28-a50f911f1277,Análise de Perfil,Análise de Perfil,2025-10-19,1,2,2,18016,Saúde,Baixa,pouco provável
050caeff-77fe-4054-906f-7dee1af7ceb2,Análise de Perfil,Conversa com o Cliente,2025-01-17,1,7,7,37928,Tecnologia,Média,pouco provável
7e96d528-b527-4e0c-b526-3a0c6e1dd05f,Análise de Perfil,Conversa com o Cliente,2025-01-07,1,1,1,38660,Serviços,Média,provável
c7c54ca1-f5f5-4181-8e0d-8c3c6e08f1b0,Análise de Perfil,Conversa com o Cliente,2025-09-10,1,1,1,15006,Indústria,Baixa,pouco provável
a22596c9-79ff-4eb1-849d-caba1aafa1ea,Análise de Perfil,Conversa com o Cliente,2025-05-27,1,2,2,24023,Tecnologia,Média,pouco provável
73211cbe-7e15-4f58-85ea-50db51c7c800,Análise de Perfil,Conversa com o Cliente,2025-10-19,1,5,5,49448,Educação,Baixa,pouco provável
cd167e5a-c903-4fb2-bf1c-ade4fe66a537,Análise de Perfil,Análise de Perfil,2025-05-02,1,11,11,14794,Indústria,Alta,muito provável
2e849b7f-5794-470e-badb-70649002bde1,Análise de Perfil,Análise de Perfil,2025-11-21,1,14,14,34440,Indústria,Baixa,pouco provável
371e221b-2fa8-412c-8eea-0ce7108b1e5c,Análise de Perfil,Conversa com o Cliente,2025-05-05,1,15,15,40137,Educação,Alta,provável
acb21c0c-d577-4d27-9735-3d038fd52a4d,Análise de Perfil,Conversa com o Cliente,2025-07-19,1,9,9,43687,Tecnologia,Baixa,pouco provável
5ef99f3b-4eda-4cfd-ba10-27067e759599,Análise de Perfil,Conversa com o Cliente,2025-12-05,1,12,12,9277,Saúde,Alta,provável
ea68d2d9-9735-43de-a760-1c1a64788e1f,Análise de Perfil,Conversa com o Cliente,2025-05-29,1,13,13,20948,Educação,Baixa,pouco provável
3e201069-69c5-4f99-8eeb-bc47bf9f303c,Análise de Perfil,Conversa com o Cliente,2025-01-30,1,2,2,49806,Saúde,Média,provável
b08c4194-6f6b-4553-8333-fd210dad966f,Análise de Perfil,Conversa com o Cliente,2025-09-03,1,14,14,16953,Indústria,Média,provável
d856044b-1c07-4e05-9b41-8466aeec8f69,Análise de Perfil,Conversa com o Cliente,2025-06-06,1,12,12,47839,Saúde,Média,provável
87e99776-6105-42c9-a78a-c8791b6e23b2,Análise de Perfil,Conversa com o Cliente,2025-07-10,1,5,5,45010,Educação,Média,pouco provável
9a7c7cd9-c0e5-4ff0-b574-a649ba9939c0,Análise de Perfil,Conversa com o Cliente,2025-05-19,1,12,12,49009,Educação,Baixa,pouco provável
fe895f90-d5ed-4e0f-85a2-0cf7cfec3c90,Análise de Perfil,Análise de Perfil,2025-04-30,1,5,5,33067,Comércio,Média,pouco provável
9c3fe9fa-d83b-414a-9de6-79f6410d8ef7,Análise de Perfil,Conversa com o Cliente,2025-03-25,1,4,4,29137,Saúde,Alta,muito provável
ce3cb064-8871-4982-97c3-47d41a8de303,Análise de Perfil,Conversa com o Cliente,2025-11-22,1,1,1,40861,Serviços,Média,provável
a25229a7-1fe2-4910-bf54-48c648302938,Análise de Perfil,Conversa com o Cliente,2025-04-10,1,7,7,37652,Indústria,Baixa,pouco provável
7c12d976-5c50-4d25-a9bb-060a779e6508,Análise de Perfil,Análise de Perfil,2025-08-25,1,7,7,34525,Comércio,Média,provável
8725f203-b304-4b37-bf01-b9a56123c8fd,Análise de Perfil,Análise de Perfil,2025-08-26,1,1,1,12191,Educação,Média,pouco provável
e22b28d9-561c-4f50-b8be-ac44fc72d67e,Análise de Perfil,Conversa com o Cliente,2025-08-17,1,2,2,42498,Comércio,Baixa,pouco provável
26e476d7-8ab6-4583-a0b8-f57b1e3c7a41,Análise de Perfil,Conversa com o Cliente,2025-09-19,1,1,1,35363,Educação,Alta,provável
57f0abab-2ef0-49ca-8f5c-31c929f24aeb,Análise de Perfil,Conversa com o Cliente,2025-01-13,1,4,4,15376,Saúde,Alta,provável
38dcf411-e9ce-4c5c-8a69-293df7471d51,Análise de Perfil,Conversa com o Cliente,2025-05-10,1,6,6,24958,Serviços,Média,provável
c0e797cf-48ef-46ca-b468-abb8599f3568,Análise de Perfil,Conversa com o Cliente,2025-05-02,1,7,7,41096,Saúde,Baixa,pouco provável
c2bbe58f-4568-42c9-8ed2-7eb605d98935,Análise de Perfil,Análise de Perfil,2025-02-26,1,10,10,40260,Comércio,Baixa,pouco provável
83df948e-4764-43e9-932e-8a47805692df,Análise de Perfil,Análise de Perfil,2025-01-29,1,10,10,5596,Saúde,Alta,provável
8107b09c-2da0-4485-8274-dcfac7a01f72,Análise de Perfil,Conversa com o Cliente,2025-06-09,1,13,13,44944,Tecnologia,Média,provável
2d3a255b-2624-48a7-924d-a6499a31c61b,Análise de Perfil,Análise de Perfil,2025-07-13,1,12,12,40896,Comércio,Média,provável
eed77dca-0bb2-4375-bdb4-c2e400c922cf,Análise de Perfil,Conversa com o Cliente,2025-06-12,1,6,6,17754,Saúde,Baixa,pouco provável
a4fd17d3-d25a-46ff-946a-3b69dab59442,Análise de Perfil,Conversa com o Cliente,2025-10-17,1,12,12,28300,Tecnologia,Baixa,pouco provável
b42d4d57-45bf-434b-83c5-e0958675b9f0,Análise de Perfil,Conversa com o Cliente,2025-10-08,1,13,13,48968,Tecnologia,Baixa,pouco provável
6ed221cb-95cb-49b8-8ffa-5d02090df7d1,Análise de Perfil,Conversa com o Cliente,2025-05-05,1,3,3,26770,Comércio,Média,pouco provável
0dcc637a-66f1-4f9a-b7d6-9010b2ced7ad,Análise de Perfil,Conversa com o Cliente,2025-02-25,1,15,15,37126,Saúde,Média,provável
ff597ec8-646a-46be-a2b3-f5df90e63812,Análise de Perfil,Conversa com o Cliente,2025-05-03,1,1,1,32931,Indústria,Alta,provável
124d0d1f-3c41-46d8-abf4-e4478e984cae,Análise de Perfil,Análise de Perfil,2025-08-05,1,1,1,44556,Comércio,Baixa,pouco provável
d5504d23-0b45-43d3-8a39-f91e25cbec87,Análise de Perfil,Análise de Perfil,2025-05-26,1,15,15,41530,Indústria,Alta,muito provável
45e5ae6d-bfc1-4417-b343-b899148a94f0,Análise de Perfil,Conversa com o Cliente,2025-05-04,1,11,11,38781,Saúde,Alta,provável
d6442628-6167-41f0-a57d-a7e1eac7616a,Análise de Perfil,Análise de Perfil,2025-10-06,1,4,4,13407,Educação,Média,pouco provável
598cf72a-c463-46c0-babb-3bb6e90893f7,Análise de Perfil,Análise de Perfil,2025-02-28,1,1,1,38114,Saúde,Baixa,pouco provável
5845bc85-e958-41ef-acd0-11246b96bbb5,Análise de Perfil,Conversa com o Cliente,2025-03-31,1,8,8,47553,Tecnologia,Baixa,pouco provável
825c71a6-1d6e-467d-a4bd-5b4f0445c8f8,Análise de Perfil,Conversa com o Cliente,2025-04-16,1,10,10,7269,Tecnologia,Alta,provável
265ee2d2-fe7a-4149-8fb8-8de35f69a385,Análise de Perfil,Conversa com o Cliente,2025-06-24,1,6,6,27775,Educação,Média,pouco provável
f06fa44f-6a3f-4b4d-a58f-89452583a648,Análise de Perfil,Conversa com o Cliente,2025-10-19,1,8,8,34514,Indústria,Baixa,pouco provável
3cd2aec9-e461-4926-90b8-6848c773f56d,Análise de Perfil,Conversa com o Cliente,2025-08-19,1,9,9,39186,Tecnologia,Média,pouco provável
15563a42-548f-41f5-a648-a5f2699367fd,Análise de Perfil,Conversa com o Cliente,2025-07-15,1,1,1,41053,Indústria,Baixa,pouco provável
2e891fc5-c0c2-43cc-ac96-3caf006a612a,Análise de Perfil,Conversa com o Cliente,2025-09-05,1,3,3,29670,Saúde,Média,provável
7b4e6101-20f3-40fd-a440-76a168977957,Análise de Perfil,Conversa com o Cliente,2025-08-27,1,15,15,41473,Educação,Alta,provável
052e2eef-7d5b-4e84-b1e5-0a893c0e6583,Análise de Perfil,Conversa com o Cliente,2025-05-02,1,9,9,36986,Comércio,Média,pouco provável
a51094b7-b8c5-45b1-8093-1c67e913a972,Análise de Perfil,Conversa com o Cliente,2025-05-23,1,12,12,15342,Serviços,Média,provável
5d7fb031-df74-45e6-ade7-cb038a849e66,Análise de Perfil,Conversa com o Cliente,2025-04-06,1,5,5,19075,Educação,Baixa,pouco provável
32118b86-b7cd-44e0-a2f3-37849bbae98c,Análise de Perfil,Conversa com o Cliente,2025-01-15,1,6,6,31655,Saúde,Média,pouco provável
251f7ce0-dd0d-4f3c-b79a-0ee7407e10fd,Análise de Perfil,Análise de Perfil,2025-10-23,1,15,15,35455,Tecnologia,Média,provável
57554ca4-52ef-4970-ab89-b1e75b9318ae,Análise de Perfil,Conversa com o Cliente,2025-08-11,1,14,14,37251,Tecnologia,Baixa,pouco provável
49cfb96d-55cc-407a-b8d9-072c7f66e16c,Análise de Perfil,Análise de Perfil,2025-06-30,1,6,6,22258,Saúde,Média,pouco provável
659cc8dd-cd43-4a95-ac84-8f38943cfc7c,Análise de Perfil,Conversa com o Cliente,2025-07-17,1,4,4,32154,Indústria,Baixa,pouco provável
f61e27cb-337d-4c86-b169-3860d63e2c9d,Análise de Perfil,Conversa com o Cliente,2025-04-02,1,12,12,30511,Comércio,Alta,provável
57bf7381-7d6a-44ef-86c3-0dddc837e328,Análise de Perfil,Análise de Perfil,2025-06-27,1,7,7,31487,Indústria,Média,pouco provável
37d5da14-e621-4718-bad8-8affcc9aad9e,Análise de Perfil,Conversa com o Cliente,2025-04-19,1,5,5,23031,Saúde,Média,pouco provável
0c7232cc-f1c1-4958-a529-fd1f6115a4e0,Análise de Perfil,Conversa com o Cliente,2025-03-12,1,4,4,11177,Saúde,Média,provável
decd72aa-8743-4695-9fc2-7a03640ba49e,Análise de Perfil,Conversa com o Cliente,2025-08-26,1,10,10,18182,Serviços,Média,pouco provável
83e3e7da-f3e8-4615-9b42-9a59e5175f43,Análise de Perfil,Conversa com o Cliente,2025-07-06,1,15,15,46960,Comércio,Baixa,pouco provável
61e64f67-1f70-4f6e-9d16-e9126f7a72d7,Análise de Perfil,Análise de Perfil,2025-03-15,1,13,13,6674,Comércio,Baixa,pouco provável
1b5fad5e-f37f-42f5-99a6-778703b47fa4,Análise de Perfil,Conversa com o Cliente,2025-07-27,1,4,4,39228,Serviços,Baixa,pouco provável
df9a3538-b34b-4735-94bf-5ea0eb803c8c,Análise de Perfil,Conversa com o Cliente,2025-04-20,1,12,12,36477,Educação,Baixa,pouco provável
fab8c635-021b-40f3-8042-73e3d43e56cd,Análise de Perfil,Conversa com o Cliente,2025-08-16,1,10,10,38085,Saúde,Baixa,pouco provável
e4c3c02d-6094-4fe0-8a97-8b84ec583e67,Análise de Perfil,Análise de Perfil,2025-11-24,1,5,5,11129,Saúde,Alta,provável
6777f36b-6a53-4e8d-a463-ce4004e9e51c,Análise de Perfil,Conversa com o Cliente,2025-06-05,1,1,1,8022,Indústria,Média,provável
2e8775ee-75b8-4c19-8fb6-6d655d0af8be,Análise de Perfil,Conversa com o Cliente,2025-02-06,1,3,3,47653,Serviços,Baixa,pouco provável
469609a6-df04-4f5c-bed3-d0b4f640b0e4,Análise de Perfil,Conversa com o Cliente,2025-12-01,1,5,5,25589,Serviços,Média,pouco provável
7de856df-1682-423a-bf73-c0df7b4fe372,Análise de Perfil,Conversa com o Cliente,2025-09-29,1,6,6,40775,Saúde,Média,provável
4806b24f-f598-425f-aa03-d2003332fe2c,Análise de Perfil,Conversa com o Cliente,2025-08-18,1,1,1,40441,Educação,Alta,provável
82595bb7-911c-4e4f-9fd4-184a966b76de,Análise de Perfil,Conversa com o Cliente,2025-11-10,1,1,1,37301,Educação,Média,provável
80b1b52e-1a38-416c-994e-e6294b4571e7,Análise de Perfil,Análise de Perfil,2025-07-09,1,2,2,39471,Educação,Média,provável
f1a2eeb0-13ae-43aa-8cd2-07c785ccd3bc,Análise de Perfil,Conversa com o Cliente,2025-03-01,1,15,15,23557,Comércio,Média,provável
dd50989d-4b00-49fe-ad75-de9af35a803c,Análise de Perfil,Análise de Perfil,2025-05-26,1,10,10,42607,Educação,Média,pouco provável
2435e4b2-d248-4ec0-a348-38f7c1c922c2,Análise de Perfil,Conversa com o Cliente,2025-10-29,1,3,3,18679,Educação,Baixa,pouco provável
0df10082-4762-425c-b6af-e0f638b00236,Análise de Perfil,Conversa com o Cliente,2025-04-14,1,7,7,25673,Indústria,Baixa,pouco provável
3ef22c87-b03b-4550-a299-b3eb52dcf22a,Análise de Perfil,Conversa com o Cliente,2025-05-20,1,5,5,30584,Serviços,Média,pouco provável
fb4bb531-4378-4ac0-9e38-9c88611977f9,Análise de Perfil,Conversa com o Cliente,2025-07-30,1,6,6,7013,Serviços,Baixa,pouco provável
5e27981e-3124-4aa2-b46f-ed43b974b2d4,Análise de Perfil,Conversa com o Cliente,2025-05-25,1,12,12,8454,Educação,Baixa,pouco provável
0269949a-e82e-4b7f-a1aa-1b0464fe6238,Análise de Perfil,Conversa com o Cliente,2025-07-20,1,5,5,25637,Tecnologia,Média,pouco provável
5a165887-02c9-43d6-8ce1-6d10c30af216,Análise de Perfil,Conversa com o Cliente,2025-01-19,1,9,9,14127,Serviços,Média,provável
540875db-68b7-4180-96b9-72250474b01f,Análise de Perfil,Conversa com o Cliente,2025-05-30,1,8,8,42556,Tecnologia,Média,pouco provável
baf6ddd6-682f-43f2-ba1d-110c0d8b4e60,Análise de Perfil,Conversa com o Cliente,2025-08-29,1,10,10,40481,Saúde,Média,provável
289fee4d-b41e-4f41-b865-4a2bd8557961,Análise de Perfil,Conversa com o Cliente,2025-02-11,1,2,2,39014,Tecnologia,Alta,provável
af89fd07-fa44-4715-b272-b85105934457,Análise de Perfil,Análise de Perfil,2025-06-12,1,8,8,35692,Tecnologia,Média,pouco provável
00a9a7af-fb14-484b-b13a-3e341d86a81c,Análise de Perfil,Conversa com o Cliente,2025-04-20,1,4,4,35574,Tecnologia,Baixa,pouco provável
bdfe1eaa-947f-45e8-b0d2-7e3680d09d01,Análise de Perfil,Conversa com o Cliente,2025-11-01,1,9,9,47199,Saúde,Baixa,pouco provável
1ad1821d-1283-44dc-ac7f-81397c0717a0,Análise de Perfil,Conversa com o Cliente,2025-05-20,1,5,5,41893,Serviços,Média,pouco provável
8c11a8e9-079f-42cb-9391-745a8619efb8,Análise de Perfil,Conversa com o Cliente,2025-03-25,1,4,4,6535,Saúde,Média,provável
0c0cad84-28a5-49bf-b457-08464742811c,Análise de Perfil,Análise de Perfil,2025-02-09,1,2,2,39386,Serviços,Alta,provável
ee40b465-2632-4f89-ba1d-70b4ad4a484e,Análise de Perfil,Conversa com o Cliente,2025-09-17,1,5,5,35597,Serviços,Média,provável
a49ab0d3-bead-4677-9556-20dd3942d665,Análise de Perfil,Conversa com o Cliente,2025-03-22,1,13,13,9357,Educação,Baixa,pouco provável
4fad4778-de68-4889-abce-fa8f2db74abb,Análise de Perfil,Análise de Perfil,2025-09-26,1,10,10,21241,Comércio,Alta,muito provável
1860ab94-77f1-451e-be20-b4f860ad3930,Análise de Perfil,Conversa com o Cliente,2025-08-12,1,8,8,38450,Indústria,Média,pouco provável
b458e105-e6f3-4d5e-bb51-4f4a26ed52a2,Análise de Perfil,Análise de Perfil,2025-06-29,1,15,15,17604,Saúde,Baixa,pouco provável
ef41939d-cfbc-4397-aae1-f79d1ad23b4c,Análise de Perfil,Conversa com o Cliente,2025-11-29,1,7,7,21885,Comércio,Alta,muito provável
fa1ad204-5ea5-4145-a815-82cc1d92999d,Análise de Perfil,Conversa com o Cliente,2025-04-25,1,13,13,33890,Indústria,Alta,muito provável
7a1afb09-386c-496c-941c-ff88d138a04d,Análise de Perfil,Conversa com o Cliente,2025-05-22,1,11,11,25094,Educação,Baixa,pouco provável
4cea0f1c-2be8-4f0b-8589-92fe17fa3684,Análise de Perfil,Conversa com o Cliente,2025-01-25,1,12,12,27515,Indústria,Média,pouco provável
144234d3-a28a-44e4-a397-a5cb86e1de9a,Análise de Perfil,Análise de Perfil,2025-02-15,1,13,13,44626,Tecnologia,Média,pouco provável
cc3089df-35af-4961-b7f7-743d06f35d69,Análise de Perfil,Conversa com o Cliente,2025-12-03,1,14,14,32368,Indústria,Média,provável
8a797553-2499-4b9d-8802-507b4037eedd,Análise de Perfil,Conversa com o Cliente,2025-10-24,1,10,10,32782,Tecnologia,Baixa,pouco provável
07110509-8312-446c-a452-025a0affd8d8,Análise de Perfil,Conversa com o Cliente,2025-04-24,1,4,4,28833,Serviços,Média,provável
828a405f-7c45-4af8-bce3-b3db9b35465b,Análise de Perfil,Conversa com o Cliente,2025-09-13,1,8,8,21668,Indústria,Média,pouco provável
45c8bfba-7c85-4450-8adf-3f4043a1be22,Análise de Perfil,Conversa com o Cliente,2025-01-15,1,11,11,5463,Indústria,Baixa,pouco provável
58618e20-ba96-4974-81c1-b41c9c914dc8,Análise de Perfil,Conversa com o Cliente,2025-07-26,1,13,13,29693,Serviços,Baixa,pouco provável
5edb1ff7-ad5f-4490-ac46-a913cae7b37b,Análise de Perfil,Conversa com o Cliente,2025-12-02,1,5,5,5480,Saúde,Alta,provável
4590dad5-afed-4ac2-beed-ba245ec39cf1,Análise de Perfil,Conversa com o Cliente,2025-03-23,1,4,4,32196,Comércio,Alta,provável
a5dcf44a-4697-4b5f-82ba-19a715717da8,Análise de Perfil,Conversa com o Cliente,2025-05-28,1,13,13,41770,Indústria,Média,pouco provável
8089f119-58c3-4050-b0d5-1b11e90552e6,Análise de Perfil,Análise de Perfil,2025-10-26,1,11,11,10123,Serviços,Média,pouco provável
ec720af1-2924-4e0a-ac0e-9862e524bafd,Análise de Perfil,Conversa com o Cliente,2025-10-14,1,12,12,23702,Serviços,Baixa,pouco provável
b40bee31-cfff-4247-aeb4-05a1ccd2e227,Análise de Perfil,Análise de Perfil,2025-12-05,1,8,8,36108,Comércio,Alta,muito provável
34ccd499-54b6-46dc-b5aa-a6e488414d3a,Análise de Perfil,Conversa com o Cliente,2025-11-08,1,15,15,15042,Indústria,Média,pouco provável
ede4e5f6-9d9e-4f8c-9b8f-1bca6bc0236c,Análise de Perfil,Conversa com o Cliente,2025-06-13,1,10,10,37458,Tecnologia,Média,provável
de06d97a-aa9f-41f8-87ac-3c9196cda657,Análise de Perfil,Conversa com o Cliente,2025-08-15,1,9,9,38985,Serviços,Baixa,pouco provável
87b5953f-1349-460e-a10d-1a63524e9665,Análise de Perfil,Conversa com o Cliente,2025-07-02,1,1,1,27382,Tecnologia,Alta,muito provável
ee11dd87-1661-41fe-b5b2-0ed00863948b,Análise de Perfil,Conversa com o Cliente,2025-10-11,1,3,3,19875,Indústria,Baixa,pouco provável
34f45e33-a004-404e-8034-42cb97f26e6f,Análise de Perfil,Análise de Perfil,2025-03-11,1,6,6,9519,Serviços,Baixa,pouco provável
77b9005a-06f5-40c0-bbe6-8a6c2dbc96af,Análise de Perfil,Conversa com o Cliente,2025-07-02,1,1,1,41254,Tecnologia,Média,pouco provável
5fdc2e43-53ee-47da-a445-e65e633da9ec,Análise de Perfil,Conversa com o Cliente,2025-07-29,1,15,15,47607,Educação,Média,provável
a94dc139-3bc9-4ba8-9e52-6aba7d9151cd,Análise de Perfil,Conversa com o Cliente,2025-04-19,1,14,14,17325,Saúde,Alta,provável
acf2df7c-95b8-4760-9ccb-abbdcd0a8cb0,Análise de Perfil,Conversa com o Cliente,2025-06-18,1,1,1,8785,Tecnologia,Média,pouco provável
18bf9c13-4db2-4a35-ac3c-6d034c4842f5,Análise de Perfil,Conversa com o Cliente,2025-04-13,1,6,6,33475,Indústria,Média,pouco provável
8b71ea29-4794-4375-ac5e-e92b99349885,Análise de Perfil,Conversa com o Cliente,2025-08-06,1,1,1,8960,Educação,Média,pouco provável
df886a07-1ac7-4c67-8a93-aca2c9ae05ce,Análise de Perfil,Conversa com o Cliente,2025-10-18,1,10,10,39768,Comércio,Baixa,pouco provável
f80a9647-70f1-412e-9f9a-70b9b5a3c9c2,Análise de Perfil,Análise de Perfil,2025-04-06,1,12,12,26598,Indústria,Média,provável
49537977-e217-468d-bf3b-308a6dceb148,Análise de Perfil,Análise de Perfil,2025-06-09,1,4,4,38994,Tecnologia,Baixa,pouco provável
9351e55a-93e1-478c-ae87-bcd650dfab53,Análise de Perfil,Conversa com o Cliente,2025-10-13,1,3,3,19147,Comércio,Média,pouco provável
1f82a7e5-a377-4865-8a42-3dcd5c7c8506,Análise de Perfil,Conversa com o Cliente,2025-06-02,1,1,1,26059,Educação,Média,pouco provável
c05f605e-8f90-4737-92a7-50359093dc43,Análise de Perfil,Conversa com o Cliente,2025-03-01,1,14,14,25901,Indústria,Alta,provável
06ebb624-d640-4aa5-be2d-2d265873c0df,Análise de Perfil,Conversa com o Cliente,2025-07-19,1,5,5,28235,Serviços,Média,pouco provável
d11d3e9b-7f41-406f-ba79-2302dd5f9658,Análise de Perfil,Conversa com o Cliente,2025-07-20,1,6,6,46622,Serviços,Média,provável
5699e658-7ec8-497c-84e6-b4db282fe579,Análise de Perfil,Conversa com o Cliente,2025-05-23,1,13,13,15949,Educação,Alta,provável
af3edf27-dd27-48bf-91ca-b53d1c1eea6b,Análise de Perfil,Análise de Perfil,2025-10-03,1,7,7,40283,Comércio,Alta,provável
bca948cb-3a13-4f5c-a072-de66676be678,Análise de Perfil,Conversa com o Cliente,2025-10-31,1,10,10,37616,Serviços,Média,pouco provável
cac1b7ac-f0f3-4d5d-9415-49978028c156,Análise de Perfil,Conversa com o Cliente,2025-06-12,1,4,4,16680,Saúde,Baixa,pouco provável
1500cace-7b58-46d9-a7f6-439fb83a77f7,Análise de Perfil,Análise de Perfil,2025-07-19,1,9,9,19818,Educação,Baixa,pouco provável
162a1d27-3cd8-4c67-b497-dd3b4f4ff750,Análise de Perfil,Análise de Perfil,2025-07-09,1,8,8,11592,Educação,Média,provável
39fb507e-e859-4052-acae-bfdf97965017,Análise de Perfil,Conversa com o Cliente,2025-09-20,1,10,10,23856,Educação,Média,pouco provável
3f445c37-717b-4d9e-9915-68a371cda78c,Análise de Perfil,Conversa com o Cliente,2025-08-03,1,8,8,19856,Educação,Baixa,pouco provável
2e9fc3c1-9323-457b-b796-558b7d3d7a4e,Análise de Perfil,Conversa com o Cliente,2025-03-17,1,15,15,35040,Tecnologia,Média,provável
7b437c17-9f44-4153-9865-7fb78df6323f,Análise de Perfil,Análise de Perfil,2025-05-05,1,10,10,19780,Educação,Baixa,pouco provável
fe43c5da-f5da-4477-8541-cb6fd76d08a6,Análise de Perfil,Conversa com o Cliente,2025-08-27,1,1,1,40312,Serviços,Baixa,pouco provável
7a569c02-0dca-4380-bd13-cb832b767043,Análise de Perfil,Conversa com o Cliente,2025-02-03,1,15,15,23847,Tecnologia,Baixa,pouco provável
76a169cf-8654-47d6-a4ed-300968fc2e40,Análise de Perfil,Conversa com o Cliente,2025-06-25,1,7,7,49986,Serviços,Média,provável
df42d51c-fe6e-49a2-b751-84690e19b446,Análise de Perfil,Conversa com o Cliente,2025-10-16,1,12,12,46410,Serviços,Média,pouco provável
675aca08-f991-4438-86a9-b9116eae6af0,Análise de Perfil,Conversa com o Cliente,2025-09-19,1,6,6,13582,Comércio,Média,pouco provável
8fd233ad-cdad-4357-95aa-4192975c0725,Análise de Perfil,Conversa com o Cliente,2025-08-30,1,7,7,10065,Serviços,Média,provável
7081d77e-2347-45af-8cb8-e8a7e3c69807,Análise de Perfil,Conversa com o Cliente,2025-07-17,1,6,6,9784,Indústria,Baixa,pouco provável
d38686e5-72f9-4d96-bd87-b596b4f720dd,Análise de Perfil,Conversa com o Cliente,2025-11-15,1,10,10,48630,Indústria,Média,pouco provável
baf92dbf-c7c1-43e3-8a03-1e295985d944,Análise de Perfil,Análise de Perfil,2025-12-05,1,8,8,31484,Tecnologia,Média,pouco provável
451009c0-1b24-40fd-ba37-c1145b8d383a,Análise de Perfil,Conversa com o Cliente,2025-09-18,1,7,7,28718,Indústria,Baixa,pouco provável
d4d70268-4b7b-4f14-b348-4c4d19fdc1b9,Análise de Perfil,Conversa com o Cliente,2025-03-26,1,3,3,36279,Educação,Média,pouco provável
29cc10f6-4625-418a-94eb-e5f306794585,Análise de Perfil,Conversa com o Cliente,2025-04-19,1,5,5,33023,Tecnologia,Alta,provável
e73718dc-30d9-411c-a198-03197bbd3fb5,Análise de Perfil,Análise de Perfil,2025-09-13,1,5,5,29806,Comércio,Média,pouco provável
677784dc-9fd9-4de2-87a4-b156a81a03aa,Análise de Perfil,Conversa com o Cliente,2025-04-30,1,9,9,47167,Tecnologia,Média,provável
9b87fe73-a40f-4438-bce3-b55e3f245e3f,Análise de Perfil,Conversa com o Cliente,2025-05-07,1,11,11,10353,Indústria,Baixa,pouco provável
9ab1654c-f92d-49ec-bc40-a99e5b04fea5,Análise de Perfil,Conversa com o Cliente,2025-05-09,1,5,5,29104,Serviços,Baixa,pouco provável
6e160de5-f96f-4af7-b7e9-a88bbb00fabf,Análise de Perfil,Conversa com o Cliente,2025-08-16,1,15,15,6948,Indústria,Baixa,pouco provável
024ebf1a-a2ca-4a80-9bf7-c2493ec95ba5,Análise de Perfil,Conversa com o Cliente,2025-07-26,1,3,3,47067,Saúde,Baixa,pouco provável
d9ffb65b-530b-4de9-82ac-8804f648bc15,Análise de Perfil,Conversa com o Cliente,2025-04-07,1,5,5,46743,Comércio,Média,provável
fc3b9560-3239-4985-b92e-f7e673ef0993,Análise de Perfil,Conversa com o Cliente,2025-04-30,1,2,2,33185,Educação,Média,pouco provável
2edaf67f-998b-4467-b989-be5d7a579b0e,Análise de Perfil,Conversa com o Cliente,2025-01-25,1,6,6,6505,Educação,Média,pouco provável
4343bfc8-9aee-4182-a129-c48498ea251f,Análise de Perfil,Conversa com o Cliente,2025-08-21,1,13,13,24855,Serviços,Alta,provável
685fcb14-7832-4f15-b3ef-4c86c8511cc1,Análise de Perfil,Conversa com o Cliente,2025-11-14,1,5,5,16289,Indústria,Média,provável
bec977f6-c857-402c-90e3-ce28ca012d7c,Análise de Perfil,Conversa com o Cliente,2025-10-29,1,4,4,16488,Indústria,Média,pouco provável
2029b4bd-a591-4463-ae20-700ae9b1a4fa,Análise de Perfil,Conversa com o Cliente,2025-07-29,1,13,13,15679,Comércio,Baixa,pouco provável
e111e92c-44cd-4e5c-8c79-9b53079ed282,Análise de Perfil,Conversa com o Cliente,2025-06-09,1,4,4,29626,Educação,Alta,provável
64699482-dc8c-4e84-83c0-b11cb81938ea,Análise de Perfil,Conversa com o Cliente,2025-01-28,1,14,14,8021,Saúde,Média,provável
5bdb2472-fe5f-4611-870a-576b0f8c56fa,Análise de Perfil,Conversa com o Cliente,2025-07-01,1,5,5,36189,Tecnologia,Média,provável
d32a6555-772c-4274-bded-50e6d032927b,Análise de Perfil,Análise de Perfil,2025-11-09,1,1,1,36157,Indústria,Alta,provável
dc7444fb-281c-4174-a373-c40d757dc575,Análise de Perfil,Conversa com o Cliente,2025-07-11,1,1,1,17411,Tecnologia,Média,provável
38fef222-dc2d-453c-bdee-8bdc853611d2,Análise de Perfil,Análise de Perfil,2025-03-29,1,8,8,13050,Indústria,Média,provável
73b9a3fe-8d00-45a6-8f60-286a2acd71bb,Análise de Perfil,Conversa com o Cliente,2025-03-13,1,10,10,39348,Serviços,Baixa,pouco provável
fdbdcc8b-e71c-494c-ab6e-5d358fa295ac,Análise de Perfil,Análise de Perfil,2025-10-31,1,11,11,23823,Saúde,Média,provável
983c402d-636e-48f6-ab6c-2edab7a3305c,Análise de Perfil,Conversa com o Cliente,2025-08-22,1,14,14,12510,Comércio,Média,provável
3c51d095-54b3-4462-b2cc-854dcc724cfa,Análise de Perfil,Análise de Perfil,2025-02-07,1,12,12,29511,Educação,Alta,muito provável
8970bc1c-422a-4fc9-bf84-698f959f561c,Análise de Perfil,Conversa com o Cliente,2025-04-30,1,14,14,33736,Indústria,Baixa,pouco provável
5e638cbd-1569-4930-a76c-62e5cda92a14,Análise de Perfil,Conversa com o Cliente,2025-11-15,1,12,12,23267,Tecnologia,Média,pouco provável
3c24f22e-7101-41bb-8d0c-d283b7e239aa,Análise de Perfil,Conversa com o Cliente,2025-08-26,1,9,9,39031,Tecnologia,Média,pouco provável
2298a18a-f43b-45fd-871c-4a2eee7e5287,Análise de Perfil,Análise de Perfil,2025-08-08,1,1,1,47693,Serviços,Média,provável
bfe24395-7501-4c2c-9d64-6cdfb4184d2b,Análise de Perfil,Conversa com o Cliente,2025-01-13,1,10,10,45888,Indústria,Baixa,pouco provável
5c215ce5-faab-4827-84e3-20dfb7b5de88,Análise de Perfil,Análise de Perfil,2025-06-21,1,1,1,48836,Saúde,Média,pouco provável
ed394a8f-9c56-4441-ad13-790a397f1a5b,Análise de Perfil,Conversa com o Cliente,2025-05-02,1,4,4,31763,Serviços,Alta,provável
cb75866a-f6c6-4500-a62b-b798be03c1b5,Análise de Perfil,Conversa com o Cliente,2025-09-21,1,6,6,10266,Tecnologia,Baixa,pouco provável
ca6c569b-f23e-414a-9d9b-79eed9bf69db,Análise de Perfil,Conversa com o Cliente,2025-01-21,1,4,4,44746,Serviços,Alta,muito provável
0294033b-5912-4e1e-9311-555ebe2e350d,Análise de Perfil,Conversa com o Cliente,2025-07-12,1,10,10,37075,Indústria,Média,pouco provável
d93399c8-4190-47e7-9914-5d43125a7ac1,Análise de Perfil,Análise de Perfil,2025-05-10,1,6,6,40528,Serviços,Média,pouco provável
ce511cea-e6e9-4c76-96d8-e3d084b14426,Análise de Perfil,Conversa com o Cliente,2025-10-12,1,10,10,27225,Comércio,Baixa,pouco provável
8c16fc1f-4f04-4d42-bb73-bb2be656f29d,Análise de Perfil,Conversa com o Cliente,2025-06-10,1,2,2,38278,Tecnologia,Média,pouco provável
3e8991f9-183e-4b72-9e0a-516b20449f8b,Análise de Perfil,Conversa com o Cliente,2025-11-15,1,7,7,44277,Saúde,Alta,provável
b37d18e6-c35a-49c2-a918-868e46ae1ab3,Análise de Perfil,Conversa com o Cliente,2025-02-27,1,12,12,41317,Serviços,Alta,provável
b6422fd6-4312-4fcd-b0d5-11bb7e52c083,Análise de Perfil,Conversa com o Cliente,2025-07-01,1,15,15,45038,Saúde,Média,provável
9bf6e5cc-3644-4223-a560-2af207d71a2b,Análise de Perfil,Conversa com o Cliente,2025-11-29,1,5,5,29222,Comércio,Média,provável
4b5d75d8-41d9-4924-9f02-a6cc7aa41fc1,Análise de Perfil,Conversa com o Cliente,2025-07-17,1,15,15,7597,Serviços,Alta,provável
5a0fcab6-c10f-488c-a1f9-af7a537f3628,Análise de Perfil,Conversa com o Cliente,2025-09-19,1,10,10,49827,Serviços,Baixa,pouco provável
dcd43ed4-2d1e-4de8-9c0e-191157e58247,Análise de Perfil,Conversa com o Cliente,2025-08-29,1,15,15,20133,Tecnologia,Média,pouco provável
1164741c-ce6d-462d-93bc-3dc4165659bf,Análise de Perfil,Conversa com o Cliente,2025-09-16,1,6,6,31812,Indústria,Baixa,pouco provável
9e7b9816-885c-4110-a3ff-de690385c553,Análise de Perfil,Conversa com o Cliente,2025-03-11,1,13,13,22948,Serviços,Média,pouco provável
c04310ed-3cab-4685-b3c7-c7afb0e9793e,Análise de Perfil,Análise de Perfil,2025-08-10,1,4,4,8689,Serviços,Média,pouco provável
b04b27f1-5d09-43be-ac85-0ea80b09d551,Análise de Perfil,Conversa com o Cliente,2025-08-07,1,2,2,29982,Indústria,Média,pouco provável
634f272a-b3ef-417f-8aed-ac8a999b486c,Análise de Perfil,Conversa com o Cliente,2025-08-04,1,10,10,32728,Serviços,Alta,muito provável
6dac1f8e-fb03-424b-892f-39348105f021,Análise de Perfil,Conversa com o Cliente,2025-09-03,1,9,9,37760,Comércio,Média,provável
a0258caa-8a25-467b-9320-eba7a3d7a5f7,Análise de Perfil,Conversa com o Cliente,2025-04-15,1,5,5,44082,Comércio,Baixa,pouco provável
d24e90be-fb7d-4ea4-ad04-17bebc9a16ff,Análise de Perfil,Análise de Perfil,2025-07-25,1,15,15,24031,Educação,Média,pouco provável
2c7b4fdb-58ad-40c5-b346-59b9634fa8d3,Análise de Perfil,Conversa com o Cliente,2025-06-02,1,13,13,30929,Saúde,Alta,provável
966a8120-7642-47c6-af7f-26bb8b0b21cc,Análise de Perfil,Conversa com o Cliente,2025-04-20,1,10,10,15136,Saúde,Média,provável
1676fe2d-9d7e-4f1f-909c-c4d3a84641c7,Análise de Perfil,Análise de Perfil,2025-08-01,1,11,11,19749,Serviços,Baixa,pouco provável
1583ed86-2e4f-42e0-b446-01b1cb7014dc,Análise de Perfil,Conversa com o Cliente,2025-04-27,1,1,1,23149,Educação,Alta,provável
4c74665c-66c6-4135-81ae-64c830aca576,Análise de Perfil,Conversa com o Cliente,2025-02-26,1,14,14,41922,Indústria,Média,pouco provável
cca20d47-b396-4444-849c-72b4a50163e8,Análise de Perfil,Conversa com o Cliente,2025-06-27,1,15,15,38940,Educação,Média,provável
13f4fe54-0545-44f3-a2fa-3d124ebe38b9,Análise de Perfil,Conversa com o Cliente,2025-01-15,1,5,5,12051,Comércio,Média,provável
118bc2d7-3cb0-40f2-8af0-6d229896850a,Análise de Perfil,Conversa com o Cliente,2025-02-18,1,2,2,12832,Indústria,Alta,provável
87c0018c-59cf-4153-9a93-10b6cf1ec58c,Análise de Perfil,Conversa com o Cliente,2025-06-16,1,13,13,28625,Saúde,Baixa,pouco provável
2cf5223b-3c7e-4338-9a57-bb108f0ef044,Análise de Perfil,Conversa com o Cliente,2025-11-05,1,15,15,33894,Saúde,Baixa,pouco provável
4f9d34dc-8d02-456f-82fb-f16339c339a2,Análise de Perfil,Conversa com o Cliente,2025-05-03,1,2,2,38436,Comércio,Baixa,pouco provável
3e9fc4ba-bf4a-42c6-8946-aa27aa23b7de,Análise de Perfil,Conversa com o Cliente,2025-03-11,1,7,7,12176,Saúde,Média,pouco provável
6f1d32c5-c71f-44ad-90a8-b778e0769317,Análise de Perfil,Conversa com o Cliente,2025-10-11,1,9,9,44618,Comércio,Média,provável
0172a5f7-aad2-4579-9823-98cb86d51ade,Análise de Perfil,Análise de Perfil,2025-03-20,1,10,10,21071,Indústria,Média,provável
0e680b2f-5b58-4e4d-b879-e00585dcf54a,Análise de Perfil,Análise de Perfil,2025-03-22,1,4,4,33057,Indústria,Média,pouco provável
15fc9f57-6dc1-4fc9-8a8f-135899eefa2e,Análise de Perfil,Conversa com o Cliente,2025-10-27,1,1,1,15118,Comércio,Alta,muito provável
2a97acff-1e68-488b-98e9-61c9e78bd3a2,Análise de Perfil,Análise de Perfil,2025-01-31,1,11,11,6608,Comércio,Baixa,pouco provável
3cd1104a-ac42-488b-8957-fd41258e0cfe,Análise de Perfil,Conversa com o Cliente,2025-03-01,1,13,13,33091,Saúde,Alta,provável
f7f82624-3485-4376-878b-d3df8a53743d,Análise de Perfil,Conversa com o Cliente,2025-07-26,1,7,7,24589,Tecnologia,Baixa,pouco provável
8a6bc0f3-8275-45dd-aa0d-761484f976c1,Análise de Perfil,Análise de Perfil,2025-12-06,1,12,12,43585,Saúde,Média,pouco provável
f4cd231a-8c40-4118-8a6e-c896b9472b0c,Análise de Perfil,Análise de Perfil,2025-12-12,1,15,15,15443,Serviços,Média,pouco provável
78539e87-034e-48fa-8901-0b9c8b7fa81d,Análise de Perfil,Conversa com o Cliente,2025-05-14,1,10,10,5975,Tecnologia,Média,pouco provável
0c357f47-99fe-4475-bf1b-6d4917171aba,Análise de Perfil,Conversa com o Cliente,2025-03-17,1,6,6,10390,Saúde,Alta,provável
d3013ae2-2711-4f47-b9ef-fe29392e06cc,Análise de Perfil,Análise de Perfil,2025-01-20,1,13,13,18703,Tecnologia,Alta,provável
12c37470-c582-470f-b80d-8ef472b1dac0,Análise de Perfil,Conversa com o Cliente,2025-05-13,1,8,8,5160,Tecnologia,Baixa,pouco provável
c8c026ae-7b94-4e29-8d75-767b5c02a13a,Análise de Perfil,Conversa com o Cliente,2025-08-04,1,9,9,46488,Comércio,Baixa,pouco provável
54b19502-b908-4cd5-a72a-ce0da69049be,Análise de Perfil,Conversa com o Cliente,2025-11-16,1,1,1,14345,Indústria,Baixa,pouco provável
a78b85f0-b37d-4fd6-bbf5-72e59ecadfc5,Análise de Perfil,Análise de Perfil,2025-03-14,1,10,10,40975,Educação,Alta,provável
3b9749cd-c4b8-49aa-9943-6c39283afc6c,Análise de Perfil,Análise de Perfil,2025-07-20,1,8,8,31032,Serviços,Média,provável
8b3a5cd0-8642-479e-8eac-b0865d110b43,Análise de Perfil,Conversa com o Cliente,2025-03-11,1,4,4,38193,Serviços,Baixa,pouco provável
e40f5cee-ca3f-4882-be15-e97b05746a38,Análise de Perfil,Análise de Perfil,2025-05-14,1,1,1,27578,Comércio,Baixa,pouco provável
3dea3e2d-5092-49f6-a549-ed71cbed0782,Análise de Perfil,Análise de Perfil,2025-05-28,1,8,8,18664,Comércio,Alta,provável
cef253f1-0053-410d-abac-63926c448a5b,Análise de Perfil,Conversa com o Cliente,2025-08-25,1,2,2,42912,Indústria,Média,pouco provável
226496db-988d-4d85-bba1-466716f48ee3,Análise de Perfil,Conversa com o Cliente,2025-10-06,1,15,15,38275,Saúde,Média,provável
bb4edb42-9f7d-45a5-bb82-3935496c806d,Análise de Perfil,Análise de Perfil,2025-01-04,1,1,1,10338,Tecnologia,Média,pouco provável
b50e7854-6b14-49df-bd79-56ce0e8f4f98,Análise de Perfil,Conversa com o Cliente,2025-08-21,1,4,4,21978,Educação,Baixa,pouco provável
e371ce9e-4725-4e73-9514-9ae3742e56fc,Análise de Perfil,Conversa com o Cliente,2025-07-06,1,14,14,49688,Serviços,Baixa,pouco provável
2318a20f-9c54-4929-94b5-8712ae5086f7,Análise de Perfil,Conversa com o Cliente,2025-03-29,1,6,6,38507,Educação,Média,provável
8b64fcad-327f-499f-9fb5-7a2103c6af7e,Análise de Perfil,Análise de Perfil,2025-10-30,1,7,7,48884,Comércio,Baixa,pouco provável
59faf1b5-8dd1-4861-bddb-d3969c160aa5,Análise de Perfil,Conversa com o Cliente,2025-09-16,1,8,8,33340,Educação,Média,provável
481771ef-aa9c-4a7d-ad2f-a6e6ff2a4f42,Análise de Perfil,Conversa com o Cliente,2025-08-31,1,14,14,13974,Educação,Média,provável
3c59c21b-6d5f-4654-be37-67409f4dd6ab,Análise de Perfil,Conversa com o Cliente,2025-11-29,1,14,14,15156,Saúde,Alta,provável
43633043-c6a9-4880-b58c-3abd51c68867,Análise de Perfil,Conversa com o Cliente,2025-06-18,1,13,13,15178,Serviços,Média,provável
c4cdf8a5-b943-4966-8a48-d8796bd4e0ed,Análise de Perfil,Análise de Perfil,2025-02-19,1,5,5,39827,Saúde,Média,provável
618c6a57-92c5-4886-a680-c6fb1512f18e,Análise de Perfil,Análise de Perfil,2025-04-29,1,1,1,18597,Serviços,Baixa,pouco provável
75321173-dca6-43f9-9fbc-910c72f70db7,Análise de Perfil,Conversa com o Cliente,2025-03-12,1,1,1,26985,Serviços,Média,provável
d99c968a-f1fd-468a-a9ac-bdb30967389e,Análise de Perfil,Conversa com o Cliente,2025-10-12,1,7,7,27200,Tecnologia,Baixa,pouco provável
4c84d0ee-db60-4f26-8343-7dc46958f1da,Análise de Perfil,Conversa com o Cliente,2025-10-09,1,6,6,5669,Tecnologia,Média,provável
7981649c-43e4-402d-ad4d-1ef18be20138,Análise de Perfil,Análise de Perfil,2025-10-01,1,8,8,17085,Comércio,Alta,provável
24d9d1cf-d6c2-4a42-b0fe-a2a5592d6b60,Análise de Perfil,Análise de Perfil,2025-11-25,1,5,5,23755,Serviços,Baixa,pouco provável
70aaa8c2-fd91-4edf-b77a-c05c0e95edc9,Análise de Perfil,Conversa com o Cliente,2025-06-21,1,10,10,8219,Serviços,Baixa,pouco provável
b79d5c1e-f4df-4ca1-8e08-4a28ce28d444,Análise de Perfil,Análise de Perfil,2025-09-16,1,7,7,32699,Indústria,Média,provável
e43a4c3d-80bf-4d18-862b-c89d364cc007,Análise de Perfil,Conversa com o Cliente,2025-06-09,1,12,12,13136,Indústria,Baixa,pouco provável
7f2b988b-06db-4b8b-949a-e1f399521e28,Análise de Perfil,Análise de Perfil,2025-03-20,1,4,4,47395,Educação,Média,provável
194144cc-9045-44ce-9d79-dfeb27bf0b68,Análise de Perfil,Conversa com o Cliente,2025-02-24,1,12,12,38759,Tecnologia,Média,pouco provável
c4f45ef0-0736-4f35-93af-f07784833df6,Análise de Perfil,Análise de Perfil,2025-12-09,1,14,14,5026,Educação,Média,pouco provável
03d0c8a7-56dc-4b0a-a471-e65537c76060,Análise de Perfil,Conversa com o Cliente,2025-08-28,1,9,9,23997,Indústria,Baixa,pouco provável
ae7dab3e-aa8f-40c4-89dc-46bfbc6f0665,Análise de Perfil,Conversa com o Cliente,2025-07-28,1,2,2,34083,Saúde,Média,provável
596e83b3-c871-40c0-8d95-29136b203f46,Análise de Perfil,Análise de Perfil,2025-03-02,1,4,4,42092,Comércio,Alta,muito provável
ce6234c6-7dbf-4496-8109-6382f46d0118,Análise de Perfil,Conversa com o Cliente,2025-02-16,1,15,15,5640,Serviços,Média,pouco provável
62546111-7361-4d2a-8b5d-54d35165d083,Análise de Perfil,Conversa com o Cliente,2025-11-13,1,7,7,40114,Indústria,Média,provável
1e1298d1-aa58-41c9-8092-71f7a9db421e,Análise de Perfil,Conversa com o Cliente,2025-11-26,1,13,13,25274,Saúde,Média,provável
a0464ad9-c351-422c-936a-d2230b79c00d,Análise de Perfil,Análise de Perfil,2025-09-15,1,11,11,45091,Serviços,Baixa,pouco provável
85df8a9b-f17d-4b0f-b6f3-260b880c886b,Análise de Perfil,Conversa com o Cliente,2025-11-16,1,3,3,26130,Indústria,Baixa,pouco provável
fb4a7495-9079-4f38-9beb-3818c5a39fe2,Análise de Perfil,Análise de Perfil,2025-08-16,1,15,15,15436,Comércio,Baixa,pouco provável
b72d86df-f44a-4182-b746-4e7c05ea280d,Análise de Perfil,Conversa com o Cliente,2025-05-22,1,10,10,36473,Tecnologia,Baixa,pouco provável
a46cb40d-004e-472d-8fbe-5e4cf842992f,Análise de Perfil,Conversa com o Cliente,2025-08-02,1,7,7,30944,Saúde,Média,provável
9af6d50b-5743-4cb8-a9d8-e18b74f0e102,Análise de Perfil,Conversa com o Cliente,2025-03-29,1,12,12,24907,Comércio,Média,provável
b7080201-e525-4643-8d10-96d9502583d8,Análise de Perfil,Conversa com o Cliente,2025-10-06,1,15,15,38449,Saúde,Baixa,pouco provável
afef86cb-9b48-466b-b166-3a01b2922b93,Análise de Perfil,Conversa com o Cliente,2025-10-30,1,11,11,46230,Tecnologia,Média,pouco provável
aaec5ffe-d1a9-4bbf-9a82-1fa67835f550,Análise de Perfil,Conversa com o Cliente,2025-02-20,1,10,10,42434,Comércio,Média,provável
dacf2845-44fa-425e-9074-b80e3a0a4e54,Análise de Perfil,Conversa com o Cliente,2025-01-06,1,2,2,32231,Comércio,Média,provável
038e165d-89bb-4319-93e5-e021308e2851,Análise de Perfil,Conversa com o Cliente,2025-06-30,1,6,6,40622,Comércio,Média,pouco provável
5285fc23-55ae-4c5a-97b1-9cf98fb204be,Análise de Perfil,Conversa com o Cliente,2025-02-04,1,14,14,13564,Indústria,Média,provável
84c10575-11f9-4e1a-b6bd-f3acbf5d197b,Análise de Perfil,Conversa com o Cliente,2025-06-23,1,7,7,8672,Tecnologia,Média,pouco provável
a2e81332-4afd-4618-8d38-c1bb4635d2da,Análise de Perfil,Conversa com o Cliente,2025-08-16,1,1,1,38019,Saúde,Baixa,pouco provável
b2323d2a-1283-4f9b-b9b0-a83fa7948312,Análise de Perfil,Conversa com o Cliente,2025-10-31,1,6,6,22660,Educação,Média,pouco provável
40c48f5d-3dd8-4034-af4a-b5793dd25985,Análise de Perfil,Conversa com o Cliente,2025-09-28,1,9,9,33081,Serviços,Alta,muito provável
2f851972-89a7-4e25-a833-040dae2fbfab,Análise de Perfil,Conversa com o Cliente,2025-06-18,1,13,13,21123,Tecnologia,Alta,provável
57393531-70c8-4178-a7eb-b2c59ca5cbea,Análise de Perfil,Conversa com o Cliente,2025-03-05,1,12,12,37011,Comércio,Baixa,pouco provável
8f72359c-f1f8-4d7b-b570-c3bfe0425b9c,Análise de Perfil,Análise de Perfil,2025-07-22,1,6,6,20970,Serviços,Média,provável
0717bf5a-c80b-4299-824b-a1e0a6507ee8,Análise de Perfil,Conversa com o Cliente,2025-08-19,1,9,9,33447,Indústria,Baixa,pouco provável
b67a3654-c6e1-4fd1-a5f6-8f5219d9f6fd,Análise de Perfil,Análise de Perfil,2025-10-01,1,14,14,15505,Tecnologia,Alta,muito provável
d3a92ec2-e06c-4311-9e3c-2dfb0c44b0a6,Análise de Perfil,Conversa com o Cliente,2025-04-22,1,8,8,42363,Educação,Alta,provável
4bc1d4d7-3601-4d06-a8ac-766569b77f16,Análise de Perfil,Conversa com o Cliente,2025-03-04,1,4,4,21333,Tecnologia,Média,pouco provável
b571d1ea-f671-46f3-bcdc-4be1ae9330a9,Análise de Perfil,Conversa com o Cliente,2025-07-12,1,11,11,38146,Saúde,Média,provável
8706b5b2-d40d-43dd-beae-6fca3be0d82d,Análise de Perfil,Conversa com o Cliente,2025-06-13,1,4,4,32159,Educação,Baixa,pouco provável
4fde4b89-4e1f-4be7-9141-a093d90b90fb,Análise de Perfil,Conversa com o Cliente,2025-03-23,1,11,11,36233,Educação,Média,pouco provável
4eaee538-27a2-486f-9ce8-056d23ec4ea3,Análise de Perfil,Conversa com o Cliente,2025-09-23,1,7,7,16228,Indústria,Baixa,pouco provável
7d5e0932-af39-4920-be10-57accff27b1f,Análise de Perfil,Análise de Perfil,2025-09-18,1,9,9,40463,Serviços,Média,pouco provável
3c697c95-7226-4317-8b04-a2557ea5010e,Análise de Perfil,Conversa com o Cliente,2025-10-20,1,8,8,21029,Tecnologia,Média,pouco provável
00dabb0e-68d3-4d8e-b83c-2752594614fd,Análise de Perfil,Conversa com o Cliente,2025-03-22,1,6,6,37463,Comércio,Média,provável
94c60a9d-5f72-4278-8cde-fa30066e6884,Análise de Perfil,Conversa com o Cliente,2025-10-21,1,15,15,11786,Comércio,Média,provável
b8f50514-9407-40bc-b9b1-5d7038df14b6,Análise de Perfil,Conversa com o Cliente,2025-08-21,1,1,1,7281,Tecnologia,Alta,provável
acee74bb-650f-4a0e-aeaf-542d65745249,Análise de Perfil,Conversa com o Cliente,2025-03-18,1,2,2,32681,Tecnologia,Baixa,pouco provável
422e5044-4de5-44cc-93af-a4946824533b,Análise de Perfil,Conversa com o Cliente,2025-06-17,1,10,10,36212,Comércio,Média,pouco provável
ffde519b-8d03-4ff8-9c55-43f9cf17c93c,Análise de Perfil,Conversa com o Cliente,2025-10-03,1,8,8,15969,Comércio,Média,pouco provável
8df3183f-c7d7-498d-8759-b2a8b886e285,Análise de Perfil,Conversa com o Cliente,2025-04-06,1,15,15,8919,Saúde,Média,provável
6f4d9680-fa3e-4ac2-8c28-43f24ff86bea,Análise de Perfil,Conversa com o Cliente,2025-04-28,1,9,9,24464,Indústria,Baixa,pouco provável
423d2014-4d55-4a6f-904c-0e5ed9743aee,Análise de Perfil,Conversa com o Cliente,2025-02-18,1,13,13,31885,Tecnologia,Baixa,pouco provável
364b02ff-417e-447b-97ce-ca439b274ba6,Análise de Perfil,Conversa com o Cliente,2025-03-29,1,6,6,48208,Educação,Média,pouco provável
99209a70-fbb1-4cf9-876d-c9c82f18da6d,Análise de Perfil,Conversa com o Cliente,2025-07-19,1,2,2,7243,Saúde,Baixa,pouco provável
fa4736e2-f40f-4cbd-bff9-0185b42e5ce3,Análise de Perfil,Conversa com o Cliente,2025-05-21,1,1,1,25654,Comércio,Baixa,pouco provável
36dd23e4-6ac6-444d-b64e-8c931d3f0c69,Análise de Perfil,Análise de Perfil,2025-07-25,1,9,9,28779,Tecnologia,Baixa,pouco provável
d8b96c99-6971-4087-b4a1-e4e7a2ac5c65,Análise de Perfil,Conversa com o Cliente,2025-08-08,1,2,2,20137,Saúde,Alta,provável
9a388086-281d-40b6-9f53-f74b552b6804,Análise de Perfil,Conversa com o Cliente,2025-10-29,1,11,11,21340,Tecnologia,Baixa,pouco provável
e1e385e2-9fb9-4a49-87d1-7e4270d35fab,Análise de Perfil,Análise de Perfil,2025-03-11,1,8,8,30422,Tecnologia,Baixa,pouco provável
43ffc0cd-244c-4900-88c2-eb83f1a10515,Análise de Perfil,Análise de Perfil,2025-05-21,1,6,6,18557,Indústria,Alta,provável
4f858a95-77fa-4afa-ada4-68be86c5806e,Análise de Perfil,Análise de Perfil,2025-05-21,1,3,3,17779,Comércio,Média,provável
ef192d70-1e19-4525-99a9-aea86fcca020,Análise de Perfil,Análise de Perfil,2025-03-17,1,4,4,15654,Comércio,Baixa,pouco provável
acad8257-074b-479a-96e6-d33f3d6f3258,Análise de Perfil,Análise de Perfil,2025-04-17,1,8,8,12896,Comércio,Média,pouco provável
6b6cc269-03ee-4d69-9745-24f138a59e92,Análise de Perfil,Conversa com o Cliente,2025-11-13,1,2,2,11508,Serviços,Média,provável
7891be9f-80a9-4ebb-884c-ea614d8b1726,Análise de Perfil,Conversa com o Cliente,2025-08-10,1,8,8,39484,Indústria,Alta,provável
51f1a744-39bb-4a63-b8f7-87bc24594a93,Análise de Perfil,Conversa com o Cliente,2025-08-14,1,9,9,29222,Tecnologia,Baixa,pouco provável
6e41209a-7550-4405-8739-a3159c826a8f,Análise de Perfil,Análise de Perfil,2025-03-06,1,2,2,28500,Tecnologia,Baixa,pouco provável
3845dacc-51b9-4d29-a68c-165ad58b83f7,Análise de Perfil,Análise de Perfil,2025-09-20,1,14,14,10148,Indústria,Média,pouco provável
6aa17dbe-1e70-489c-810a-cfbc830bb3bc,Análise de Perfil,Conversa com o Cliente,2025-11-23,1,13,13,32173,Serviços,Baixa,pouco provável
9c56f42b-ba66-480f-8edc-4a84843fac0e,Análise de Perfil,Conversa com o Cliente,2025-03-12,1,15,15,49596,Serviços,Alta,provável
b045e0e7-6b48-422a-b4f9-24dba08468e1,Análise de Perfil,Conversa com o Cliente,2025-11-15,1,5,5,21204,Tecnologia,Alta,provável
14cfbc04-9f38-45bd-a7ee-e9c809c83646,Análise de Perfil,Conversa com o Cliente,2025-05-27,1,13,13,20509,Serviços,Média,provável
fe9335dc-9238-448a-8001-aa00c1e04151,Análise de Perfil,Conversa com o Cliente,2025-05-05,1,2,2,7407,Tecnologia,Média,pouco provável
bfcae228-8593-430f-9831-0a85c302428d,Análise de Perfil,Conversa com o Cliente,2025-10-01,1,9,9,28467,Educação,Alta,provável
b30b511b-69f8-4e71-adfb-68c31a95498e,Análise de Perfil,Conversa com o Cliente,2025-05-26,1,14,14,6909,Educação,Baixa,pouco provável
1c353f11-e2cf-4814-a9d6-6635027f4681,Análise de Perfil,Conversa com o Cliente,2025-11-15,1,14,14,13007,Comércio,Média,pouco provável
614f3a60-bf0d-4edf-a177-f784d7d2ad26,Análise de Perfil,Análise de Perfil,2025-03-05,1,11,11,40527,Serviços,Média,provável
ffddc04c-26e6-419a-a4ea-2d19c75e41fd,Análise de Perfil,Conversa com o Cliente,2025-04-18,1,11,11,22036,Tecnologia,Média,provável
e029e1be-6420-4d61-850b-f0b3379c38fc,Análise de Perfil,Conversa com o Cliente,2025-03-20,1,7,7,6352,Comércio,Baixa,pouco provável
6b379901-8ca0-4af3-a491-d0a1e08da0eb,Análise de Perfil,Conversa com o Cliente,2025-09-14,1,9,9,13622,Tecnologia,Média,provável
5dafa1ba-613a-49d5-9b5e-a350428c87f5,Análise de Perfil,Conversa com o Cliente,2025-03-24,1,6,6,31642,Serviços,Média,provável
c7ec66ec-af21-4584-88d8-360cd803b2f7,Análise de Perfil,Análise de Perfil,2025-11-16,1,15,15,42006,Indústria,Baixa,pouco provável
461ceb56-bf4b-4652-8da6-46e719081402,Análise de Perfil,Conversa com o Cliente,2025-03-27,1,2,2,32375,Tecnologia,Baixa,pouco provável
9bae8f10-7547-494e-a2c2-7f1e2bc14c88,Análise de Perfil,Conversa com o Cliente,2025-03-22,1,12,12,21215,Educação,Média,pouco provável
4695b6a2-2dac-41d1-8405-2cf216f1cd85,Análise de Perfil,Análise de Perfil,2025-11-22,1,8,8,49310,Serviços,Alta,provável
0dc17c7a-8777-4e2c-8242-ab466bbf473e,Análise de Perfil,Análise de Perfil,2025-11-26,1,8,8,18302,Indústria,Baixa,pouco provável
eab89a59-fee2-45ab-81db-b8cf0194cb92,Análise de Perfil,Conversa com o Cliente,2025-01-20,1,12,12,26904,Educação,Média,pouco provável
152c8b28-be60-4808-a025-6f07a3510f2d,Análise de Perfil,Conversa com o Cliente,2025-01-08,1,4,4,44419,Serviços,Baixa,pouco provável
f0c09dd3-03e0-473b-911b-644035323e37,Análise de Perfil,Conversa com o Cliente,2025-01-13,1,1,1,6062,Tecnologia,Média,pouco provável
cbc685f4-0931-4c07-bcae-f22f261b36ed,Análise de Perfil,Análise de Perfil,2025-05-06,1,1,1,25275,Indústria,Média,pouco provável
41594bf7-b8cc-4b12-8b68-7c7bc5228932,Análise de Perfil,Conversa com o Cliente,2025-08-23,1,5,5,28013,Indústria,Alta,provável
eb7c00c5-8055-4247-b5e3-1a5e4695d98f,Análise de Perfil,Conversa com o Cliente,2025-03-31,1,11,11,18839,Comércio,Baixa,pouco provável
1ae0155d-f20f-494a-b5f0-8cb017cc6edc,Análise de Perfil,Conversa com o Cliente,2025-06-15,1,1,1,35630,Comércio,Baixa,pouco provável
56bcb3c1-3657-4520-8b02-893528cac997,Análise de Perfil,Conversa com o Cliente,2025-07-25,1,11,11,44667,Serviços,Média,pouco provável
89ec151e-6d16-465d-b375-1c2fd55eace3,Análise de Perfil,Conversa com o Cliente,2025-05-07,1,14,14,25967,Saúde,Média,pouco provável
07a94174-3414-4e7d-bd61-87585116f163,Análise de Perfil,Conversa com o Cliente,2025-06-09,1,4,4,46830,Indústria,Média,provável
437f19a4-b175-4a3f-8781-0e20a165ba9c,Análise de Perfil,Conversa com o Cliente,2025-11-09,1,12,12,22917,Saúde,Média,provável
3039df8b-ff99-4ed2-954c-e37b69a58ada,Análise de Perfil,Conversa com o Cliente,2025-06-25,1,10,10,37373,Comércio,Baixa,pouco provável
6431ae16-5555-4cae-ac30-0c96401a5396,Análise de Perfil,Análise de Perfil,2025-02-11,1,2,2,31805,Indústria,Média,provável
1d2323c4-d04b-41aa-92a4-b6dc204fadbc,Análise de Perfil,Conversa com o Cliente,2025-03-30,1,3,3,24016,Serviços,Média,pouco provável
24c7831e-dc8a-4708-8c66-8ee93835601b,Análise de Perfil,Conversa com o Cliente,2025-05-16,1,8,8,10151,Saúde,Média,pouco provável
bdcc616a-7596-4fe8-8310-30ce1ceba115,Análise de Perfil,Análise de Perfil,2025-11-13,1,7,7,7823,Serviços,Alta,provável
d11c911c-c0a1-4151-bda4-33c2dde417ba,Análise de Perfil,Conversa com o Cliente,2025-07-04,1,6,6,31205,Educação,Baixa,pouco provável
2fe8bd04-ca1c-47e5-a113-7c61a3b04585,Análise de Perfil,Conversa com o Cliente,2025-01-24,1,8,8,31665,Indústria,Média,provável
61576c73-5f24-4272-b00f-21ae2d1156f7,Análise de Perfil,Análise de Perfil,2025-05-21,1,10,10,44375,Educação,Média,provável
e07993db-8919-47f1-b326-5dc8cdb7a17d,Análise de Perfil,Conversa com o Cliente,2025-01-14,1,2,2,29977,Saúde,Média,pouco provável
ddc090c6-8e31-468b-ab46-1c0c26754ba4,Análise de Perfil,Análise de Perfil,2025-08-06,1,15,15,12204,Tecnologia,Média,provável
52802682-24c8-4467-bdb9-2a41a0fa9029,Análise de Perfil,Conversa com o Cliente,2025-08-17,1,6,6,45996,Indústria,Média,provável
f0ca07b4-dd31-4eb8-89ed-fa2ae2209cc3,Análise de Perfil,Análise de Perfil,2025-07-09,1,13,13,35186,Saúde,Baixa,pouco provável
b7f99ecc-1764-4328-99bc-4b05c97bc594,Análise de Perfil,Conversa com o Cliente,2025-11-02,1,7,7,28433,Saúde,Média,provável
d001bfbe-e9ed-48e1-969e-7bba4c57e34d,Análise de Perfil,Conversa com o Cliente,2025-04-08,1,11,11,24338,Comércio,Média,provável
c58264a5-90ab-4e65-87eb-7edbe82d7013,Análise de Perfil,Conversa com o Cliente,2025-06-26,1,13,13,45370,Indústria,Alta,provável
8cea9cfe-5d3a-47d6-97ff-dd2facbb3567,Análise de Perfil,Conversa com o Cliente,2025-02-01,1,10,10,19018,Educação,Média,pouco provável
623cbefe-b90a-470f-990d-00cefd65a056,Análise de Perfil,Conversa com o Cliente,2025-05-11,1,10,10,25598,Educação,Baixa,pouco provável
f600d3d6-600f-43e5-a024-3bac2182d388,Análise de Perfil,Conversa com o Cliente,2025-07-28,1,3,3,11729,Indústria,Baixa,pouco provável
d6af053e-ec10-4622-9014-eb382d65e231,Análise de Perfil,Conversa com o Cliente,2025-10-05,1,3,3,27246,Saúde,Média,pouco provável
eedd748c-9a4b-48eb-8edb-0b4ea9bf7a98,Análise de Perfil,Conversa com o Cliente,2025-04-26,1,5,5,39793,Indústria,Alta,provável
9d76bbe3-82bb-4c4b-bff0-df1ed223e973,Análise de Perfil,Conversa com o Cliente,2025-01-14,1,3,3,39787,Educação,Média,provável
00704a92-1fac-47a7-a805-43f8640ac1b1,Análise de Perfil,Conversa com o Cliente,2025-05-10,1,14,14,34425,Saúde,Média,pouco provável
4e259859-2215-45c6-921a-43123cb43b34,Análise de Perfil,Conversa com o Cliente,2025-10-16,1,9,9,46550,Tecnologia,Média,provável
31cc732b-ac62-4c11-8562-450be522e524,Análise de Perfil,Conversa com o Cliente,2025-10-22,1,15,15,45508,Serviços,Média,pouco provável
3194c51c-0e60-4607-816f-08e4295527c3,Análise de Perfil,Conversa com o Cliente,2025-10-30,1,8,8,21740,Tecnologia,Baixa,pouco provável
b971c966-ab27-4aa3-a429-a7d062bd3661,Análise de Perfil,Análise de Perfil,2025-06-01,1,6,6,47013,Educação,Média,provável
1e439ffd-c6f7-4723-9854-cd1b6bdd36c7,Análise de Perfil,Conversa com o Cliente,2025-03-31,1,14,14,31604,Indústria,Média,provável
b93a5c29-22c6-468a-9af0-d0aacdfa6bd3,Análise de Perfil,Conversa com o Cliente,2025-02-25,1,12,12,29729,Serviços,Média,provável
f2e302d8-fe2c-46a5-acb9-e479a43548bd,Análise de Perfil,Conversa com o Cliente,2025-11-20,1,6,6,37330,Serviços,Média,provável
48dc70bc-ace9-4b95-ba79-c622ec6734b2,Análise de Perfil,Conversa com o Cliente,2025-11-19,1,6,6,36160,Indústria,Média,provável
4d12e1e0-09b7-4389-9637-a9eb148bfa28,Análise de Perfil,Conversa com o Cliente,2025-07-19,1,1,1,12955,Educação,Média,provável
ea6bd54e-9667-4430-9266-beee190bdb0d,Análise de Perfil,Conversa com o Cliente,2025-06-15,1,2,2,45130,Tecnologia,Baixa,pouco provável
8a24a5f0-4e25-4905-a8a0-1bafbd2362bc,Análise de Perfil,Conversa com o Cliente,2025-03-25,1,3,3,49462,Comércio,Baixa,pouco provável
f4392428-02e5-4e0f-8a98-9649c945aef1,Análise de Perfil,Conversa com o Cliente,2025-03-02,1,3,3,34343,Tecnologia,Média,provável
5ff59d37-a523-4998-b5c7-67e4931f413b,Análise de Perfil,Análise de Perfil,2025-06-05,1,10,10,20083,Educação,Baixa,pouco provável
b9a40f02-717d-4935-b80d-44022689bf50,Análise de Perfil,Análise de Perfil,2025-01-07,1,2,2,6584,Tecnologia,Baixa,pouco provável
2c61e9b7-b605-445f-aeb3-e02cfd145b87,Análise de Perfil,Conversa com o Cliente,2025-06-25,1,1,1,41576,Serviços,Baixa,pouco provável
5738bbed-fc76-48c7-941f-c57e36461fc4,Análise de Perfil,Conversa com o Cliente,2025-01-10,1,8,8,34680,Tecnologia,Média,pouco provável
2ad3a9c7-00c6-4745-9a74-9a82bdba31c8,Análise de Perfil,Conversa com o Cliente,2025-09-17,1,13,13,10330,Educação,Média,pouco provável
79295611-1f6b-4a52-b7c0-64a642fe00dc,Análise de Perfil,Conversa com o Cliente,2025-09-20,1,14,14,49415,Educação,Média,provável
d3199361-2757-40f7-95b2-fdc707acd1ec,Análise de Perfil,Conversa com o Cliente,2025-10-21,1,4,4,13603,Serviços,Baixa,pouco provável
a3823d6f-4efc-441b-af9e-699fcd176549,Análise de Perfil,Conversa com o Cliente,2025-05-10,1,2,2,17550,Saúde,Baixa,pouco provável
fa8d87e8-ac7a-48fc-b860-0956ccaac9c5,Análise de Perfil,Análise de Perfil,2025-06-30,1,9,9,35184,Comércio,Alta,provável
03b210f6-ee9c-476a-bafd-b3c0628fd7c1,Análise de Perfil,Conversa com o Cliente,2025-05-08,1,4,4,25438,Saúde,Alta,provável
9c45ebec-d803-488e-bcd7-d38bca80d879,Análise de Perfil,Conversa com o Cliente,2025-07-30,1,8,8,24746,Serviços,Média,pouco provável
422b3dc2-925e-4043-bf02-ff040490468b,Análise de Perfil,Conversa com o Cliente,2025-09-27,1,10,10,13470,Saúde,Baixa,pouco provável
7825484b-0872-4895-9152-eea614a9eebb,Análise de Perfil,Conversa com o Cliente,2025-06-19,1,3,3,49228,Educação,Média,provável
f95b13e3-3481-486a-9691-64cdd3840528,Análise de Perfil,Análise de Perfil,2025-03-09,1,4,4,32100,Indústria,Baixa,pouco provável
e4347bd4-ae95-40b8-b018-b78def1ea2da,Análise de Perfil,Conversa com o Cliente,2025-11-19,1,3,3,17683,Tecnologia,Média,provável
198238a6-96a1-4b80-8d7c-3681dfbd3237,Análise de Perfil,Análise de Perfil,2025-09-20,1,3,3,24443,Indústria,Baixa,pouco provável
2a0f1958-707e-406e-b93b-2c0e13e024a5,Análise de Perfil,Análise de Perfil,2025-08-05,1,2,2,49559,Indústria,Média,provável
3a5cc663-03cc-4968-89b9-1faffb5b68b8,Análise de Perfil,Conversa com o Cliente,2025-07-10,1,13,13,15155,Comércio,Média,pouco provável
35002718-c18f-4641-9ff3-e61ca178b46d,Análise de Perfil,Análise de Perfil,2025-08-25,1,8,8,13424,Indústria,Baixa,pouco provável
dbf3b240-7658-43e0-9831-2d52f0a8498b,Análise de Perfil,Conversa com o Cliente,2025-02-24,1,11,11,28226,Tecnologia,Alta,provável
f7cc1560-6e3c-43c4-9027-dc83b5655b27,Análise de Perfil,Conversa com o Cliente,2025-04-21,1,15,15,15593,Educação,Média,provável
432d47d1-d3fd-492b-a629-a626d9d5ca15,Análise de Perfil,Conversa com o Cliente,2025-10-21,1,11,11,12759,Tecnologia,Média,provável
03871bb0-9577-4383-9e0c-7ef87665a7d7,Análise de Perfil,Conversa com o Cliente,2025-09-14,1,11,11,29302,Tecnologia,Média,provável
e8c0e984-d1fb-40e2-a14b-2651ed50c3f5,Análise de Perfil,Conversa com o Cliente,2025-08-19,1,15,15,13974,Serviços,Alta,provável
95f9e60b-efa2-472a-9d8a-727581009118,Análise de Perfil,Conversa com o Cliente,2025-11-06,1,14,14,43151,Tecnologia,Média,pouco provável
2a9af5ca-5855-430f-a2b1-08a5e77faa15,Análise de Perfil,Conversa com o Cliente,2025-03-24,1,6,6,15012,Serviços,Baixa,pouco provável
fca41ed1-a649-4406-af37-2d372f827207,Análise de Perfil,Conversa com o Cliente,2025-03-03,1,10,10,5211,Educação,Média,provável
8812fabb-64f4-4970-9456-9200f3e1635f,Análise de Perfil,Conversa com o Cliente,2025-07-26,1,2,2,19670,Educação,Alta,provável
e04d8b6a-ba86-4595-8f44-d9d101caf3ac,Análise de Perfil,Conversa com o Cliente,2025-11-26,1,9,9,34646,Indústria,Baixa,pouco provável
f4adf56f-b0ad-4c50-bac4-eb64ef460b55,Análise de Perfil,Conversa com o Cliente,2025-05-28,1,4,4,21552,Saúde,Baixa,pouco provável
6fde05c0-2df6-45d9-a127-1d49b188c70f,Análise de Perfil,Análise de Perfil,2025-09-25,1,5,5,29778,Educação,Média,pouco provável
07172639-ca11-43ea-9e04-67a949c9c3f4,Análise de Perfil,Conversa com o Cliente,2025-01-07,1,2,2,36690,Comércio,Média,provável
82622a72-17ae-4515-bd84-59fbbc0d586b,Análise de Perfil,Conversa com o Cliente,2025-08-25,1,10,10,12444,Serviços,Média,pouco provável
fbcc3aee-d66d-441b-9be8-b6bc0b8d0b7e,Análise de Perfil,Conversa com o Cliente,2025-02-11,1,5,5,6141,Tecnologia,Alta,provável
b40f4e85-1fad-4057-b84d-c75828d6adbe,Análise de Perfil,Conversa com o Cliente,2025-08-01,1,4,4,7064,Comércio,Média,pouco provável
4ee78a88-63aa-4d27-b217-1a758644ec13,Análise de Perfil,Conversa com o Cliente,2025-06-25,1,7,7,23059,Saúde,Baixa,pouco provável
adde96b9-9816-4fa2-acdd-c27ae990a759,Análise de Perfil,Análise de Perfil,2025-11-08,1,2,2,22342,Comércio,Média,pouco provável
fc7a9cdf-56a6-4b0a-96a3-699369261c49,Análise de Perfil,Conversa com o Cliente,2025-02-04,1,10,10,45446,Indústria,Baixa,pouco provável
d72415bd-016d-4462-b7de-063e4f3ce983,Análise de Perfil,Conversa com o Cliente,2025-03-10,1,12,12,41542,Comércio,Média,pouco provável
c5a1f3f6-1ba1-4301-bddc-5d10ced8c696,Análise de Perfil,Conversa com o Cliente,2025-06-01,1,8,8,24442,Educação,Baixa,pouco provável
88727dca-2bcd-416c-9e66-aa00f58886db,Análise de Perfil,Conversa com o Cliente,2025-04-10,1,9,9,21837,Comércio,Baixa,pouco provável
221ebf98-dfd3-48c5-b565-44eed93ff1ea,Análise de Perfil,Conversa com o Cliente,2025-06-21,1,7,7,11070,Indústria,Alta,muito provável
afba53d3-e92b-467f-8d64-df2cb36a1979,Análise de Perfil,Conversa com o Cliente,2025-10-04,1,12,12,43135,Comércio,Média,pouco provável
acf5a6ef-2ad8-4304-8f8b-5f27d1a07b6e,Análise de Perfil,Conversa com o Cliente,2025-08-20,1,7,7,13369,Educação,Alta,provável
78e8f3f2-61a5-43d1-9491-a771a13f96cf,Análise de Perfil,Conversa com o Cliente,2025-12-01,1,15,15,17596,Educação,Alta,muito provável
9ecc6313-2ee2-4e52-af95-080ae7b04f3e,Análise de Perfil,Análise de Perfil,2025-05-13,1,15,15,7306,Serviços,Média,pouco provável
473db31c-6079-4f23-a169-30c9d1c87876,Análise de Perfil,Análise de Perfil,2025-08-18,1,13,13,15461,Tecnologia,Baixa,pouco provável
7b793ca1-fc62-4cfb-adee-645af0421170,Análise de Perfil,Análise de Perfil,2025-08-25,1,4,4,17557,Tecnologia,Baixa,pouco provável
aacc346a-6210-4b14-81ba-36d4c8881951,Análise de Perfil,Conversa com o Cliente,2025-02-08,1,2,2,18473,Serviços,Alta,provável
b762093e-35b6-4dbd-898e-e0c49c098b7a,Análise de Perfil,Conversa com o Cliente,2025-11-30,1,13,13,46346,Indústria,Alta,muito provável
c782e27f-b656-44e4-86da-5b577bca257d,Análise de Perfil,Conversa com o Cliente,2025-03-20,1,4,4,19937,Educação,Baixa,pouco provável
049921ed-5d86-412d-87f0-6b6d39db5dbf,Análise de Perfil,Conversa com o Cliente,2025-01-29,1,10,10,36176,Tecnologia,Média,provável
69c607b6-8b5a-4524-9b51-b5483407477d,Análise de Perfil,Conversa com o Cliente,2025-02-16,1,6,6,23366,Comércio,Baixa,pouco provável
9df3876f-012c-4604-9e97-2e5cc4e9cf9e,Análise de Perfil,Conversa com o Cliente,2025-04-27,1,15,15,22175,Saúde,Média,pouco provável
61b6a973-2f9c-4d26-bd1d-bb3ace032420,Análise de Perfil,Análise de Perfil,2025-09-29,1,6,6,44526,Serviços,Média,pouco provável
d5cdf737-3e2d-458a-8b66-b11a4010d3ea,Análise de Perfil,Análise de Perfil,2025-07-04,1,9,9,7073,Serviços,Alta,provável
5af522d7-003a-41e8-90e2-703a089d8013,Análise de Perfil,Conversa com o Cliente,2025-01-14,1,1,1,26184,Educação,Média,provável
26cba100-8491-4340-a17e-2d4c83eeff68,Análise de Perfil,Conversa com o Cliente,2025-05-06,1,14,14,6531,Serviços,Média,provável
98249fc2-fc54-4a6b-b1be-6420c3f50f10,Análise de Perfil,Conversa com o Cliente,2025-04-18,1,8,8,41175,Educação,Média,provável
257b73de-a46d-4695-9e13-1264f15ec702,Análise de Perfil,Conversa com o Cliente,2025-01-16,1,8,8,28776,Serviços,Baixa,pouco provável
4b362047-9e17-4d13-b2e7-008f6dc9e07a,Análise de Perfil,Conversa com o Cliente,2025-07-30,1,6,6,7810,Indústria,Média,provável
bc97506c-9900-47b2-9104-386557150ac4,Análise de Perfil,Conversa com o Cliente,2025-03-20,1,3,3,28057,Saúde,Baixa,pouco provável
d80c1720-ae92-4174-acee-eda17a46c6a5,Análise de Perfil,Conversa com o Cliente,2025-10-08,1,4,4,20091,Serviços,Baixa,pouco provável
58be87e3-a92e-4fae-9ec5-b273418114a7,Análise de Perfil,Conversa com o Cliente,2025-11-22,1,10,10,17219,Educação,Alta,provável
51911850-1cb3-4464-9542-f89e90a0e950,Análise de Perfil,Conversa com o Cliente,2025-04-04,1,12,12,27174,Saúde,Média,provável
11b2df04-6818-47ec-b948-70b7c02aa8ad,Análise de Perfil,Conversa com o Cliente,2025-10-05,1,14,14,23941,Tecnologia,Baixa,pouco provável
533088e7-b509-4d3d-918f-c7ac33b95351,Análise de Perfil,Análise de Perfil,2025-08-25,1,9,9,30255,Indústria,Média,pouco provável
d2689cfa-de32-4fea-a33a-e7621514dbf2,Análise de Perfil,Conversa com o Cliente,2025-09-21,1,14,14,20861,Tecnologia,Média,pouco provável
f84991f4-d024-4233-8eb0-f05e042a0774,Análise de Perfil,Conversa com o Cliente,2025-01-05,1,4,4,16555,Educação,Baixa,pouco provável
5b92e5fb-ea70-46b3-b217-d6587577f808,Análise de Perfil,Conversa com o Cliente,2025-09-27,1,10,10,34233,Comércio,Média,provável
66788e1e-0c4b-486a-a6c6-753ec4d6ed86,Análise de Perfil,Análise de Perfil,2025-03-03,1,10,10,39545,Tecnologia,Média,provável
5484149e-8d21-43d7-ab19-da4db178462e,Análise de Perfil,Conversa com o Cliente,2025-07-06,1,14,14,29954,Tecnologia,Média,provável
38d4e247-5469-4a3f-8552-7df12e91c6c7,Análise de Perfil,Análise de Perfil,2025-06-05,1,12,12,37476,Comércio,Média,pouco provável
d8fa8d3f-a8ea-4708-a172-9febf7398899,Análise de Perfil,Conversa com o Cliente,2025-11-12,1,1,1,26683,Educação,Baixa,pouco provável
3ee68b75-3d55-46c1-90db-34c68063ee17,Análise de Perfil,Conversa com o Cliente,2025-06-05,1,11,11,17827,Educação,Média,provável
2d360007-046e-4323-85e9-ecdc82cc3c30,Análise de Perfil,Análise de Perfil,2025-03-06,1,9,9,38898,Tecnologia,Baixa,pouco provável
415f5a67-59b0-484b-8e33-7c69fc101a83,Análise de Perfil,Conversa com o Cliente,2025-01-19,1,2,2,44713,Tecnologia,Média,provável
8d701e65-f990-4f30-bf0d-c94410329d4a,Análise de Perfil,Conversa com o Cliente,2025-03-24,1,9,9,47548,Indústria,Média,provável
1863fa6e-35c1-428b-8469-218902c9a031,Análise de Perfil,Conversa com o Cliente,2025-02-19,1,11,11,34607,Educação,Média,pouco provável
ca07854f-9a48-491b-aced-e5db8db3962c,Análise de Perfil,Análise de Perfil,2025-03-02,1,12,12,6550,Tecnologia,Média,provável
f2f13e52-33c2-4fd1-9169-b2c42d1be3d3,Análise de Perfil,Conversa com o Cliente,2025-05-07,1,5,5,39780,Saúde,Alta,muito provável
3dfbe6e6-60b6-4b14-8f4a-f11d8332541d,Análise de Perfil,Análise de Perfil,2025-02-11,1,15,15,17104,Serviços,Baixa,pouco provável
305a4bbf-39b3-43ca-bd0a-5346332b15c7,Análise de Perfil,Conversa com o Cliente,2025-07-10,1,12,12,36755,Educação,Média,pouco provável
ef9fed4f-7653-4bd2-bc51-d4c2ccb5bc94,Análise de Perfil,Análise de Perfil,2025-02-06,1,1,1,37952,Educação,Alta,muito provável
276801e3-0d49-43a2-b77e-39f9918f42f8,Análise de Perfil,Conversa com o Cliente,2025-02-16,1,8,8,33142,Tecnologia,Baixa,pouco provável
3bdacfae-d2e9-4c2b-bbb8-61c34e746a8a,Análise de Perfil,Conversa com o Cliente,2025-06-27,1,13,13,28915,Saúde,Baixa,pouco provável
c03b95b1-b965-4e30-a422-18bd10371840,Análise de Perfil,Conversa com o Cliente,2025-11-11,1,1,1,24525,Saúde,Alta,provável
d9cc3341-f3f7-4ebf-ac73-cd3b71456ece,Análise de Perfil,Conversa com o Cliente,2025-05-25,1,3,3,47175,Tecnologia,Alta,muito provável
8e3d4171-0b40-41c7-9d90-5343beb056a5,Análise de Perfil,Conversa com o Cliente,2025-01-12,1,7,7,23391,Serviços,Média,pouco provável
41ef7273-3270-4668-9d58-168a2038be40,Análise de Perfil,Conversa com o Cliente,2025-10-11,1,13,13,46723,Tecnologia,Baixa,pouco provável
fe1c287f-1b30-401b-9d62-d5a61854ab06,Análise de Perfil,Conversa com o Cliente,2025-11-07,1,12,12,29694,Tecnologia,Média,provável
1751a905-e2c7-4529-9da0-6adff14028db,Análise de Perfil,Conversa com o Cliente,2025-02-22,1,7,7,19171,Indústria,Baixa,pouco provável
37a705cb-d94d-483b-8e0d-a93841fe8cd2,Análise de Perfil,Análise de Perfil,2025-04-01,1,12,12,12609,Saúde,Média,provável
34d6cfa5-c673-4380-9661-79fe55a239ca,Análise de Perfil,Conversa com o Cliente,2025-09-27,1,10,10,7730,Tecnologia,Baixa,pouco provável
8f296b7c-1ffe-4191-9b1c-60c8dc908ce4,Análise de Perfil,Conversa com o Cliente,2025-05-26,1,7,7,22999,Saúde,Baixa,pouco provável
084a11cf-add5-4627-9e3b-b37f2091e078,Análise de Perfil,Conversa com o Cliente,2025-10-03,1,12,12,49854,Comércio,Média,pouco provável
433306c2-72c7-49bb-a79e-4c6fd6cfad70,Análise de Perfil,Conversa com o Cliente,2025-06-28,1,8,8,33295,Saúde,Baixa,pouco provável
d84dacb0-e0cf-412b-a707-f05d56079a6e,Análise de Perfil,Conversa com o Cliente,2025-08-22,1,8,8,14163,Saúde,Baixa,pouco provável
40950b0d-4574-4b39-ab55-31fb952816fa,Análise de Perfil,Conversa com o Cliente,2025-03-11,1,5,5,9655,Saúde,Média,pouco provável
174dec58-1593-4ea0-b326-7485732170dd,Análise de Perfil,Análise de Perfil,2025-03-04,1,1,1,12903,Tecnologia,Alta,provável
201794ba-bc56-46de-9a64-891fa26064a2,Análise de Perfil,Conversa com o Cliente,2025-06-10,1,6,6,12340,Saúde,Média,provável
b83cae65-23ae-4906-b06c-eb7fc1cbe319,Análise de Perfil,Conversa com o Cliente,2025-01-17,1,5,5,7418,Indústria,Baixa,pouco provável
a807409c-2345-4bed-87e2-699505d0b8c9,Análise de Perfil,Conversa com o Cliente,2025-02-09,1,7,7,25763,Serviços,Alta,provável
940f326b-a6ab-4756-932b-03ccaa0310db,Análise de Perfil,Conversa com o Cliente,2025-02-14,1,7,7,21495,Indústria,Média,provável
135dcf4a-7b37-45d8-80c1-01c236d8384b,Análise de Perfil,Análise de Perfil,2025-09-15,1,14,14,15712,Saúde,Média,provável
f90eb53d-7055-4555-a3af-3b182a1a2c19,Análise de Perfil,Conversa com o Cliente,2025-11-18,1,8,8,30995,Tecnologia,Baixa,pouco provável
370463b9-0b27-433b-903d-c40a320b973c,Análise de Perfil,Conversa com o Cliente,2025-11-30,1,3,3,42013,Tecnologia,Alta,muito provável
62a09217-bd9c-46de-8ea9-2ae84bce4fb7,Análise de Perfil,Conversa com o Cliente,2025-09-18,1,8,8,13013,Tecnologia,Alta,provável
9a2b37b5-0db9-4987-b56e-4d27270630e4,Análise de Perfil,Análise de Perfil,2025-09-30,1,11,11,41859,Tecnologia,Baixa,pouco provável
28a3c8ab-2b72-4d83-8a6f-5973f566ea97,Conversa com o Cliente,Negociação,2025-07-16,2,18,12,8165,Indústria,Média,provável
4bbafdff-778c-4462-a8cb-995e4ced6b70,Conversa com o Cliente,Negociação,2025-01-23,2,20,9,49431,Indústria,Baixa,provável
54b1faa4-2d89-4db1-8f84-c8e94b946f84,Negociação,Fechamento,2025-11-03,6,61,7,44717,Saúde,Baixa,provável
dea2846d-5104-465c-a91f-5ace8649faee,Conversa com o Cliente,Conversa com o Cliente,2025-02-28,2,25,13,31099,Comércio,Média,provável
40dfb8e9-1a82-4c9f-bf73-34a5ac8e2605,Conversa com o Cliente,Negociação,2025-09-16,3,22,11,26525,Educação,Média,provável
1f2c1a11-844a-4133-b709-509606d27c89,Conversa com o Cliente,Negociação,2025-03-18,2,14,4,24004,Comércio,Média,provável
8e38677c-fb6f-4e51-a5be-bf291e68eec7,Análise de Perfil,Análise de Perfil,2025-04-19,1,4,4,6287,Serviços,Alta,provável
e68ae765-56c3-4ba2-8ca0-d6307757c561,Análise de Perfil,Conversa com o Cliente,2025-09-17,1,2,2,17848,Indústria,Média,provável
868265cc-635e-43d1-84d3-cda5997c2f8d,Conversa com o Cliente,Negociação,2025-07-22,2,25,15,29916,Saúde,Baixa,provável
7c9303b2-182c-4c47-9887-f1f43c0fe06d,Análise de Perfil,Conversa com o Cliente,2025-03-15,1,3,3,42308,Tecnologia,Média,provável
abbae961-ebb3-4cfc-a23c-af340b4d7923,Análise de Perfil,Conversa com o Cliente,2025-05-29,1,7,7,32808,Tecnologia,Alta,provável
a4a15a28-5cdb-481e-aaed-6a49ef189efc,Negociação,Fechamento,2025-08-18,3,27,11,37443,Educação,Baixa,provável
61ab33f6-329b-4838-8a80-e2db0b3126d9,Análise de Perfil,Conversa com o Cliente,2025-06-20,1,3,3,31624,Educação,Média,provável
782c499b-9996-4bca-af3a-7612205acc8f,Análise de Perfil,Conversa com o Cliente,2025-06-11,1,2,2,41570,Educação,Média,provável
a0569ffe-759c-4f29-9f45-f36d1d1af9d4,Análise de Perfil,Análise de Perfil,2025-02-04,1,10,10,20097,Tecnologia,Média,provável
82893690-1967-49c8-b48c-7840774b2971,Análise de Perfil,Conversa com o Cliente,2025-08-05,1,15,15,35134,Comércio,Média,provável
a26fc263-e66f-4d8e-9a21-f7d41f108ad3,Análise de Perfil,Conversa com o Cliente,2025-10-27,1,4,4,10941,Comércio,Média,provável
59a37dfd-20e0-4f48-8724-dc6102b21e12,Análise de Perfil,Conversa com o Cliente,2025-06-30,1,4,4,48851,Saúde,Média,provável
483748f8-ed83-4e2b-ada6-1f21365e69c9,Análise de Perfil,Conversa com o Cliente,2025-10-06,1,5,5,9985,Saúde,Alta,provável
9ee9c781-1c9d-4af0-9109-5912730dda62,Análise de Perfil,Conversa com o Cliente,2025-01-29,1,8,8,19121,Serviços,Média,provável
bcf3e66b-b07e-4e15-9f35-42590d009000,Conversa com o Cliente,Negociação,2025-10-25,3,37,13,33749,Serviços,Média,provável
05bd3b19-df50-4c88-ada4-778e566cc8c6,Negociação,Negociação,2025-11-19,3,15,1,33392,Comércio,Baixa,provável
f97454e1-e76c-465a-8b18-79bbc3c701cf,Análise de Perfil,Conversa com o Cliente,2025-04-11,1,6,6,6392,Comércio,Média,provável
7a33a27f-b24c-4178-9b6f-f1fa5c01b11d,Conversa com o Cliente,Negociação,2025-05-27,3,23,13,36869,Comércio,Média,provável
475359a9-bea2-4943-8dbd-942fd31762e6,Negociação,Fechamento,2025-04-18,3,30,12,15982,Educação,Baixa,provável
faeac2ef-b62f-406d-a1fd-2ce3385f13d9,Análise de Perfil,Conversa com o Cliente,2025-12-01,3,15,11,39551,Indústria,Média,provável
fbdc04c2-8985-4083-bd8a-6156ae0124f1,Análise de Perfil,Conversa com o Cliente,2025-05-13,1,11,11,6107,Serviços,Média,provável
273d809e-490c-4a7d-9dbb-d9cf444db011,Análise de Perfil,Conversa com o Cliente,2025-05-22,1,12,12,14627,Serviços,Média,provável
2420e1c4-9a0e-4b30-9b89-6eca05e2ba6b,Conversa com o Cliente,Negociação,2025-03-30,2,23,11,31007,Serviços,Média,provável
68fb5030-4041-4b4c-8947-6cc2fc0990ee,Análise de Perfil,Conversa com o Cliente,2025-11-22,1,15,15,36653,Indústria,Média,provável
d1db80bc-3631-440d-a983-9800f729c84a,Análise de Perfil,Análise de Perfil,2025-02-13,1,11,11,6679,Educação,Alta,provável
7e2951d6-e8ee-43e1-8787-a45c4a4aeb29,Análise de Perfil,Conversa com o Cliente,2025-07-22,2,20,6,48710,Serviços,Média,provável
98dcdefb-2cd3-478b-8942-f759226fa033,Conversa com o Cliente,Conversa com o Cliente,2025-09-19,2,26,15,16556,Tecnologia,Média,provável
9aab997c-191b-46cf-a603-5800320d4e57,Análise de Perfil,Análise de Perfil,2025-05-30,1,3,3,11620,Tecnologia,Alta,provável
e7f937e8-7ae1-4aa2-a5d2-4d8e4cf653d3,Análise de Perfil,Conversa com o Cliente,2025-06-03,1,13,13,6050,Tecnologia,Média,provável
a249a7d3-4990-497e-a832-6687e7e9921e,Conversa com o Cliente,Negociação,2025-11-11,2,25,15,29078,Educação,Média,provável
92f0cbe5-ab8d-4c6b-85fb-a1480695ef40,Análise de Perfil,Análise de Perfil,2025-01-20,1,4,4,37808,Saúde,Média,provável
17f64508-9caa-4d72-a092-b66279a527b3,Análise de Perfil,Conversa com o Cliente,2025-08-20,1,13,13,46131,Educação,Média,provável
6bbc2448-b6e5-4505-8c61-04f4bc6672a8,Fechamento,Fechamento,2025-11-13,4,18,2,35897,Tecnologia,Baixa,provável
a55273dd-a128-4eda-a951-aa692bd6bb2a,Conversa com o Cliente,Negociação,2025-08-04,3,29,10,36508,Educação,Média,provável
c293f87a-b302-45e8-8711-9c51beb0f983,Fechamento,Fechamento,2025-02-24,5,50,11,40330,Indústria,Baixa,provável
08d474a2-8f1d-4c50-ab72-b2a5a7a5b32a,Análise de Perfil,Conversa com o Cliente,2025-10-28,1,15,15,5166,Serviços,Média,provável
ce4c269f-0b35-4ae5-b939-d86de74c19c5,Análise de Perfil,Conversa com o Cliente,2025-08-26,1,14,14,14259,Serviços,Média,provável
e9a459e2-d60a-4dfc-b5b9-53f82985914f,Conversa com o Cliente,Negociação,2025-06-05,2,19,5,6167,Serviços,Média,provável
668dd20d-f375-4051-af53-39ea61c31fcf,Análise de Perfil,Conversa com o Cliente,2025-07-04,2,17,15,34244,Comércio,Média,provável
246dce43-8cfd-49a8-9bc9-c72a1956d88f,Análise de Perfil,Conversa com o Cliente,2025-06-25,1,8,8,36089,Tecnologia,Média,provável
8b3abac9-c7ee-4151-9cc4-60138f35590a,Análise de Perfil,Análise de Perfil,2025-04-13,1,9,9,44868,Indústria,Alta,provável
849de646-c876-4d46-b59b-c2e2f7022c77,Conversa com o Cliente,Negociação,2025-06-14,2,17,10,30691,Comércio,Média,provável
13b84fd2-6c60-42c3-9b40-40909a3ca96d,Análise de Perfil,Análise de Perfil,2025-05-17,1,11,11,46992,Comércio,Média,provável
d0b5cee4-36a4-47db-8d63-7aff1add6071,Conversa com o Cliente,Negociação,2025-03-12,2,29,15,18214,Tecnologia,Média,provável
29af6826-3b90-4271-9032-f69c85f07500,Conversa com o Cliente,Conversa com o Cliente,2025-08-01,3,25,15,27156,Comércio,Média,provável
d057c159-0c16-43a0-a70e-145981443074,Conversa com o Cliente,Conversa com o Cliente,2025-11-12,2,21,15,45200,Indústria,Média,provável
d22c802e-089d-4beb-afeb-1db952da56ba,Análise de Perfil,Conversa com o Cliente,2025-10-18,1,9,9,33661,Educação,Média,provável
d7728a95-6e3c-4695-bc69-be637be408c4,Análise de Perfil,Conversa com o Cliente,2025-02-13,1,5,5,37940,Comércio,Média,provável
b492b504-aa4a-4c2d-bea8-27f59c8acd05,Análise de Perfil,Análise de Perfil,2025-04-14,1,12,12,28976,Indústria,Média,provável
685c37cf-d47d-4124-aa07-e0b61b529c44,Conversa com o Cliente,Negociação,2025-02-13,3,41,14,14909,Educação,Baixa,provável
2a90ed9c-d51e-4dfe-bb94-04c959644966,Conversa com o Cliente,Negociação,2025-03-04,3,19,15,48285,Educação,Média,provável
799e3db7-1f6a-4431-896b-603d45cf5087,Fechamento,Fechamento,2026-02-03,6,67,8,40496,Educação,Baixa,provável
79872e67-ad0e-4977-811d-cc0d2c2fe6e8,Análise de Perfil,Conversa com o Cliente,2025-05-18,1,7,7,44229,Educação,Média,provável
b2660ab0-b12d-42d5-a845-28d7a8cbf5a2,Conversa com o Cliente,Negociação,2025-12-20,2,26,11,7087,Tecnologia,Média,provável
adc498c7-acfa-4b2e-bffa-27ad30de357e,Análise de Perfil,Conversa com o Cliente,2025-09-25,1,2,2,10217,Saúde,Alta,provável
79271554-80f6-4769-9992-032ab5cd427e,Negociação,Fechamento,2025-10-21,4,39,11,25863,Saúde,Baixa,provável
1bc55932-9e4e-406a-aa4d-bbf34d53c62d,Fechamento,Fechamento,2025-12-01,4,26,2,43871,Tecnologia,Baixa,provável
d46a99f0-f3ca-43e2-9ca0-8e9c958622db,Análise de Perfil,Conversa com o Cliente,2025-10-14,1,7,7,16095,Educação,Média,provável
87e2b8d8-4505-4c50-bf72-9a0f7a8dbc30,Negociação,Negociação,2025-05-10,4,37,11,41896,Comércio,Baixa,provável
72a0f25e-8478-45a3-9387-3ec49745ffc3,Análise de Perfil,Análise de Perfil,2025-08-28,1,5,5,30898,Educação,Alta,provável
a5071ed8-f780-4d5a-9ac4-51be2f90a7aa,Negociação,Negociação,2025-07-02,3,19,6,15242,Comércio,Baixa,provável
4e07edfd-bb48-4ed7-91dd-f4d69b2ecc6f,Análise de Perfil,Análise de Perfil,2025-03-05,1,10,10,33753,Educação,Alta,provável
1051f71a-e963-4169-8489-7beeada371d3,Análise de Perfil,Análise de Perfil,2025-08-26,1,9,9,17551,Comércio,Alta,provável
fa84804f-2eb6-4965-a0b5-593774394497,Análise de Perfil,Análise de Perfil,2025-06-28,1,6,6,25483,Saúde,Alta,provável
eeb9f723-8965-4c06-8ab9-3236fbf3bc6d,Análise de Perfil,Conversa com o Cliente,2025-02-27,1,3,3,17769,Serviços,Alta,provável
53e7b9c2-14ec-4842-8b08-2e90305ee855,Conversa com o Cliente,Negociação,2025-07-17,2,14,11,29820,Comércio,Baixa,provável
a92367fc-e1d5-49ad-bc92-c919e7a116da,Análise de Perfil,Conversa com o Cliente,2025-10-29,1,4,4,16368,Educação,Média,provável
7dad0678-6e3b-4215-9332-f607f8f008df,Conversa com o Cliente,Negociação,2025-11-07,2,17,2,22773,Tecnologia,Média,provável
ccc5f328-a61b-428d-ae25-4b4cd7ceb443,Análise de Perfil,Conversa com o Cliente,2025-05-29,1,3,3,23068,Educação,Média,provável
fe32b2ec-da41-42c2-8f72-bd2ab248ba2c,Conversa com o Cliente,Negociação,2025-11-25,2,23,9,33184,Serviços,Média,provável
56c2067f-ab2b-4a2d-b866-807f53aa4ee2,Conversa com o Cliente,Negociação,2025-07-06,2,5,1,41346,Tecnologia,Baixa,provável
60bd6148-f089-471f-baab-00ef61b35984,Análise de Perfil,Conversa com o Cliente,2025-08-01,1,7,7,42453,Educação,Alta,muito provável
faae0291-4cd8-4eb5-8f3e-69b3753940cd,Análise de Perfil,Conversa com o Cliente,2025-11-26,1,8,8,13903,Saúde,Alta,muito provável
05154e6f-eed1-4ea4-abe6-ba02eedafde9,Análise de Perfil,Conversa com o Cliente,2025-09-21,1,5,5,14144,Serviços,Média,provável
9bf62049-6c4e-4185-adf6-fb6bbe2e542b,Análise de Perfil,Conversa com o Cliente,2025-10-28,1,11,11,37797,Saúde,Média,provável
241bb8f2-6963-4bb9-a17d-d0fd768a52b0,Análise de Perfil,Análise de Perfil,2025-08-19,1,4,4,5602,Serviços,Média,provável
2aa2d6ec-accb-4110-b14b-c58a6e08b473,Análise de Perfil,Conversa com o Cliente,2025-05-21,1,2,2,22764,Saúde,Média,provável
0bcbb2cb-245c-4432-a2f2-a11192990e2a,Análise de Perfil,Análise de Perfil,2025-07-06,1,8,8,19666,Educação,Média,provável
39e7be31-20b1-4bac-85b6-aa6aa5b1e062,Negociação,Fechamento,2025-07-09,3,17,10,18159,Serviços,Baixa,provável
ed12a744-285d-40cd-ab3f-4e99a79d4e7f,Conversa com o Cliente,Negociação,2025-08-06,2,17,15,8629,Tecnologia,Média,provável
c94c2d50-caab-4cda-99c9-d31ce025b964,Análise de Perfil,Análise de Perfil,2025-09-01,1,4,4,32523,Saúde,Alta,provável
5ca79432-2065-4631-b2c0-7989a75ec47f,Negociação,Fechamento,2025-03-23,3,23,3,25501,Indústria,Baixa,provável
e6b30304-3b98-4663-ade7-8c2b0cc7c31f,Análise de Perfil,Conversa com o Cliente,2025-10-13,1,6,6,15520,Indústria,Alta,muito provável
f46bed2c-5cee-4ece-b5ac-065af4013f34,Fechamento,Fechamento,2025-06-01,6,69,14,44171,Comércio,Baixa,provável
49fc1396-c812-4931-a12c-aa56571fa607,Análise de Perfil,Conversa com o Cliente,2025-09-22,1,1,1,49889,Educação,Alta,provável
6d9a8dfe-23fb-4cd3-a8f4-51de2fda4178,Fechamento,Fechamento,2025-02-24,5,19,4,16353,Comércio,Baixa,provável
9658d230-b996-498c-a2f7-3897d9629634,Análise de Perfil,Conversa com o Cliente,2025-10-27,1,11,11,17265,Comércio,Média,provável
9d84fcfc-56b4-4f6d-b995-de02562a0ca5,Fechamento,Fechamento,2026-01-23,6,56,7,47594,Indústria,Baixa,provável
3626e465-7e94-47b3-9eed-a923b15d5373,Conversa com o Cliente,Negociação,2025-04-28,3,24,2,40719,Comércio,Baixa,provável
c1e13636-0a92-45aa-ad50-8c0d57c0b054,Conversa com o Cliente,Negociação,2025-06-30,2,10,7,42540,Educação,Média,provável
cfaddddc-07bb-42df-8d00-4951bdd7fdef,Análise de Perfil,Análise de Perfil,2025-04-01,1,12,12,24142,Educação,Média,provável
ed31aa18-5744-4f66-9b52-f65e4046671e,Conversa com o Cliente,Negociação,2025-11-10,2,27,12,31709,Tecnologia,Média,provável
5fc724fa-669d-4e57-801c-fbb8bee725e0,Análise de Perfil,Conversa com o Cliente,2025-05-07,2,16,4,25369,Educação,Média,provável
40c9eacc-0c7c-4f0e-9cde-15bef628afb6,Análise de Perfil,Conversa com o Cliente,2025-10-04,1,2,2,14035,Saúde,Média,provável
b6bc9c00-bec1-4149-b24b-79c3fd72b534,Conversa com o Cliente,Negociação,2025-05-06,2,9,1,14697,Comércio,Média,provável
1a1ce6bf-685f-4b83-9f5d-ac4dce69dce8,Análise de Perfil,Conversa com o Cliente,2025-07-27,1,5,5,34962,Serviços,Alta,provável
6af5e7d3-7a77-41a4-8d33-b6a0fa6e9781,Análise de Perfil,Conversa com o Cliente,2025-11-27,2,22,12,43020,Saúde,Média,provável
a2da6e02-2560-4760-900b-0fcbf6b5d16b,Conversa com o Cliente,Negociação,2025-09-14,2,8,4,37090,Comércio,Baixa,provável
d667a19b-4d72-4618-9522-1cf069a2402f,Conversa com o Cliente,Negociação,2025-10-31,3,20,14,30517,Educação,Média,provável
1c6e135a-78ff-4724-85d1-0cfa7d0561ea,Conversa com o Cliente,Negociação,2025-03-01,2,11,9,20439,Indústria,Média,provável
59749bb9-b8f9-4022-80f2-ec7fee3e5f8a,Análise de Perfil,Conversa com o Cliente,2025-11-25,1,8,8,47152,Tecnologia,Alta,provável
a4859fac-7ca9-4d6b-ae45-b83f19f4eaf7,Análise de Perfil,Análise de Perfil,2025-07-06,1,3,3,27697,Serviços,Média,provável
1410f32d-9195-4b60-8ba0-a233c4bcc029,Fechamento,Fechamento,2025-03-17,4,27,7,18356,Saúde,Baixa,provável
4ffa8c4c-e436-4681-8f1b-c22aa06e524c,Conversa com o Cliente,Negociação,2025-12-01,2,5,1,14112,Educação,Baixa,provável
1fce68b8-b257-4a2f-b9be-e7d8962dd08b,Análise de Perfil,Conversa com o Cliente,2025-07-10,1,6,6,6535,Saúde,Alta,provável
3538b5c1-fb48-427a-912f-4a5cdf1755a1,Conversa com o Cliente,Negociação,2025-11-20,4,41,6,29967,Tecnologia,Média,provável
f8d07fc0-6208-4e11-82b5-bc39c3c491e5,Análise de Perfil,Conversa com o Cliente,2025-02-09,2,7,6,47250,Indústria,Média,provável
3148cea6-363e-4f08-b1d0-38705da4b759,Fechamento,Fechamento,2025-06-01,5,46,12,18038,Educação,Baixa,provável
e0cd19bd-3331-421d-aff8-0bfec2168a4f,Análise de Perfil,Conversa com o Cliente,2025-07-20,1,9,9,31810,Educação,Alta,provável
bb76c564-9323-48a6-94fc-3007f024efb6,Análise de Perfil,Conversa com o Cliente,2025-03-17,1,11,11,44045,Tecnologia,Média,provável
ea43a411-c977-462d-8184-4b7285efc109,Análise de Perfil,Conversa com o Cliente,2025-07-07,1,5,5,20023,Saúde,Média,provável
516d572d-ae64-409f-b040-84bbfe2da535,Análise de Perfil,Conversa com o Cliente,2025-12-01,1,14,14,35996,Tecnologia,Média,provável
f63f361a-b871-46d1-befd-e9ffe2d9dbd3,Análise de Perfil,Conversa com o Cliente,2025-05-21,1,7,7,12654,Serviços,Média,provável
75fec087-32ef-45ce-902a-85d7d38eccdb,Análise de Perfil,Conversa com o Cliente,2025-10-23,1,12,12,9421,Educação,Média,provável
6e6c4f8d-84d7-4fd3-843c-103ed34a34b6,Análise de Perfil,Conversa com o Cliente,2025-05-17,1,7,7,49317,Tecnologia,Média,provável
8feedd8d-3390-4eb3-912d-f625773da703,Análise de Perfil,Conversa com o Cliente,2025-11-13,1,4,4,18014,Serviços,Média,provável
5563abfc-8e72-4253-a428-70a36aa781fc,Análise de Perfil,Conversa com o Cliente,2025-07-27,1,3,3,42976,Indústria,Alta,muito provável
dc49377d-3503-41f0-bac4-850420b2a1f3,Negociação,Fechamento,2025-02-10,3,18,8,8569,Serviços,Baixa,provável
e0f5910d-f0aa-440c-94ef-e22cf18e901f,Conversa com o Cliente,Conversa com o Cliente,2025-02-02,2,18,7,10853,Serviços,Média,provável
ce81101d-43fb-4626-b991-17ebcb3916f5,Análise de Perfil,Conversa com o Cliente,2025-07-14,1,13,13,6275,Tecnologia,Média,provável
de8d4a6c-20fa-4714-a71f-fd87dc15c62d,Análise de Perfil,Conversa com o Cliente,2025-04-25,1,3,3,9417,Saúde,Média,provável
8fc9699b-11d6-44fa-b982-4a49e03a96e5,Análise de Perfil,Conversa com o Cliente,2025-11-18,1,14,14,27264,Indústria,Média,provável
00073797-bcfd-4811-ab12-fb32cda1d903,Análise de Perfil,Análise de Perfil,2025-01-25,1,4,4,49592,Comércio,Alta,provável
767118e6-edfc-4927-8fe4-2d4aad82716e,Análise de Perfil,Conversa com o Cliente,2025-06-21,1,12,12,10909,Indústria,Média,provável
628f05f5-a654-467f-a50c-05f23359f28a,Análise de Perfil,Conversa com o Cliente,2025-02-26,1,5,5,21777,Indústria,Alta,provável
9e60b2d6-ba69-4f83-8efc-e45f17e62059,Análise de Perfil,Conversa com o Cliente,2025-05-27,1,7,7,42703,Indústria,Média,provável
c31f6b86-8bbc-4499-b883-8ef09224b919,Fechamento,Fechamento,2025-03-31,5,56,13,24866,Indústria,Baixa,provável
f589b1a9-536a-4b65-bf22-ecdfc9ba18f4,Fechamento,Fechamento,2025-12-25,5,51,15,9979,Comércio,Baixa,provável
941f375e-3434-4b71-9cd3-f26a2d67332d,Análise de Perfil,Conversa com o Cliente,2025-03-13,1,4,4,41571,Serviços,Alta,muito provável
fd5ac0c2-209c-4d17-863d-398d08d71a57,Conversa com o Cliente,Negociação,2025-05-06,2,15,6,23106,Indústria,Média,provável
b1036e67-c5cb-4ce2-a9f8-f47aae4bdeae,Análise de Perfil,Conversa com o Cliente,2025-06-09,1,8,8,35640,Comércio,Alta,provável
9d728cab-0f8b-4ade-8a22-a70887cb5a0e,Análise de Perfil,Conversa com o Cliente,2025-03-27,2,12,10,8058,Comércio,Média,provável
e2a22aed-f95b-4e3f-bc60-79ca6a9a34a4,Conversa com o Cliente,Negociação,2025-06-12,3,37,11,12330,Indústria,Média,provável
1e471908-5428-419a-bcb9-7d4ac5f12eba,Análise de Perfil,Conversa com o Cliente,2025-07-18,2,13,12,14402,Tecnologia,Média,provável
65475f8d-9ffa-4544-b63c-c80b38fc4650,Conversa com o Cliente,Negociação,2025-07-08,2,7,4,39751,Comércio,Média,provável
786ffdd2-b005-491f-b644-caec5b4c7d3e,Conversa com o Cliente,Negociação,2025-03-09,2,13,8,47906,Educação,Média,provável
b5928236-c600-4f94-8c2e-a00ffb327af7,Negociação,Fechamento,2025-05-04,3,20,12,7186,Saúde,Baixa,provável
48da84d9-d8d1-4c55-8dde-dcd9e333d534,Conversa com o Cliente,Conversa com o Cliente,2025-03-28,2,22,8,35032,Comércio,Média,provável
8a81ef71-49e5-4ee3-91dc-f5a75143af7b,Análise de Perfil,Conversa com o Cliente,2025-03-21,1,7,7,35071,Indústria,Média,provável
3b607986-e48a-4c1d-a2f3-9bfaad2a01c0,Análise de Perfil,Conversa com o Cliente,2025-07-26,1,2,2,18253,Educação,Média,provável
7becff5c-a11d-49a2-9a72-0790b2dbdfe0,Conversa com o Cliente,Negociação,2025-10-19,2,23,11,5110,Indústria,Média,provável
c7a8cbec-7d4e-4aad-82e0-0857eb1e6d3c,Análise de Perfil,Análise de Perfil,2025-06-03,1,1,1,18726,Indústria,Alta,provável
9e21b3c2-3edc-43f0-81cd-ecdeda1b02ac,Análise de Perfil,Análise de Perfil,2025-10-07,1,9,9,48767,Indústria,Média,provável
6d312e13-9a42-49d0-85a4-288a1d606ee6,Conversa com o Cliente,Negociação,2025-03-15,3,27,11,39776,Indústria,Baixa,provável
6e389cfd-bb84-4cbb-a7d5-a12c5d280bcd,Análise de Perfil,Conversa com o Cliente,2025-03-27,1,15,15,21889,Serviços,Média,provável
7598b51c-0489-4f93-af90-73984de1df4a,Fechamento,Fechamento,2025-12-12,5,47,14,35070,Comércio,Baixa,provável
780d62b3-f5aa-4434-88d7-7bf44766ba3c,Conversa com o Cliente,Negociação,2025-04-03,2,15,6,14586,Educação,Média,provável
5da60cdf-fb5d-4172-9cef-20aaa8975c8b,Análise de Perfil,Conversa com o Cliente,2025-04-16,1,8,8,34101,Indústria,Alta,provável
b30567c4-f992-4445-a001-55816da16603,Conversa com o Cliente,Negociação,2025-10-22,2,10,1,13206,Comércio,Média,provável
eee1432e-07b7-4bb9-959f-6446006dbcd9,Conversa com o Cliente,Negociação,2025-06-27,2,17,14,10004,Serviços,Média,provável
803db153-a4e4-45d7-8450-cb63537ddc37,Conversa com o Cliente,Negociação,2025-07-07,2,13,11,40594,Educação,Média,provável
63a40680-fadc-4c4e-8f68-688e1a0cfe4c,Análise de Perfil,Conversa com o Cliente,2025-08-05,2,16,2,34756,Serviços,Média,provável
8ef7b75a-ca5c-47a4-b16b-8d80d9e4f0de,Análise de Perfil,Conversa com o Cliente,2025-08-12,2,23,9,47923,Indústria,Média,provável
7e0aaf6f-3a14-4aae-97bf-49ccaf513348,Conversa com o Cliente,Negociação,2025-09-22,2,14,7,19673,Saúde,Baixa,provável
baa4c8a0-02e0-40fe-aa7e-86a59c67a40e,Conversa com o Cliente,Negociação,2025-07-31,2,20,13,36692,Indústria,Média,provável
a9beb388-4497-45a9-9b07-d77e25736d35,Análise de Perfil,Conversa com o Cliente,2025-10-14,1,5,5,10399,Comércio,Alta,provável
2e725f4d-4887-4e87-9f94-401ecd9bddca,Análise de Perfil,Conversa com o Cliente,2025-08-28,1,11,11,29347,Saúde,Média,provável
dd720ef6-3f65-475f-a4f3-d3fbd6b49c12,Fechamento,Fechamento,2025-03-30,4,36,2,21442,Comércio,Baixa,provável
4ebebafe-4c71-4646-bbba-5d6c394fa879,Análise de Perfil,Conversa com o Cliente,2025-05-30,1,2,2,19931,Comércio,Alta,provável
8bafe01a-4add-4faf-aa37-fc0617a834db,Conversa com o Cliente,Negociação,2025-03-17,2,12,3,22669,Educação,Média,provável
4a1d2e7e-2ccc-4096-94f2-0f74c406ee29,Análise de Perfil,Conversa com o Cliente,2025-10-12,1,3,3,23017,Comércio,Alta,provável
3829ae76-6d6f-431b-b6f3-293532a0566b,Fechamento,Fechamento,2025-07-01,4,50,10,9892,Tecnologia,Baixa,provável
21407fe6-9062-4cf9-8d20-def66fa7eb87,Conversa com o Cliente,Negociação,2025-10-05,2,22,9,49189,Serviços,Média,provável
10de9ed0-ce87-4d30-9e67-69cf82285473,Negociação,Fechamento,2025-08-01,3,29,13,34326,Educação,Baixa,provável
9cb9895b-265a-44cc-b4e7-e7eab6b7e1f7,Conversa com o Cliente,Negociação,2025-02-11,2,21,9,35193,Saúde,Média,provável
ea4fcc49-d2b8-4ec7-8634-0a6d8e6c4d98,Análise de Perfil,Conversa com o Cliente,2025-07-30,1,5,5,12541,Educação,Alta,provável
fe57bacc-fbc2-41db-9cdf-bb91ac71f990,Análise de Perfil,Conversa com o Cliente,2025-10-14,1,3,3,36255,Serviços,Média,provável
5031c361-5b3e-492a-8736-21516999a239,Análise de Perfil,Conversa com o Cliente,2025-04-08,1,11,11,45574,Indústria,Alta,provável
345fb6e1-61f4-4bd1-9e95-057b387ca7db,Análise de Perfil,Conversa com o Cliente,2025-10-21,1,14,14,47090,Saúde,Média,provável
a42f3273-bfd1-4a4b-bfb0-e81c77647f1a,Conversa com o Cliente,Negociação,2025-06-07,2,17,3,18901,Indústria,Média,provável
0f90d8b0-bdb2-4d3e-9326-da623b0fc0ac,Análise de Perfil,Conversa com o Cliente,2025-03-17,1,2,2,45031,Educação,Alta,provável
72cb4202-d2c6-41ad-b074-bc818c5068d9,Análise de Perfil,Conversa com o Cliente,2025-07-04,1,13,13,28616,Serviços,Média,provável
9ad6d8b2-b9ac-419a-b7ba-eb6b84ba7591,Análise de Perfil,Conversa com o Cliente,2025-02-26,1,2,2,30068,Comércio,Alta,muito provável
8e93ab25-0d0f-4d68-8932-5468490d1fa6,Conversa com o Cliente,Negociação,2025-10-22,2,11,3,32278,Comércio,Média,provável
734b0ea1-b69c-48ff-9470-c5a2ed0f87f1,Conversa com o Cliente,Negociação,2025-08-30,2,16,12,47496,Tecnologia,Baixa,provável
7c5854d1-0e32-4ae4-818b-19d322cde965,Conversa com o Cliente,Negociação,2025-10-24,3,39,11,46879,Tecnologia,Média,provável
705b1449-0f5e-46d7-b112-b26908d04972,Fechamento,Fechamento,2025-11-15,6,56,12,28966,Tecnologia,Baixa,provável
1632a93d-7abe-4017-9f2c-8518dabf5eda,Conversa com o Cliente,Negociação,2025-05-02,2,13,10,20365,Serviços,Baixa,provável
3239dab9-d690-44b9-bb87-69e05827cffa,Conversa com o Cliente,Negociação,2025-05-25,2,13,9,45375,Indústria,Média,provável
a6b56106-e35a-4b42-b9f7-4de73ffad8ed,Análise de Perfil,Conversa com o Cliente,2025-06-29,2,5,2,44008,Tecnologia,Média,provável
d16292fa-10df-41ba-8d71-7f1e9bd7b022,Análise de Perfil,Conversa com o Cliente,2025-03-12,1,12,12,38524,Saúde,Média,provável
8e343658-88fe-47a4-9cc6-efcc84668a40,Análise de Perfil,Conversa com o Cliente,2025-03-31,2,10,5,39993,Saúde,Média,provável
78b0ada4-205b-4155-96f9-d1a1057120fc,Conversa com o Cliente,Negociação,2025-07-06,3,28,12,24395,Tecnologia,Baixa,provável
1349b00d-9e0b-45ef-98fd-4e6661b790fc,Análise de Perfil,Análise de Perfil,2025-08-05,1,8,8,40871,Saúde,Média,provável
97afbdcf-eb72-4bb6-a564-c128458bc0a0,Análise de Perfil,Conversa com o Cliente,2025-07-31,1,14,14,31691,Indústria,Alta,muito provável
d77069f2-130b-40f2-9cf6-9475eca261b2,Análise de Perfil,Conversa com o Cliente,2025-06-20,1,6,6,42320,Serviços,Alta,muito provável
7e9ce57c-94bf-4782-a39d-c812f9aa6130,Conversa com o Cliente,Conversa com o Cliente,2025-02-13,2,20,10,9610,Comércio,Média,provável
6015e300-f4ef-4da8-a79a-029fe9ee03d5,Análise de Perfil,Análise de Perfil,2025-10-23,1,4,4,40089,Comércio,Média,provável
2f628530-5eee-45f6-8edd-48e6aedec853,Análise de Perfil,Conversa com o Cliente,2025-04-06,1,5,5,42271,Tecnologia,Alta,provável
24329eea-bb69-41dc-8a9f-3d34b3e4b1a4,Conversa com o Cliente,Conversa com o Cliente,2025-05-19,2,13,12,47886,Saúde,Média,provável
3e1df04e-e59e-4d4b-b381-b2c5bd820186,Conversa com o Cliente,Negociação,2025-06-30,2,10,1,35891,Educação,Média,provável
23c525ce-dcad-455c-b58d-636688e03f19,Conversa com o Cliente,Negociação,2025-01-27,2,17,2,42793,Saúde,Média,provável
41d179dc-a4e2-4e97-b3d8-c6dfee04c6dc,Análise de Perfil,Análise de Perfil,2025-11-26,2,19,15,24632,Tecnologia,Média,provável
83764b5a-0f05-4ba1-9c3f-69b6c3273e1d,Fechamento,Fechamento,2025-09-12,6,48,13,17970,Indústria,Baixa,provável
f98ef1f4-a57e-4a13-bebe-483aeab46d33,Conversa com o Cliente,Negociação,2025-04-10,2,2,1,33694,Serviços,Média,provável
d3eadf74-ccfc-40f9-bc94-391d04c465cd,Análise de Perfil,Análise de Perfil,2025-09-18,1,5,5,24228,Educação,Média,provável
e0f5ab73-2cbd-476d-bec9-362fdf9c33af,Fechamento,Fechamento,2025-11-29,6,55,6,24830,Serviços,Baixa,provável
0f7f3556-4c4c-40c8-97b5-c1aa85b25c35,Análise de Perfil,Conversa com o Cliente,2025-05-03,1,10,10,21104,Serviços,Média,provável
ee541ea3-fb34-4cd0-9bf9-ebd0647a6c9f,Análise de Perfil,Análise de Perfil,2025-11-24,1,4,4,19299,Serviços,Média,provável
e0cbe444-c8a3-43f7-8756-f0986fba0b5d,Análise de Perfil,Conversa com o Cliente,2025-04-22,1,13,13,23461,Comércio,Alta,muito provável
27621de7-4abe-421e-81c9-46a2e6916358,Análise de Perfil,Análise de Perfil,2025-03-16,1,3,3,25157,Tecnologia,Alta,provável
80246f1f-24c9-41cd-834c-053add86be24,Conversa com o Cliente,Negociação,2025-07-18,2,15,7,17111,Serviços,Média,provável
b60008d7-b730-45dd-a11e-531acea42377,Análise de Perfil,Conversa com o Cliente,2025-04-17,1,10,10,22897,Saúde,Alta,muito provável
ff2498fa-a3f3-40cc-9791-ffebeb404b76,Fechamento,Fechamento,2025-10-09,6,43,7,36185,Indústria,Baixa,provável
4e2260a9-1657-405d-b2d0-a0cce26f0534,Análise de Perfil,Conversa com o Cliente,2025-02-18,1,7,7,46201,Saúde,Média,provável
717d2d98-c57d-4048-9b62-e30cde6f7888,Negociação,Fechamento,2025-08-31,5,28,1,49379,Indústria,Baixa,provável
46daff50-7211-43cf-b3e6-4414a14bce1b,Análise de Perfil,Conversa com o Cliente,2025-11-20,1,5,5,15994,Educação,Média,provável
729fe1f9-4a01-4627-aaf4-d12031647315,Conversa com o Cliente,Negociação,2025-05-09,3,25,5,32427,Comércio,Baixa,provável
361819e1-7b77-44e4-8aa7-906203a58447,Análise de Perfil,Conversa com o Cliente,2025-01-04,1,1,1,17376,Indústria,Média,provável
fb57dec9-a829-4053-a4ec-9460dfe1c6ec,Conversa com o Cliente,Negociação,2025-11-15,2,9,6,41097,Indústria,Média,provável
4692091c-8524-4505-9a60-22b0827575e1,Fechamento,Fechamento,2025-07-14,5,39,8,16073,Indústria,Baixa,provável
35d678e1-5088-48b2-afd7-6520c70de234,Análise de Perfil,Conversa com o Cliente,2025-11-28,1,13,13,32035,Educação,Média,provável
ebe854e8-23d9-4c4f-87d6-3516cfb01675,Análise de Perfil,Conversa com o Cliente,2025-10-16,1,11,11,48661,Indústria,Média,provável
27d017a0-c79f-4c30-951e-795a06ff95ce,Análise de Perfil,Conversa com o Cliente,2025-08-18,1,12,12,29393,Saúde,Média,provável
42c3f509-53d5-4cb0-bb6d-1aa22a100f50,Conversa com o Cliente,Negociação,2025-09-07,2,2,1,16990,Saúde,Média,provável
db0bf0dc-1ca7-4761-b53c-3bc24e10ab31,Análise de Perfil,Conversa com o Cliente,2025-09-05,1,15,15,15365,Tecnologia,Alta,provável
1b10cafa-ed9f-4eea-afc0-91cee657d5af,Conversa com o Cliente,Negociação,2025-08-11,2,6,5,5086,Educação,Baixa,provável
f1c62ea6-ca07-424d-b4f8-03a08e3ef2db,Análise de Perfil,Conversa com o Cliente,2025-06-17,1,2,2,26500,Comércio,Alta,provável
24f1990a-b6cd-435a-b94e-df180fea545e,Conversa com o Cliente,Negociação,2025-06-26,2,16,11,29845,Comércio,Média,provável
6893f6fa-a80d-401d-8a72-8776737aff47,Análise de Perfil,Conversa com o Cliente,2025-10-05,1,2,2,26360,Saúde,Alta,provável
f51c53e2-e352-43eb-ab7c-e3cc552233a5,Análise de Perfil,Conversa com o Cliente,2025-12-09,1,11,11,26552,Serviços,Alta,provável
0bd49c29-92f4-45e9-bb51-24fd336be78d,Fechamento,Fechamento,2025-09-27,8,67,6,35431,Comércio,Baixa,provável
3883aa26-5789-4c8b-90d6-84d89bd6da79,Conversa com o Cliente,Negociação,2025-05-28,3,20,6,40915,Tecnologia,Média,provável
38db102a-514a-4ccd-b136-a0cf4d8cd0cf,Análise de Perfil,Conversa com o Cliente,2025-06-24,1,5,5,41159,Indústria,Alta,provável
99fe64ea-f878-4d38-a943-32e09f1ad66f,Análise de Perfil,Conversa com o Cliente,2025-06-18,1,3,3,47983,Comércio,Alta,provável
cfc78d63-60d8-4f26-8d66-61849c3ab37a,Análise de Perfil,Análise de Perfil,2025-09-05,1,8,8,28322,Saúde,Média,provável
1ec06afb-607f-4ac5-aa9f-887661e72942,Análise de Perfil,Conversa com o Cliente,2025-06-14,1,8,8,43511,Serviços,Média,provável
5741d9e8-5d32-4240-bcd0-df3f43e4d013,Análise de Perfil,Análise de Perfil,2025-03-19,1,1,1,48443,Comércio,Média,provável
5eb7cd1b-9666-435f-aeec-0e137971a1c1,Análise de Perfil,Conversa com o Cliente,2025-07-26,1,10,10,11629,Saúde,Média,provável
b46040d2-846b-4855-aea8-a414d3cd92b0,Análise de Perfil,Conversa com o Cliente,2025-04-16,2,9,7,15202,Saúde,Média,provável
348a3baf-9d50-4afc-ae7f-7d5b28a8890b,Análise de Perfil,Conversa com o Cliente,2025-10-21,1,15,15,47115,Serviços,Média,provável
5fdc9bc7-0f99-4207-9bf6-15b8ac575913,Conversa com o Cliente,Negociação,2025-09-30,2,19,13,13912,Educação,Média,provável
ae188ae0-7859-47b2-a06f-92ace76699e6,Conversa com o Cliente,Negociação,2025-03-02,2,19,5,34647,Indústria,Média,provável
1fe5d8eb-447b-49ee-891e-c808831358f3,Análise de Perfil,Conversa com o Cliente,2025-09-30,1,5,5,28163,Tecnologia,Alta,provável
8ce0f272-af72-4c65-9ab3-fd706ee015ef,Análise de Perfil,Conversa com o Cliente,2025-08-11,1,8,8,8871,Tecnologia,Média,provável
c8a1a826-73df-4285-a355-f2f40875d7e5,Negociação,Fechamento,2025-03-09,4,42,11,33671,Tecnologia,Baixa,provável
c1db3f27-08d2-48d4-980f-09349552b328,Fechamento,Fechamento,2025-09-25,5,47,10,41914,Educação,Baixa,provável
8bca3cd7-a959-4a38-973c-a76e9b4aa83e,Análise de Perfil,Análise de Perfil,2025-02-01,1,12,12,36118,Indústria,Média,provável
cb56afe8-bae8-4c2b-ba28-0c303241e114,Negociação,Fechamento,2025-11-01,3,31,15,42619,Comércio,Baixa,provável
cc0c395c-0a4b-4296-a919-eddf188095a3,Análise de Perfil,Conversa com o Cliente,2025-07-17,1,13,13,45171,Indústria,Alta,muito provável
7a46da77-95f5-4b5e-8fbd-d6740eb6821b,Análise de Perfil,Análise de Perfil,2025-04-22,1,14,14,29628,Comércio,Alta,provável
bb33956d-6b31-4493-92b0-a160339bcf78,Análise de Perfil,Análise de Perfil,2025-07-04,1,12,12,17337,Serviços,Média,provável
36da9369-f600-42a3-a7c4-b0aeaee4a134,Negociação,Negociação,2025-07-17,4,29,7,41650,Indústria,Baixa,provável
73875793-60b5-464f-942c-25cd6604cc38,Análise de Perfil,Conversa com o Cliente,2025-04-02,1,6,6,34495,Tecnologia,Alta,provável
161b33df-13c0-417b-b8f6-c39bc59592c4,Análise de Perfil,Conversa com o Cliente,2025-01-20,1,5,5,18274,Tecnologia,Alta,provável
2bd9745a-f8d9-42f3-8bce-bf48b7598bae,Conversa com o Cliente,Negociação,2025-07-05,2,19,6,47844,Serviços,Média,provável
64040d81-ade3-4b2b-b812-b33018eab475,Conversa com o Cliente,Negociação,2025-05-17,2,16,6,37700,Serviços,Média,provável
4d18516a-d03d-4c8f-96d8-30ba910f93b0,Conversa com o Cliente,Conversa com o Cliente,2025-09-15,2,18,8,16206,Tecnologia,Média,provável
7fa7b234-9ea4-46c8-bfa1-59cdb612c81c,Análise de Perfil,Conversa com o Cliente,2025-10-14,1,7,7,31303,Educação,Média,provável
521d0bf8-11b9-46a2-a71d-5b85c373a711,Análise de Perfil,Conversa com o Cliente,2025-08-01,1,5,5,19099,Tecnologia,Média,provável
8a937e00-9865-4b8d-b155-408b67176257,Análise de Perfil,Análise de Perfil,2025-07-04,1,2,2,48627,Serviços,Média,provável
41030214-f33c-47f8-9b3a-2df6b60cfc4b,Conversa com o Cliente,Negociação,2025-11-23,2,16,13,30796,Serviços,Média,provável
8c494097-9164-4f07-b118-b4720d903d79,Análise de Perfil,Conversa com o Cliente,2025-11-02,1,6,6,18984,Indústria,Média,provável
64d9d8c3-48d7-4a07-93ff-0e9423ab6220,Conversa com o Cliente,Negociação,2025-05-05,3,21,14,24979,Serviços,Baixa,provável
e8b267f8-9577-4992-8183-a4a0cda81abb,Análise de Perfil,Análise de Perfil,2025-02-04,1,10,10,11400,Tecnologia,Alta,muito provável
ef09dc06-4545-4c6b-adb1-4b580c89da2c,Análise de Perfil,Conversa com o Cliente,2025-11-21,1,1,1,29690,Educação,Alta,provável
57395aa2-8c31-4e2b-932b-1beb97ba1eb4,Conversa com o Cliente,Negociação,2025-12-04,3,28,14,26199,Educação,Média,provável
6f985576-2f2d-4fe4-86b6-bb9d66857cf2,Negociação,Fechamento,2025-05-27,3,25,9,20097,Saúde,Baixa,provável
ae9cbe43-ca3b-41ad-9836-9f438cce97c5,Análise de Perfil,Conversa com o Cliente,2025-08-23,1,12,12,24450,Tecnologia,Alta,muito provável
ea6d68a4-c2c1-490d-8f53-437ccb7566f2,Fechamento,Fechamento,2025-03-07,6,53,7,19872,Serviços,Baixa,provável
1c8284f0-6adf-4d2b-94c5-9929aaac4858,Análise de Perfil,Análise de Perfil,2025-02-08,1,7,7,29858,Tecnologia,Alta,muito provável
b5e13ea3-0c3b-4b38-ba16-70aa2ca0eeec,Análise de Perfil,Conversa com o Cliente,2025-03-07,1,15,15,14128,Serviços,Média,provável
38f436c8-3a3d-4211-be6a-d4c7451487e2,Análise de Perfil,Análise de Perfil,2025-10-19,1,14,14,30059,Comércio,Alta,provável
cf852e24-bf72-49ca-99a1-3ec4fc08d09e,Análise de Perfil,Análise de Perfil,2025-11-18,1,3,3,10189,Indústria,Média,provável
d1a79628-4d38-41cd-9caa-94b7274231b2,Análise de Perfil,Conversa com o Cliente,2025-01-11,1,1,1,25796,Indústria,Média,provável
156b7c23-87bf-4782-97da-6cb280400cc5,Análise de Perfil,Conversa com o Cliente,2025-03-23,1,9,9,42630,Saúde,Média,provável
b7d85369-82c2-421a-b042-8ba320d1b11a,Negociação,Fechamento,2025-08-23,4,34,13,39427,Indústria,Baixa,provável
2eb86092-09eb-40a3-bf32-cedc1c646582,Conversa com o Cliente,Negociação,2025-07-04,2,17,13,32547,Serviços,Média,provável
95a10c7d-9382-4bf0-9d40-3962616d0d58,Análise de Perfil,Conversa com o Cliente,2025-10-12,1,11,11,14270,Saúde,Alta,muito provável
aa2ac63b-b759-4418-b5bb-e18766185ba3,Conversa com o Cliente,Negociação,2025-10-28,2,14,5,8953,Serviços,Baixa,provável
4d4cd1d8-4df2-49ef-9789-f7099e53b798,Negociação,Fechamento,2025-11-11,3,25,9,23994,Serviços,Baixa,provável
c0f455d1-0227-4995-99e0-26a54707e481,Negociação,Fechamento,2025-04-10,3,27,12,23782,Indústria,Baixa,provável
8ee6c8cd-27eb-4145-8e7b-6c0833c01aca,Negociação,Fechamento,2025-04-22,3,26,15,11441,Indústria,Baixa,provável
77c92dda-13b1-4ea3-a9df-c71c77582bd6,Fechamento,Fechamento,2025-08-25,6,62,8,20237,Saúde,Baixa,provável
fe362632-6aba-4c6f-94fc-a9d38816e935,Conversa com o Cliente,Negociação,2025-07-07,4,19,7,37526,Tecnologia,Baixa,provável
9545679d-5fc1-4073-902c-13ad4e2eda73,Análise de Perfil,Conversa com o Cliente,2025-10-09,1,8,8,10480,Saúde,Média,provável
ab3c1587-ed51-4f77-bbfb-07e56c472208,Conversa com o Cliente,Negociação,2025-08-28,2,27,12,23939,Saúde,Baixa,provável
ae22ecc5-5a88-41e3-a2b6-4df834b87d3e,Negociação,Fechamento,2025-10-25,3,29,5,44516,Serviços,Baixa,provável
7d275e53-bdb8-4f7b-9607-cd8c5fa7ae2c,Conversa com o Cliente,Negociação,2025-08-14,2,20,14,9065,Tecnologia,Média,provável
27904ac0-8c59-43f9-8020-52f07451d51d,Conversa com o Cliente,Negociação,2025-09-24,2,10,5,6080,Comércio,Média,provável
69e63307-a0b6-4dbe-b2f6-f892ee3db3c8,Análise de Perfil,Conversa com o Cliente,2025-03-10,1,2,2,35468,Indústria,Média,provável
1854116f-afb7-43de-8975-39af2b9d6a97,Análise de Perfil,Análise de Perfil,2025-11-19,1,7,7,29342,Tecnologia,Média,provável
3b1e75fa-956d-4d85-ad5d-c928eb8b0eef,Análise de Perfil,Conversa com o Cliente,2025-05-23,1,13,13,22370,Tecnologia,Alta,muito provável
8a4d0140-2f38-4cde-bc20-9677c19670bb,Fechamento,Fechamento,2025-11-11,4,44,11,19376,Serviços,Baixa,provável
b31d7b53-48b6-4bc3-a5d1-ba1a482ef6dc,Análise de Perfil,Conversa com o Cliente,2025-08-28,1,1,1,18935,Tecnologia,Média,provável
ffdb7734-1ed9-4b4b-a411-b6002c02f426,Fechamento,Fechamento,2025-10-31,4,25,10,49554,Serviços,Baixa,provável
00b1a5a7-95d4-4d92-90f4-a99a9308ece4,Conversa com o Cliente,Negociação,2025-01-20,2,15,12,30953,Saúde,Média,provável
05a7e089-29ad-4636-8ad4-1a8b03ee1ac4,Fechamento,Fechamento,2025-11-06,4,55,13,43936,Serviços,Baixa,provável
c0c10754-fc3e-4c61-bf8f-0044f333e65f,Análise de Perfil,Conversa com o Cliente,2025-07-03,1,14,14,15071,Saúde,Média,provável
458d5c46-a6da-41db-9b0c-8fa35d5e31b2,Análise de Perfil,Conversa com o Cliente,2025-03-18,1,2,2,49868,Serviços,Média,provável
f9957b7b-49cd-4ef1-bdc4-1e926f4f1690,Análise de Perfil,Conversa com o Cliente,2025-08-08,1,6,6,46644,Indústria,Alta,provável
4dab0057-8676-482c-a81b-4d11df0b9027,Fechamento,Fechamento,2025-04-21,4,14,7,33103,Comércio,Baixa,provável
bf7ae94b-7ecc-4e17-866b-ebcecd9b108c,Análise de Perfil,Conversa com o Cliente,2025-07-16,1,7,7,36742,Serviços,Alta,provável
1c112969-a0c2-4a57-882b-744eb334de9e,Análise de Perfil,Conversa com o Cliente,2025-11-05,1,4,4,48928,Comércio,Média,provável
58583223-a0b7-4c21-a782-7f2706f7e3d6,Negociação,Fechamento,2025-07-16,3,20,13,19514,Tecnologia,Alta,muito provável
fc31faae-75bc-4ccc-84dd-572d57056984,Conversa com o Cliente,Negociação,2025-07-14,2,13,5,48014,Comércio,Alta,muito provável
46944961-0b40-4e75-adea-f137a36cb7c6,Fechamento,Fechamento,2025-10-10,6,61,10,31440,Educação,Média,muito provável
1d8e703b-c90f-44b3-84d5-a9eda5f0c165,Negociação,Fechamento,2025-09-20,3,24,9,42524,Tecnologia,Média,muito provável
65ad9d64-ab07-4272-abcd-b66c8df20b73,Fechamento,Fechamento,2025-06-10,5,35,12,9385,Indústria,Média,muito provável
9b14ca78-0227-4eef-914c-7afbcf938dae,Conversa com o Cliente,Conversa com o Cliente,2025-09-22,2,20,15,48992,Saúde,Alta,muito provável
aaf54125-eaa0-4898-8810-c80b37d370e8,Negociação,Fechamento,2025-07-07,4,42,14,11895,Indústria,Alta,muito provável
32b687f0-503f-4787-86dd-8e620fd789df,Fechamento,Fechamento,2025-12-07,5,51,10,41134,Serviços,Média,muito provável
f8fefd3a-2b81-4c7a-84b0-0db5e4dd91a6,Negociação,Fechamento,2025-10-01,6,60,7,14751,Indústria,Média,muito provável
c8d353f4-9166-46a8-8f59-5e5097c78e3a,Negociação,Fechamento,2025-10-19,4,16,5,6150,Indústria,Média,muito provável
3c88f336-8ab7-4537-a859-eeeb119f7a6b,Análise de Perfil,Conversa com o Cliente,2025-07-26,1,6,6,6404,Tecnologia,Alta,muito provável
643069cc-53a6-4bdf-ba19-e91dbf734220,Negociação,Fechamento,2025-12-13,3,21,13,26404,Comércio,Média,muito provável
ef8402d7-ca80-4b5c-bfc0-d48ae5772356,Conversa com o Cliente,Negociação,2025-04-27,2,16,15,29232,Comércio,Alta,muito provável
0d722607-c313-4ae4-8ffe-365d4ec99166,Negociação,Fechamento,2025-05-06,3,27,8,42674,Tecnologia,Alta,muito provável
053c5444-cad7-4a95-bf0c-7c7f4f1063b5,Fechamento,Fechamento,2025-04-23,4,45,13,14220,Educação,Média,muito provável
34b0b89f-4fae-4f3c-9aec-8299348f261e,Negociação,Fechamento,2025-02-10,3,34,10,46388,Indústria,Alta,muito provável
98de993d-257e-49f3-99bb-be06549276b3,Negociação,Fechamento,2025-02-14,3,23,11,48192,Serviços,Média,muito provável
1775ec83-6344-4431-8ca8-03a39498ee75,Fechamento,Fechamento,2025-05-03,5,53,6,38192,Educação,Média,muito provável
c071156a-c989-4e1d-aef7-ee756589d65b,Conversa com o Cliente,Negociação,2025-11-07,2,18,12,49975,Saúde,Alta,muito provável
3ad2dd52-cc9c-4cf5-8dfb-fdb213337f31,Negociação,Fechamento,2025-10-16,3,25,4,28742,Educação,Alta,muito provável
588c515b-0212-4194-bc96-3754309114ca,Negociação,Fechamento,2025-05-03,3,27,11,37179,Tecnologia,Alta,muito provável
1716c1e7-6329-44e3-801c-9bcafa23227c,Análise de Perfil,Conversa com o Cliente,2025-06-06,1,15,15,19618,Saúde,Alta,muito provável
08b5fdea-9bc5-4cb7-92db-5918cfe75557,Negociação,Fechamento,2025-04-21,3,25,3,18214,Serviços,Média,muito provável
d655b7d4-101a-4616-9427-8aea678302e7,Negociação,Fechamento,2025-04-12,3,24,8,18390,Tecnologia,Média,muito provável
ea55b995-ac0a-4b57-a194-647609cdd8bb,Fechamento,Fechamento,2025-10-13,7,59,15,38158,Indústria,Média,muito provável
463806cd-011d-4975-9c67-d2726799908c,Negociação,Fechamento,2025-07-09,4,15,2,30863,Indústria,Média,muito provável
dbb25f41-6723-40f5-93de-a088e7b5f7f6,Negociação,Fechamento,2025-05-04,3,19,4,46236,Serviços,Média,muito provável
9d37d30d-bc6a-48e4-9232-2070535298c7,Análise de Perfil,Análise de Perfil,2025-07-29,1,12,12,22538,Indústria,Alta,muito provável
0743d44b-a0f4-49d2-85d2-d89c170fc70e,Fechamento,Fechamento,2025-12-20,5,41,6,35108,Serviços,Média,muito provável
38591fa1-9496-4f7b-abe4-057c2209b600,Negociação,Fechamento,2025-11-11,4,14,5,16289,Indústria,Média,muito provável
368abe1c-9b6d-4423-8032-da8718d37090,Fechamento,Fechamento,2025-10-28,5,33,10,5026,Comércio,Média,muito provável
a21119b4-5cfe-40ec-9e56-6a4121090f4b,Negociação,Fechamento,2025-04-11,4,34,13,40106,Indústria,Alta,muito provável
a2eb3f38-147e-4d4c-ab48-31b21fe98be5,Fechamento,Fechamento,2025-12-13,4,34,9,34254,Serviços,Média,muito provável
85dec168-2fc5-43f6-84ec-50da3c77ed60,Conversa com o Cliente,Negociação,2025-02-03,2,15,2,28056,Indústria,Alta,muito provável
cab61651-af85-4662-a9a4-ae48f73bcca8,Fechamento,Fechamento,2026-01-19,6,55,8,31339,Indústria,Média,muito provável
6195e2dc-7409-4d0e-9aac-572f398dfd35,Negociação,Fechamento,2025-04-01,5,46,2,19078,Comércio,Média,muito provável
a450f2c5-756c-4718-be27-7ca528bc5766,Fechamento,Fechamento,2025-09-25,4,47,12,13994,Serviços,Média,muito provável
99cfd5f6-6cd1-4228-9fca-60cf2d9af1b0,Negociação,Fechamento,2025-06-11,4,28,3,18262,Tecnologia,Média,muito provável
5dc793f6-bb70-413f-b487-1a0878132dac,Negociação,Fechamento,2025-08-07,4,32,14,5055,Tecnologia,Média,muito provável
7f8a74a0-16f3-472d-ad63-3ecddfc3be12,Fechamento,Fechamento,2025-07-30,4,32,4,19343,Educação,Média,muito provável
a4227325-a4a6-4ba7-ba92-ee1e81917ee6,Conversa com o Cliente,Negociação,2025-05-25,2,23,9,12557,Comércio,Alta,muito provável
3adf0da7-79e8-46a3-90e9-ccb06fe5dda2,Análise de Perfil,Conversa com o Cliente,2025-02-14,1,12,12,31806,Educação,Alta,muito provável
14864340-2ce6-45b7-81af-f8c0db619e55,Conversa com o Cliente,Negociação,2025-10-14,3,32,15,37516,Comércio,Alta,muito provável
a647a88f-3b4c-4759-9491-4c24f877d2ec,Negociação,Fechamento,2025-05-06,3,11,6,32929,Educação,Média,muito provável
d5f46316-8c3f-44e0-bc9d-3fa93f5f1b1a,Fechamento,Fechamento,2025-09-08,4,32,10,48663,Comércio,Média,muito provável
5d51b85a-8011-4166-b584-bf77344f2bcd,Negociação,Fechamento,2025-06-04,3,11,1,13555,Indústria,Média,muito provável
2527f5bb-f8e0-4bed-a75f-8110bb6e5c7c,Fechamento,Fechamento,2025-12-09,5,38,2,23006,Comércio,Média,muito provável
f2ead908-b490-4bbc-868a-336367b1b36c,Negociação,Fechamento,2025-11-14,4,34,11,44080,Indústria,Média,muito provável
db23b02a-9ca5-4252-8983-9bd2ca4f801a,Conversa com o Cliente,Negociação,2025-09-27,3,22,10,15696,Educação,Alta,muito provável
52488e74-e613-493c-b03f-5532197a4b15,Conversa com o Cliente,Negociação,2025-07-05,2,7,6,39972,Educação,Alta,muito provável
bc08ddc7-f363-40a4-bd6c-df6bbccab4e1,Fechamento,Fechamento,2025-08-27,4,35,13,18493,Serviços,Média,muito provável
2f8ee003-6e10-475d-b0fc-482ef8267671,Fechamento,Fechamento,2025-06-23,4,43,3,38838,Indústria,Média,muito provável
1fc8aad6-1525-49ab-907e-6cdeb39ccaa5,Negociação,Fechamento,2025-07-19,4,27,15,22685,Serviços,Alta,muito provável
d1a6a46f-310e-4028-bdd2-4a00bdad14d8,Conversa com o Cliente,Negociação,2025-07-19,2,21,14,28611,Tecnologia,Alta,muito provável
172f8bc8-2a5a-422b-8fb6-54b71c85b2c7,Análise de Perfil,Conversa com o Cliente,2025-10-23,1,5,5,27846,Indústria,Alta,muito provável
ef3e34df-862d-4547-aeba-b82e77e45cab,Fechamento,Fechamento,2025-04-04,5,35,1,20126,Educação,Média,muito provável
49cb4dfe-cb21-4a06-a4f9-3c95024c7086,Análise de Perfil,Análise de Perfil,2025-11-26,1,2,2,29689,Serviços,Alta,muito provável
a6b8fe1d-0a80-435c-bfe0-1b0709ab95f7,Negociação,Fechamento,2025-06-23,3,35,9,10745,Indústria,Alta,muito provável
fd3d7d11-ff63-4d67-bbc1-2a9f66d10aaa,Análise de Perfil,Conversa com o Cliente,2025-07-12,1,15,15,31954,Tecnologia,Alta,muito provável
cccc008e-eaba-4bfa-9057-80eb55e707b5,Fechamento,Fechamento,2025-04-09,4,39,12,42236,Indústria,Média,muito provável
e19f5764-f07d-45c6-a421-6474ae9eb8c9,Negociação,Fechamento,2025-12-16,3,28,13,20775,Comércio,Alta,muito provável
4d8d17e7-9ec6-4b8b-95a0-6d28a246088f,Negociação,Fechamento,2025-10-12,4,40,10,34304,Serviços,Média,muito provável
d266f248-74cc-4404-b5ff-1e758b2c6b9a,Negociação,Fechamento,2025-03-29,3,22,14,39680,Saúde,Média,muito provável
ac44f2eb-a8ad-41a1-a45a-c31b8ea31903,Negociação,Fechamento,2025-09-03,3,37,14,34910,Indústria,Média,muito provável
fbdea51c-f8c9-45e6-b444-8b6f32ebad0a,Negociação,Fechamento,2025-03-04,5,35,1,46037,Serviços,Média,muito provável
c3f2013b-8dee-4a91-99e1-7a3b836aeed5,Fechamento,Fechamento,2025-07-11,6,35,12,43015,Serviços,Média,muito provável
6af89f44-6b36-4a7a-8ff5-1a9e78a66da7,Fechamento,Fechamento,2025-09-19,6,48,9,41029,Indústria,Média,muito provável
a653c530-799e-486a-b01a-cc4bda0bddbe,Conversa com o Cliente,Negociação,2025-01-17,2,8,3,41653,Indústria,Alta,muito provável
dbc310c0-051d-41b4-813b-23b2b137d876,Negociação,Fechamento,2025-04-26,5,33,8,21409,Comércio,Média,muito provável
40e7da48-d015-4d86-b7d5-f8e1e14b64fb,Análise de Perfil,Conversa com o Cliente,2025-08-08,1,2,2,13434,Serviços,Alta,muito provável
4f341536-1b58-4bda-896c-6244ef6ea2ce,Negociação,Fechamento,2025-07-19,3,24,9,17474,Indústria,Média,muito provável
0b79a53b-5a42-4f79-86da-cf1e09ddfc07,Negociação,Fechamento,2025-07-16,3,30,11,45315,Educação,Média,muito provável
da855f49-280b-41e5-b202-8489800286ee,Fechamento,Fechamento,2025-09-02,5,44,2,20544,Educação,Média,muito provável
b0b3cb22-c086-49d7-9de0-e9f952fa0342,Conversa com o Cliente,Negociação,2025-09-07,2,15,3,28188,Serviços,Alta,muito provável
c216d95f-dc58-4b60-ad4b-dea2a351dfa9,Análise de Perfil,Análise de Perfil,2025-05-10,2,6,4,15351,Indústria,Alta,muito provável
65baf6a4-96c3-40f6-9570-21f502a4f7af,Fechamento,Fechamento,2025-08-10,5,52,12,16753,Serviços,Média,muito provável
aa147724-57d4-485d-bd51-8f6a37825acb,Análise de Perfil,Conversa com o Cliente,2025-09-09,1,6,6,16652,Comércio,Alta,muito provável
45e84437-cf3f-41f7-a296-dd23816175f5,Conversa com o Cliente,Negociação,2025-06-14,2,21,15,33368,Comércio,Alta,muito provável
0d45f5c0-1387-4c56-9eef-0c47089fd895,Análise de Perfil,Conversa com o Cliente,2025-09-05,1,3,3,35357,Serviços,Alta,muito provável
055c99f3-db3e-4dd2-a52c-8d9bfda92cb5,Conversa com o Cliente,Conversa com o Cliente,2025-01-08,2,5,3,5478,Educação,Alta,muito provável
27689c6e-ba2d-4855-84ec-1fe419413693,Análise de Perfil,Análise de Perfil,2025-10-05,1,10,10,17811,Educação,Alta,muito provável
be82bf07-9a0e-4f93-a89a-68a5e0aea366,Conversa com o Cliente,Negociação,2025-11-17,2,5,3,15913,Indústria,Alta,muito provável
475cb0ac-70c3-4d5a-a0db-03c92137a73e,Conversa com o Cliente,Negociação,2025-07-29,2,15,9,21967,Serviços,Alta,muito provável
594f17bf-7575-41e2-b2ac-fc81260779e2,Negociação,Fechamento,2025-09-13,4,34,14,12352,Saúde,Média,muito provável
73dc7c61-bd63-4c50-b4d6-5c4b5a25fd1c,Negociação,Fechamento,2025-06-25,3,20,15,35497,Comércio,Média,muito provável
4876f23d-a872-4b7b-93a2-4a9e3f15bbca,Análise de Perfil,Conversa com o Cliente,2025-04-15,1,12,12,34403,Saúde,Alta,muito provável
4ab0a761-8865-478f-97ba-9c1e490d78a0,Negociação,Fechamento,2025-03-15,3,26,10,33418,Comércio,Alta,muito provável
86e56323-9774-4e5d-85f8-6c463f185726,Conversa com o Cliente,Conversa com o Cliente,2025-01-19,2,10,6,37876,Saúde,Alta,muito provável
21ec8766-9ff9-4ebb-b1a3-8bc1ff9b8c63,Negociação,Fechamento,2025-10-07,3,23,12,7282,Tecnologia,Alta,muito provável
8e4d1b9d-c18d-4432-a777-5d1ebbb35ca1,Análise de Perfil,Conversa com o Cliente,2025-07-24,2,19,13,28870,Indústria,Alta,muito provável
5f1d9b12-cb0d-4937-8a83-e838ed1c11fd,Fechamento,Fechamento,2025-09-25,4,42,8,48704,Comércio,Média,muito provável
769ff434-1e92-4c34-acc1-215afe3e973e,Negociação,Negociação,2025-03-15,4,21,3,44422,Indústria,Alta,muito provável
bc3d1c12-afd9-460f-9868-5e2ebdceaa08,Negociação,Fechamento,2025-04-14,3,10,4,38424,Tecnologia,Média,muito provável
4fb24e54-8736-450f-ac26-a44fd16651ec,Fechamento,Fechamento,2025-12-15,8,81,13,11517,Comércio,Média,muito provável
c6e14335-5fb8-4e3b-8089-c678a486c46f,Conversa com o Cliente,Conversa com o Cliente,2025-11-16,2,13,2,38455,Indústria,Alta,muito provável
c4824442-0852-4392-bef1-11d97fa3fe3f,Negociação,Fechamento,2025-03-27,4,14,2,18991,Comércio,Média,muito provável
2c728a02-049c-48d5-bc15-d7839ca4c71e,Negociação,Fechamento,2025-07-21,3,29,10,41505,Indústria,Alta,muito provável
1a16e400-3758-4af9-add7-e9dc993920bb,Negociação,Fechamento,2025-03-28,3,25,3,11095,Educação,Alta,muito provável
0cf0bf6e-0f18-4cfe-8664-87743808b18b,Análise de Perfil,Conversa com o Cliente,2025-11-02,2,14,6,28625,Saúde,Alta,muito provável
03268ea6-64f9-4e75-8e0f-c23500302e45,Negociação,Fechamento,2025-01-26,3,21,11,18339,Comércio,Média,muito provável
e9da630e-b8ea-4c22-b960-7bc944529ed9,Análise de Perfil,Conversa com o Cliente,2025-03-30,1,13,13,13138,Saúde,Alta,muito provável
cf0f53d1-4f5f-42ad-adb1-6e215f0cefac,Negociação,Fechamento,2025-02-22,7,49,2,29651,Tecnologia,Média,muito provável
7fe76819-eac3-4e43-8533-1c0002002459,Análise de Perfil,Conversa com o Cliente,2025-04-24,1,5,5,5413,Saúde,Alta,muito provável
efb3e69d-32ba-4d0f-a3ac-fdffd9574ce8,Conversa com o Cliente,Negociação,2025-08-02,2,6,3,5964,Indústria,Alta,muito provável
7dc96b68-db88-428a-8e18-603b23e049d5,Negociação,Fechamento,2025-09-13,3,32,5,38786,Serviços,Média,muito provável
e1daff3f-2c36-4c1b-b7c9-f6574cdcd8fe,Análise de Perfil,Conversa com o Cliente,2025-05-10,1,8,8,24566,Serviços,Alta,muito provável
3cde1db6-bd32-456d-934c-1e2c791ab0b2,Fechamento,Fechamento,2025-05-29,8,54,5,41201,Saúde,Média,muito provável
2b185392-46e0-49d3-a813-de90fa2a64db,Análise de Perfil,Conversa com o Cliente,2025-02-14,2,18,9,10553,Saúde,Alta,muito provável
aeb35266-ddf3-4a6e-b7b1-a80382290ae8,Fechamento,Fechamento,2025-05-10,7,52,13,46199,Tecnologia,Média,muito provável
fbc5c1e0-26a8-47b9-8911-7a6904a47cca,Fechamento,Fechamento,2025-11-20,4,25,5,39575,Tecnologia,Média,muito provável
070e1c63-9823-4666-896f-1e8687123b4a,Fechamento,Fechamento,2026-01-16,4,55,14,31271,Serviços,Média,muito provável
2597cb5d-1102-4dc9-af90-4681a08188c2,Negociação,Fechamento,2025-08-14,3,34,9,47309,Tecnologia,Média,muito provável
5aa45cc0-5037-4202-8032-c7fcd38de54f,Fechamento,Fechamento,2025-07-27,6,60,12,34033,Tecnologia,Média,muito provável
88d37581-59e5-4778-941e-36e2479dcc1a,Negociação,Fechamento,2025-04-14,5,30,3,37832,Comércio,Média,muito provável
c069fbff-7245-47cc-a8f3-75a47bfa857a,Negociação,Fechamento,2025-11-02,3,22,3,45448,Comércio,Média,muito provável
08ccb429-5380-474f-b473-61c1baad0fde,Negociação,Fechamento,2025-05-24,3,21,6,44100,Indústria,Média,muito provável
9e26529a-6aac-4065-b334-41dcd3842f10,Negociação,Fechamento,2025-12-20,4,31,15,46021,Serviços,Média,muito provável
41749df8-c076-4254-854f-9b63df08e1f5,Análise de Perfil,Análise de Perfil,2025-10-26,1,8,8,42228,Saúde,Alta,muito provável
ceea4114-ee30-49dc-b51c-c7d7691c6387,Fechamento,Fechamento,2025-02-28,5,45,13,27737,Educação,Média,muito provável
26cd3682-bc55-4cec-897d-6d670cf4b098,Fechamento,Fechamento,2025-11-25,6,45,3,19233,Tecnologia,Média,muito provável
30d325f6-00b3-415c-8b0b-be19e01fb576,Análise de Perfil,Conversa com o Cliente,2025-07-01,1,7,7,34738,Educação,Alta,muito provável
643f0723-997c-4d5d-b4fb-83d1991cbcc4,Fechamento,Fechamento,2025-06-02,5,23,6,16252,Serviços,Média,muito provável
7287f971-09fc-4a1c-92aa-85eb22ddca0b,Conversa com o Cliente,Negociação,2025-10-17,2,21,10,35601,Indústria,Alta,muito provável
2ec832d3-0317-44d2-a75c-33d0a20410f9,Negociação,Fechamento,2025-02-25,3,33,8,42264,Educação,Média,muito provável
e678e53b-69b1-44fb-b587-442c6ebd7612,Negociação,Fechamento,2025-10-14,6,42,2,45363,Serviços,Média,muito provável
7c3da370-b49a-4d0e-a678-4b24940da662,Negociação,Fechamento,2025-03-09,4,28,3,38829,Comércio,Média,muito provável
52de2e61-db65-4aef-9484-e849da70b5e5,Análise de Perfil,Conversa com o Cliente,2025-01-24,1,11,11,42224,Serviços,Alta,muito provável
6b99dec4-5470-4739-9b4d-04e957d4db3f,Negociação,Fechamento,2025-07-12,4,34,4,47824,Comércio,Média,muito provável
9dd74aaa-acb2-4668-8646-0f19c0abecd1,Negociação,Fechamento,2025-03-09,3,34,6,43778,Educação,Média,muito provável
6f6b6420-ab19-4a4e-b31a-7b632097886d,Negociação,Fechamento,2025-11-02,3,21,12,47101,Indústria,Média,muito provável
4792c232-9cbd-47eb-bcc0-eb9f034b275f,Negociação,Fechamento,2025-03-28,3,18,12,44116,Indústria,Alta,muito provável
f5eed5f8-ed79-4514-8313-5e3f7c93cab6,Negociação,Fechamento,2025-03-21,3,14,2,35521,Serviços,Média,muito provável
7be1fb2b-a3c8-4428-b0ce-d343e1ac632b,Fechamento,Fechamento,2025-08-16,4,24,8,17980,Comércio,Média,muito provável
23d7a98a-5c61-416f-ada7-6d156cae28db,Conversa com o Cliente,Negociação,2025-10-23,2,15,6,49084,Educação,Alta,muito provável
8b8e7898-befc-45ca-8c2c-85a810f159c1,Negociação,Fechamento,2025-08-08,3,12,5,14702,Tecnologia,Alta,muito provável
8a690b46-9e05-45ca-abee-c5da29c78a6d,Negociação,Fechamento,2025-05-31,3,19,1,15874,Tecnologia,Média,muito provável
60c1acfd-9ca1-4c16-b260-3ca9d2cc128d,Fechamento,Fechamento,2025-03-07,5,44,13,16543,Comércio,Média,muito provável
6ae79117-94a2-4750-b645-4d36640a7964,Fechamento,Fechamento,2025-10-15,8,39,1,8605,Tecnologia,Média,muito provável
1c9b4fdb-1478-4a46-b890-94a7adeb5a45,Negociação,Fechamento,2025-05-14,4,32,14,21456,Educação,Média,muito provável
4221cc15-2dea-4931-a9d4-d098d52641e5,Conversa com o Cliente,Conversa com o Cliente,2025-03-04,2,11,10,16585,Tecnologia,Alta,muito provável
93d9f6c1-6090-4d29-b43a-44b701ccc8d0,Negociação,Fechamento,2025-10-20,3,24,14,12342,Tecnologia,Média,muito provável
09e467e7-fd09-406c-8ec6-d6cd50eedbbc,Fechamento,Fechamento,2025-04-23,6,53,9,45565,Indústria,Média,muito provável
be740776-7a4b-4fde-aaaa-706b97d6f4f4,Negociação,Fechamento,2025-07-19,5,45,12,9809,Tecnologia,Média,muito provável
3d662482-3a26-4f86-904d-7df9d797f965,Fechamento,Fechamento,2025-05-30,6,44,6,40510,Educação,Média,muito provável
49de6988-0d32-45ea-9236-80c24e8a564c,Análise de Perfil,Conversa com o Cliente,2025-02-03,1,13,13,13716,Serviços,Alta,muito provável
8c5ffedd-8150-4511-9900-02b0c7208729,Negociação,Fechamento,2025-07-14,5,27,3,30853,Comércio,Média,muito provável
a24c6488-fb64-4fad-a92c-76c7775d06d6,Fechamento,Fechamento,2025-12-07,5,47,7,8573,Indústria,Média,muito provável
ee0ff88c-5351-4238-901d-a26481372cd1,Negociação,Fechamento,2025-09-05,3,29,11,39520,Saúde,Alta,muito provável
2d7699a9-e3e5-4971-81a0-81af7c3a4f99,Negociação,Fechamento,2025-08-25,4,15,4,21908,Comércio,Média,muito provável
a377486c-5d06-490c-a25d-f8a1e537e50b,Fechamento,Fechamento,2025-05-11,7,56,5,8709,Comércio,Média,muito provável
dea55218-547c-41af-9b27-cedf07c67881,Negociação,Fechamento,2025-05-25,3,31,10,45929,Indústria,Média,muito provável
f078b0b5-9615-49b1-a1d4-3533c22dc560,Negociação,Fechamento,2025-06-06,3,20,4,36074,Serviços,Alta,muito provável
e1cecbb4-0dee-4e85-868f-80fc2c224161,Análise de Perfil,Análise de Perfil,2025-02-26,1,6,6,38357,Saúde,Alta,muito provável
600573ac-6b51-49d3-b32e-805993cfe714,Fechamento,Fechamento,2025-04-06,4,35,11,45438,Tecnologia,Média,muito provável
60b36d0b-d740-46f9-b21e-1ea650fcd6bb,Fechamento,Fechamento,2025-05-04,5,41,1,19025,Tecnologia,Média,muito provável
89202da4-3c92-495f-af5d-2a9f71917a7f,Negociação,Fechamento,2025-02-16,5,34,12,6560,Saúde,Alta,muito provável
d58715b2-75bf-4ff7-aad9-7ec928af1303,Negociação,Fechamento,2025-08-21,4,30,4,5018,Educação,Média,muito provável
cee1ec9d-d7dc-4024-a4be-5db9d6918ced,Conversa com o Cliente,Negociação,2025-12-02,2,24,11,26342,Educação,Alta,muito provável
f24edab3-7f5e-4f5c-b99c-7e4702ed2307,Análise de Perfil,Conversa com o Cliente,2025-03-14,1,7,7,49548,Educação,Alta,muito provável
2a3db8c0-6220-4a52-bf6f-64adae9bbebf,Negociação,Fechamento,2025-05-26,4,22,3,34717,Saúde,Média,muito provável
76d83a7b-59e7-4d7f-84ee-38f674d91198,Negociação,Fechamento,2025-12-30,5,46,8,48939,Tecnologia,Média,muito provável
3342bde8-1074-40e4-80ad-39b54c7e20be,Negociação,Fechamento,2025-03-31,3,18,2,27820,Comércio,Média,muito provável
ec193858-a76c-4e8b-9f80-bb60ca0551ec,Análise de Perfil,Análise de Perfil,2025-01-29,1,13,13,44827,Saúde,Alta,muito provável
7057e8a2-1d51-4648-a1ad-389a1fe8e185,Negociação,Fechamento,2025-05-19,6,54,11,44264,Comércio,Média,muito provável
14af7e65-7524-496c-94d0-6544f7a7ffff,Fechamento,Fechamento,2025-03-31,5,31,9,45298,Comércio,Média,muito provável
7d917476-b999-4dd8-a7b8-76451b018d13,Fechamento,Fechamento,2025-09-20,5,48,10,12479,Indústria,Média,muito provável
f19d7536-73b2-4a54-a539-7a96f562971b,Análise de Perfil,Análise de Perfil,2025-05-02,1,15,15,32502,Educação,Alta,muito provável
ea78bfe5-6f28-4722-b18d-ad55c72262eb,Análise de Perfil,Conversa com o Cliente,2025-06-20,1,11,11,34732,Saúde,Alta,muito provável
7ea0ce6c-ffeb-491a-9685-7251ef0debc3,Fechamento,Fechamento,2025-04-02,5,40,5,12799,Serviços,Média,muito provável
ed068e52-b296-4f3e-a936-c1da0d7401b3,Fechamento,Fechamento,2025-07-08,5,48,8,26725,Indústria,Média,muito provável
57dab633-d0e3-4803-90b3-8b99140bdf63,Conversa com o Cliente,Conversa com o Cliente,2025-11-30,2,17,5,16429,Saúde,Alta,muito provável
db73de4c-e137-4d0f-bf45-2586867619c6,Fechamento,Fechamento,2025-05-12,6,65,4,27764,Serviços,Média,muito provável
c30a5745-2ad5-4c1b-b454-acfc010b815d,Fechamento,Fechamento,2025-10-04,4,21,5,29855,Serviços,Média,muito provável
5535a3b9-0f62-4b7a-b1dd-3a89d9fb6d83,Negociação,Negociação,2025-07-24,3,10,4,8586,Saúde,Alta,muito provável
e9420324-4a2b-45d9-ac99-eb526c1d0c07,Negociação,Fechamento,2025-07-03,5,42,13,34823,Saúde,Média,muito provável
3b48b70c-5a5f-4510-8a07-1d29cce13cf8,Negociação,Fechamento,2025-05-12,4,30,15,17506,Indústria,Alta,muito provável
2ea68fba-abc5-411c-b8d3-605f15e83683,Negociação,Fechamento,2025-02-04,3,20,3,45617,Educação,Média,muito provável
5d910b82-4b84-43e3-aecb-1e5bd4eeca8c,Negociação,Fechamento,2025-03-02,3,26,7,48118,Indústria,Média,muito provável
3734620e-6fa5-439c-9041-dc873df1cc5a,Negociação,Fechamento,2025-04-14,3,31,14,41953,Saúde,Média,muito provável
b08346f3-2d73-428f-a966-5c570742c077,Fechamento,Fechamento,2025-08-16,5,25,6,25708,Saúde,Média,muito provável
b354df8d-6c87-4c4a-ab81-b169e1b55b4a,Análise de Perfil,Conversa com o Cliente,2025-03-10,1,9,9,27892,Educação,Alta,muito provável
ac25b047-6cad-4791-af84-322b0cd6742e,Negociação,Negociação,2025-06-15,4,49,15,6984,Indústria,Alta,muito provável
59f19268-673f-476e-8070-d54a812f2259,Negociação,Fechamento,2025-07-03,3,13,1,14474,Comércio,Média,muito provável
fa622ce0-3422-4979-a0e1-50b46aa0faaf,Negociação,Fechamento,2025-03-08,3,29,12,8524,Educação,Média,muito provável
11f53af0-1123-42e3-9b19-736e1e3be476,Fechamento,Fechamento,2025-06-15,7,70,10,33653,Indústria,Média,muito provável
a81ac606-c764-4148-9de2-f9173e197e75,Fechamento,Fechamento,2025-05-01,4,39,13,42988,Tecnologia,Média,muito provável
6de9ef8f-9fad-4d32-9563-061694bb79d1,Negociação,Fechamento,2025-04-01,4,34,12,39308,Comércio,Média,muito provável
1c6e889a-2ef2-4c99-8272-a7687457d973,Negociação,Fechamento,2025-07-24,5,35,11,20932,Serviços,Média,muito provável
458439b6-bc0d-496d-9e88-c8855aa95dff,Análise de Perfil,Conversa com o Cliente,2025-05-05,2,13,10,32794,Comércio,Alta,muito provável
e2ae669a-9453-4644-927f-058697774a2e,Análise de Perfil,Conversa com o Cliente,2025-11-15,1,4,4,9002,Indústria,Alta,muito provável
2436d6c2-2922-4f19-bcec-3c47609b4539,Análise de Perfil,Análise de Perfil,2025-03-02,1,7,7,27095,Comércio,Alta,muito provável
f4f6f70a-9622-4c5a-9488-d0a0e51005c1,Fechamento,Fechamento,2025-12-30,6,42,14,32203,Saúde,Média,muito provável
cd34d817-b84a-4fe6-bbb8-de9fb45ee39c,Conversa com o Cliente,Negociação,2025-04-21,3,30,6,41109,Tecnologia,Alta,muito provável
529c6dca-ab15-4aae-88f6-3009ab628505,Análise de Perfil,Conversa com o Cliente,2025-10-18,1,6,6,16000,Indústria,Alta,muito provável
6c8f35d5-ac60-457e-b22f-66cc1b0979f0,Negociação,Fechamento,2025-02-13,3,19,5,12578,Tecnologia,Média,muito provável
67f471d2-1075-48ce-9c42-8e8ac5cc0967,Negociação,Fechamento,2025-09-07,4,49,14,19566,Comércio,Média,muito provável
1df89797-85ca-4a69-b061-35adce8982fd,Conversa com o Cliente,Negociação,2025-08-05,3,28,3,28352,Saúde,Alta,muito provável
8e17af67-c052-465a-b3c9-4c1f1db8cef8,Fechamento,Fechamento,2025-03-12,6,47,14,28190,Tecnologia,Média,muito provável
918e8324-a61f-4a3a-a66a-2f2cfb7ef255,Negociação,Fechamento,2025-12-02,3,29,2,28330,Educação,Alta,muito provável
38377ef1-c54c-403c-b40a-42ee218c06cf,Fechamento,Fechamento,2025-10-29,5,45,9,44930,Indústria,Média,muito provável
8da9a845-982b-4992-a69e-bc47acf2a80b,Negociação,Fechamento,2025-06-12,4,37,15,26912,Tecnologia,Média,muito provável
87e95cdd-61ed-402b-b311-f0b1b5b62d73,Negociação,Fechamento,2025-07-06,4,21,12,42915,Tecnologia,Média,muito provável
a589ca5f-6978-465b-ae59-306743dfae72,Fechamento,Fechamento,2025-04-20,6,59,9,38455,Indústria,Média,muito provável
15c85d3a-6f43-4750-9191-8ae90fe44f17,Negociação,Fechamento,2025-03-10,3,24,6,10332,Serviços,Média,muito provável
9d468822-b25a-4b74-83cd-a2397722701d,Análise de Perfil,Análise de Perfil,2025-03-01,1,13,13,48236,Tecnologia,Alta,muito provável
488f2ca0-458b-4766-96ee-03cbfd158ae1,Fechamento,Fechamento,2025-10-27,5,48,13,10608,Serviços,Média,muito provável
53dd32d2-0434-4bb4-976e-c3859c934443,Análise de Perfil,Conversa com o Cliente,2025-10-30,1,6,6,31501,Saúde,Alta,muito provável
b7128e02-ba36-4220-9b9f-2e22eb2c6d7b,Conversa com o Cliente,Negociação,2025-09-10,3,26,6,37621,Indústria,Alta,muito provável
d8a3df74-117f-4e44-a445-4f8f183612b5,Fechamento,Fechamento,2025-02-10,4,21,1,13836,Saúde,Média,muito provável
f6d700cd-19e1-4b1d-8f0c-fdbc162a9544,Conversa com o Cliente,Negociação,2025-01-30,2,25,11,45385,Tecnologia,Alta,muito provável
5b701cdc-5bfa-486d-8287-548dda6cfbe4,Fechamento,Fechamento,2025-12-08,5,30,1,40102,Comércio,Média,muito provável
e8c49080-0df8-4dff-a01b-ce69d4f4a154,Negociação,Fechamento,2025-11-02,4,47,15,40206,Tecnologia,Média,muito provável
434d1c97-c64c-440e-aedd-884244517538,Conversa com o Cliente,Conversa com o Cliente,2025-05-02,3,18,6,38872,Saúde,Alta,muito provável
345fd108-6df0-4e2c-835f-26dbee1db9a4,Negociação,Fechamento,2025-11-10,4,29,3,29443,Indústria,Alta,muito provável
d667100f-cf2d-4f5e-9428-b5e1ca7b9459,Análise de Perfil,Análise de Perfil,2025-04-14,1,7,7,31839,Indústria,Alta,muito provável
80d91366-86af-407a-8398-affc347f6409,Negociação,Fechamento,2025-12-01,3,8,2,28042,Comércio,Média,muito provável
abb7d76e-e987-417d-821a-0c6c286f42dd,Análise de Perfil,Conversa com o Cliente,2025-04-19,1,1,1,7620,Indústria,Alta,muito provável
4a1b3163-c039-40fc-b4d3-65acc4ce1323,Negociação,Fechamento,2025-07-15,4,36,11,43353,Comércio,Alta,muito provável
146f6024-9df4-45ee-a172-86a7592f1cfd,Fechamento,Fechamento,2025-02-13,4,28,3,47215,Comércio,Média,muito provável
c09d3357-4d80-4d02-a3b1-c4bc89bb938f,Análise de Perfil,Conversa com o Cliente,2025-06-19,1,7,7,9867,Indústria,Alta,muito provável
d5703936-79ec-48ae-b494-9dc03108e763,Conversa com o Cliente,Negociação,2025-06-03,2,24,15,11793,Comércio,Alta,muito provável
10b0c247-54e1-43d8-b10c-48281d97c8a3,Fechamento,Fechamento,2025-11-21,5,25,4,47967,Educação,Média,muito provável
734bfc01-b4a6-4ac8-afc6-ae1f5717552f,Fechamento,Fechamento,2025-03-04,4,19,1,5236,Educação,Média,muito provável
68e26285-95dd-457d-9254-13b2774e8097,Negociação,Fechamento,2025-12-12,3,20,11,5537,Indústria,Média,muito provável
36c8fe12-b940-45cd-b039-1db73bc3d03c,Fechamento,Fechamento,2025-04-27,4,30,6,12016,Comércio,Média,muito provável
12ee4c2e-7705-4477-9d6f-73d73f7306d1,Conversa com o Cliente,Negociação,2025-04-07,2,20,8,5302,Educação,Alta,muito provável
40904f97-b919-494c-bb70-6d9e1cfb72dd,Negociação,Fechamento,2025-11-03,3,18,2,42079,Saúde,Média,muito provável
0dca8e44-9b50-4f6e-913d-d8342c5f84b4,Fechamento,Fechamento,2025-06-24,4,27,4,44575,Comércio,Média,muito provável
14e45e48-e48d-4b8f-a79f-2cd04d23a208,Negociação,Fechamento,2025-02-10,4,28,13,45963,Tecnologia,Média,muito provável
9b77f442-827a-4d7c-9d78-cbae6080160e,Negociação,Fechamento,2025-03-02,3,21,1,48591,Indústria,Média,muito provável
0339d399-1aa6-477f-b82d-43b9610cb793,Conversa com o Cliente,Negociação,2026-01-12,5,48,11,31480,Indústria,Alta,muito provável
85839dcc-ef13-4d18-8e41-0517c7da4ce1,Negociação,Fechamento,2025-03-20,4,36,8,21479,Saúde,Média,muito provável
acb74e35-8ef7-42b2-adc9-3079d376b5ef,Fechamento,Fechamento,2025-03-25,5,42,15,49710,Comércio,Média,muito provável
1c37346b-6020-4f55-b973-82b98296812d,Negociação,Fechamento,2025-05-01,3,22,15,31307,Tecnologia,Média,muito provável
b369dc1d-d694-4aaf-9237-88d6856f29a0,Negociação,Fechamento,2025-04-13,3,22,9,46102,Educação,Média,muito provável
9e00a070-aa8d-45b5-959c-e2830816f716,Fechamento,Fechamento,2025-08-25,6,40,7,19194,Comércio,Média,muito provável
718e79fa-f882-4cbb-972e-7b17a8ab9637,Negociação,Fechamento,2025-05-07,4,32,5,34003,Serviços,Alta,muito provável
6a7597af-e411-4ff4-aaaf-f1eaeb53eb3f,Fechamento,Fechamento,2025-10-23,8,57,7,18818,Serviços,Média,muito provável
c27fd94a-a4e7-45f7-a53f-2eb3cee751ae,Fechamento,Fechamento,2025-07-13,4,29,4,5942,Tecnologia,Média,muito provável
3a7b54af-32d5-4295-86a7-b72308da589a,Negociação,Fechamento,2025-10-16,3,35,13,5611,Serviços,Média,muito provável
c499a814-c726-4ab1-bbff-2ae5b6282b9b,Análise de Perfil,Conversa com o Cliente,2025-03-06,1,3,3,23317,Saúde,Alta,muito provável
923a6dcc-ae6a-4a7b-adfc-bcc022e6f712,Negociação,Fechamento,2025-10-07,6,60,11,20922,Educação,Média,muito provável
4d6993b0-f414-4137-8b62-4caca05b6fc5,Negociação,Fechamento,2025-04-15,3,29,10,26840,Serviços,Média,muito provável
6561a402-1739-4274-be94-623806c51bca,Análise de Perfil,Conversa com o Cliente,2025-01-31,1,14,14,29461,Tecnologia,Alta,muito provável
1300a44e-fcfa-4fbc-baa0-1fec43a2c043,Análise de Perfil,Conversa com o Cliente,2025-03-12,2,6,1,8587,Tecnologia,Alta,muito provável
ed8097f7-047f-4aca-87a3-43336234cb91,Análise de Perfil,Conversa com o Cliente,2025-05-09,1,4,4,30003,Saúde,Alta,muito provável
f87d610e-5e48-495a-8d7a-7d300b6f3337,Análise de Perfil,Conversa com o Cliente,2025-06-25,1,14,14,45881,Indústria,Alta,muito provável
c37c8447-f30b-47a3-bd82-05381302ea45,Negociação,Fechamento,2025-02-22,3,36,11,5400,Tecnologia,Alta,muito provável
a4d367ef-6aea-409b-94bb-10cccab1fdcc,Conversa com o Cliente,Negociação,2025-07-23,2,20,9,25869,Educação,Alta,muito provável
33dc6d18-858c-4405-b26e-465f049f8ef9,Análise de Perfil,Conversa com o Cliente,2025-09-08,1,2,2,45724,Indústria,Alta,muito provável
8559fe9e-3a78-472e-a39b-34c7527d5634,Fechamento,Fechamento,2025-04-16,4,34,2,18976,Tecnologia,Média,muito provável
7277391d-6aba-4301-8ca6-38f204fce880,Negociação,Fechamento,2025-09-18,5,37,14,18446,Indústria,Média,muito provável
5ddb3cc7-fe58-4e08-af5d-d3e13ac118f3,Negociação,Fechamento,2025-05-09,3,22,9,9801,Comércio,Média,muito provável
ebad00e9-2473-411b-9997-c01a113494a6,Conversa com o Cliente,Conversa com o Cliente,2025-09-07,2,19,11,46885,Comércio,Alta,muito provável
8f4be519-0514-4bb2-9885-f7eae27e6b5a,Conversa com o Cliente,Negociação,2025-02-16,3,34,8,40675,Serviços,Alta,muito provável
98a2bd02-5236-4f77-8c5a-27fc48814eba,Negociação,Fechamento,2025-02-28,5,33,7,35763,Indústria,Média,muito provável
d6284077-5dca-4656-81eb-fee41f6d78b6,Negociação,Fechamento,2025-10-03,3,20,8,14527,Serviços,Alta,muito provável
22308c6c-8db1-47f9-b292-a63a6c184d8f,Negociação,Fechamento,2025-08-06,3,17,10,31103,Indústria,Média,muito provável
78203894-beed-4ed0-a50b-1df314fc8519,Conversa com o Cliente,Negociação,2025-05-11,3,22,2,28362,Tecnologia,Alta,muito provável
cdcf815c-64df-42f9-b803-ee85effa8cdf,Conversa com o Cliente,Negociação,2025-02-08,2,21,8,12972,Serviços,Alta,muito provável
6b0d778e-95ee-46c3-b537-7b1f0e22940f,Negociação,Fechamento,2025-09-02,4,24,3,42256,Tecnologia,Média,muito provável
c9604c09-f337-4f76-8e4b-0e4d33e075f1,Fechamento,Fechamento,2025-09-02,4,43,13,27612,Indústria,Média,muito provável
5621cb4f-3397-4166-9f6d-dcf1b1765098,Negociação,Fechamento,2025-07-02,4,35,13,29326,Educação,Alta,muito provável
e966f653-eaac-40ba-8e1e-982d1381aa33,Negociação,Fechamento,2025-07-20,3,35,12,16750,Indústria,Média,muito provável
0f45ae27-08b3-42fa-b13b-ff93d0f2af22,Fechamento,Fechamento,2025-12-30,5,46,9,21792,Saúde,Média,muito provável
5d2d9205-a590-4e20-a689-ba131c4508e4,Negociação,Fechamento,2025-02-17,5,27,3,40121,Saúde,Média,muito provável
9957e738-476c-437e-960e-24baa9ecf302,Negociação,Fechamento,2026-01-05,4,40,5,45683,Saúde,Média,muito provável
f57ec3d8-3547-4806-9c5b-f10d93f953d8,Fechamento,Fechamento,2025-04-29,7,44,2,41243,Comércio,Média,muito provável
552e8f58-6a0e-4744-8194-2a97c2b4fc24,Fechamento,Fechamento,2025-04-28,8,67,6,25727,Tecnologia,Média,muito provável
31b95488-f3cc-4951-825f-1fb78ef28bc3,Fechamento,Fechamento,2025-01-28,4,15,8,18992,Tecnologia,Média,muito provável
4ebc6773-2ba4-4f77-8d1e-3986485b0875,Conversa com o Cliente,Negociação,2025-02-21,2,15,9,38416,Educação,Alta,muito provável
8bfd53b4-e4e7-4e74-9167-f8b3ff12ccb0,Negociação,Fechamento,2025-03-03,3,17,5,5181,Serviços,Média,muito provável
52395f2c-9637-446e-a826-43ef0ab5e5ef,Fechamento,Fechamento,2025-04-14,7,31,1,18348,Indústria,Média,muito provável
72f0fe5d-bf32-4c3d-a3b3-585f04460a5b,Fechamento,Fechamento,2025-06-02,4,21,6,33298,Serviços,Média,muito provável
ac0ad486-ae9a-41ef-a465-3ae7f1c5cc21,Negociação,Fechamento,2025-08-22,4,33,9,32890,Comércio,Média,muito provável
249fb80d-4a27-46af-bd33-b3dc443ddad3,Negociação,Fechamento,2025-12-04,3,18,1,32663,Tecnologia,Média,muito provável
d8078dd8-9229-4c4b-9728-40b2f04c46b9,Fechamento,Fechamento,2025-03-24,6,49,13,7616,Tecnologia,Média,muito provável
400b4ab3-cb05-4482-a280-a69d75068d37,Fechamento,Fechamento,2025-11-25,4,29,9,29237,Serviços,Média,muito provável
58272240-682b-4f14-ae49-8bd355bcb1b0,Negociação,Fechamento,2025-03-29,3,29,15,20447,Saúde,Alta,muito provável
0bc94bee-1b7d-4a90-a91c-02374b872212,Fechamento,Fechamento,2025-05-04,4,25,3,44606,Indústria,Média,muito provável
c9d92002-b67e-4bf4-a7b4-0956e90290a3,Negociação,Fechamento,2025-09-02,4,23,11,26594,Tecnologia,Alta,muito provável
de30c1c1-8b48-4641-b002-b12eab1887d0,Negociação,Fechamento,2025-06-22,4,34,15,46394,Saúde,Média,muito provável
c335e2e9-9e02-4021-9bae-327704b34610,Análise de Perfil,Conversa com o Cliente,2025-04-21,1,8,8,11374,Educação,Alta,muito provável
70b3c484-d097-4013-92c7-7c43db99f708,Negociação,Fechamento,2025-02-01,4,27,5,25818,Educação,Média,muito provável
76d9ae00-cecc-4cad-8d72-10cab6de009f,Negociação,Fechamento,2025-10-26,4,43,14,41033,Serviços,Média,muito provável
2c4c7485-9639-41f4-ba27-b85634739993,Negociação,Fechamento,2025-03-29,3,31,7,21311,Serviços,Média,muito provável
1a2cde98-4b30-467c-a9c5-9206d921d551,Negociação,Fechamento,2025-04-10,3,31,10,19553,Tecnologia,Média,muito provável
f994c2ad-5265-4c09-a306-19a87c700173,Fechamento,Fechamento,2025-02-04,4,30,3,28925,Educação,Média,muito provável
a0499062-0a82-4a94-8680-2e67991afaf8,Fechamento,Fechamento,2025-03-17,5,59,7,39204,Comércio,Média,muito provável
cee6287f-e232-4f2d-868e-67e423f806c1,Fechamento,Fechamento,2025-05-08,6,59,1,39986,Saúde,Média,muito provável
f89f7f48-408f-4f6c-8781-35e372ff9a6c,Negociação,Fechamento,2025-01-26,3,19,3,35472,Tecnologia,Média,muito provável
c699148b-95bb-4ff9-8cea-a5d379250018,Negociação,Fechamento,2025-08-11,4,23,7,18299,Serviços,Média,muito provável
02383442-b119-4de4-bb58-81a229e410dc,Análise de Perfil,Conversa com o Cliente,2025-11-19,1,2,2,8438,Educação,Alta,muito provável
2eca4218-739e-4b19-8bce-4d1d6f52e915,Análise de Perfil,Conversa com o Cliente,2025-09-20,1,12,12,22525,Saúde,Alta,muito provável
e1885e2c-acc4-4aa4-ac71-7e7e8ae63b73,Análise de Perfil,Análise de Perfil,2025-09-25,1,7,7,29703,Serviços,Alta,muito provável
31eb8605-05b4-4a25-bfe7-73558095b660,Fechamento,Fechamento,2025-12-25,5,30,5,48433,Tecnologia,Média,muito provável
01d4b12d-a00d-48f4-bb83-be8c8375bef3,Fechamento,Fechamento,2025-06-10,4,37,6,17360,Indústria,Média,muito provável
cbe0f3c3-f2fe-457f-989c-19da8a5b77c3,Negociação,Fechamento,2025-05-10,3,7,1,14858,Serviços,Média,muito provável
1dcc9e52-4baf-438c-8abf-927169464da5,Fechamento,Fechamento,2025-05-28,4,35,12,46362,Saúde,Média,muito provável
6a442777-acf6-4bcf-932f-1a0d917a5129,Conversa com o Cliente,Negociação,2025-05-14,4,19,5,40311,Comércio,Alta,muito provável
42b79cb2-500c-42e8-88ae-be3b4c0afed9,Análise de Perfil,Conversa com o Cliente,2025-03-13,1,7,7,12863,Tecnologia,Alta,muito provável
49b74d48-8a3b-4bcc-b837-423d076e1bad,Negociação,Fechamento,2025-05-05,3,26,15,13457,Comércio,Média,muito provável
c64f0ac2-3804-4169-a6cb-5dd54c2dec36,Análise de Perfil,Conversa com o Cliente,2025-06-25,1,15,15,18369,Serviços,Alta,muito provável
3268b554-9802-4c81-a0da-89e6ec42df3c,Negociação,Fechamento,2025-03-03,4,40,14,16811,Tecnologia,Média,muito provável
eeff9530-2f57-4e05-867d-390dbaddf97b,Fechamento,Fechamento,2025-05-02,4,26,7,32810,Tecnologia,Média,muito provável
07299356-d77d-4fc9-b56c-7cc8c9d787d2,Fechamento,Fechamento,2025-08-08,4,49,14,41048,Saúde,Média,muito provável
26c7f92a-4609-4e81-a196-bdc8b1e06258,Conversa com o Cliente,Negociação,2025-03-23,3,21,13,38506,Indústria,Alta,muito provável
851d13ad-306f-406d-92af-8b6332a84e23,Negociação,Fechamento,2025-07-19,4,29,8,11295,Educação,Alta,muito provável
30a2a498-d26c-4391-9a8f-de536393d946,Negociação,Fechamento,2025-03-27,4,25,2,26334,Educação,Média,muito provável
ab55bc4f-2398-48a9-a76e-a9084cb48571,Fechamento,Fechamento,2025-12-19,8,69,12,15780,Comércio,Média,muito provável
ae1f3c76-93d1-4798-937a-3c93e12a9aec,Análise de Perfil,Conversa com o Cliente,2025-10-23,1,7,7,22616,Comércio,Alta,muito provável
22f468b3-abdd-4cf9-9e44-57016f30730a,Análise de Perfil,Conversa com o Cliente,2025-05-11,1,2,2,20052,Tecnologia,Alta,muito provável
a17ce0e0-2f08-4f3a-bb2a-f2e6bb51ccef,Negociação,Fechamento,2025-02-21,5,35,3,42695,Serviços,Média,muito provável
7e85cb95-0aab-4ea6-8dce-93bd185be892,Negociação,Fechamento,2025-04-16,3,30,9,9424,Educação,Média,muito provável
75e2d756-444a-4313-a68c-7ae803d885ab,Análise de Perfil,Conversa com o Cliente,2025-10-06,1,8,8,47412,Indústria,Alta,muito provável
078dee48-1272-47ec-b8e8-8c08781c5913,Negociação,Fechamento,2025-02-09,4,38,10,9897,Indústria,Média,muito provável
76e6ac31-20f9-4daa-95af-47aef175b099,Negociação,Fechamento,2025-12-03,3,20,2,16749,Serviços,Média,muito provável
5e6c1c57-641d-40bb-8583-ee9d3b3f652a,Negociação,Fechamento,2025-09-14,3,25,13,46999,Indústria,Média,muito provável
7727e797-1f44-40b0-95a5-332d20a20f83,Negociação,Fechamento,2025-05-26,5,35,2,30251,Serviços,Média,muito provável
58269ad7-fbed-4369-80b2-e9288c98798d,Conversa com o Cliente,Negociação,2025-02-05,2,22,10,47530,Serviços,Alta,muito provável
73384caa-16c1-4b9c-b89e-ee242c95b0e1,Análise de Perfil,Análise de Perfil,2025-05-16,2,24,10,31073,Indústria,Alta,muito provável
f8b8023d-afa3-45cb-9f5d-493c37c1aa10,Negociação,Fechamento,2025-07-03,3,38,13,37634,Indústria,Média,muito provável
fa80c6c6-31cd-457f-a662-8acac3970a80,Negociação,Fechamento,2025-08-20,4,33,9,5008,Serviços,Alta,muito provável
b76ae820-fbe6-412f-9571-f24b605c93b3,Negociação,Fechamento,2025-05-25,3,30,15,15872,Indústria,Média,muito provável
f74b9ebf-5928-40b9-ba6c-495bff1bc817,Análise de Perfil,Conversa com o Cliente,2025-10-17,1,11,11,27902,Educação,Alta,muito provável
608e3f6a-daf2-41ff-81ff-f42091458cbf,Conversa com o Cliente,Conversa com o Cliente,2025-07-04,2,17,15,14921,Saúde,Alta,muito provável
ba30ea5f-5b90-476e-a488-6a4d57febb31,Conversa com o Cliente,Negociação,2025-09-03,2,11,3,31490,Saúde,Alta,muito provável
e5757aca-e38c-4baf-b0c8-23aa727b1c28,Fechamento,Fechamento,2025-10-09,7,56,3,42191,Comércio,Média,muito provável
7c574c87-f912-4b1f-bae9-78d91466733f,Análise de Perfil,Conversa com o Cliente,2025-12-09,2,24,10,46386,Tecnologia,Alta,muito provável
cd4aa368-4339-4755-9121-502177e45de8,Negociação,Fechamento,2025-01-28,3,15,11,43157,Indústria,Média,muito provável
f25de5bc-6811-4a39-bff4-71aef947e852,Fechamento,Fechamento,2025-09-06,5,44,6,17422,Comércio,Média,muito provável
873fd610-d171-4aa0-a387-b74fecd2a505,Conversa com o Cliente,Negociação,2025-08-18,2,14,12,7694,Tecnologia,Alta,muito provável
4524935c-2992-4f40-85bc-d71fe926a0e4,Conversa com o Cliente,Negociação,2025-06-14,2,18,10,32737,Serviços,Alta,muito provável
f220324e-7917-4846-9bd3-8899f6fcafe2,Negociação,Fechamento,2025-02-20,3,30,10,7443,Tecnologia,Alta,muito provável
2000fdbf-ee89-4b7b-9429-a728b7dc4683,Negociação,Fechamento,2025-08-04,3,24,6,16995,Serviços,Alta,muito provável
bd239713-8a17-4cab-86fb-9fa58912efb8,Conversa com o Cliente,Negociação,2025-02-28,2,5,2,30803,Saúde,Alta,muito provável
41a4d776-e58b-4f7c-b6f2-7ee2b433acbe,Negociação,Fechamento,2025-10-26,3,18,12,24714,Serviços,Média,muito provável
4fd18bf9-22cc-4f5e-ba23-d48ea70b289c,Negociação,Fechamento,2025-07-06,3,11,4,20675,Indústria,Alta,muito provável
af138d82-3b77-40cd-ad71-30d0f1bec1e2,Negociação,Fechamento,2025-10-29,5,23,2,29231,Indústria,Alta,muito provável
6ace92b5-77ec-4044-be38-bfc60bf5ddb5,Análise de Perfil,Análise de Perfil,2025-09-16,1,14,14,30664,Educação,Alta,muito provável
e276cde3-d24a-4e7e-8f0c-a6301a757524,Análise de Perfil,Conversa com o Cliente,2025-02-25,1,7,7,37627,Serviços,Alta,muito provável
61c01c00-18d6-4a2b-acbb-df6512f92a9c,Negociação,Fechamento,2025-04-07,3,31,11,30842,Educação,Média,muito provável
b3e334e4-a5d2-4b7e-9ecf-fef50974e11a,Análise de Perfil,Análise de Perfil,2025-03-04,1,3,3,20017,Serviços,Alta,muito provável
d0fc746c-74b8-4700-9993-6411c038c4fa,Negociação,Fechamento,2025-04-11,3,34,11,6580,Indústria,Média,muito provável
a1d3285f-c2f8-4d8a-9593-8b497be4134e,Negociação,Fechamento,2025-05-18,4,37,12,5923,Educação,Média,muito provável
c2e9e9f0-db28-4212-9e96-b2452ebb9c0b,Análise de Perfil,Análise de Perfil,2025-09-15,2,21,12,45414,Serviços,Alta,muito provável
eb600a1e-af2b-441b-8716-c29ad8409d91,Negociação,Fechamento,2025-04-08,5,54,15,39625,Serviços,Média,muito provável
073106d6-ed25-4dcc-84ba-4e66f0470419,Negociação,Fechamento,2025-10-25,3,17,5,44182,Educação,Alta,muito provável
70744773-5d9b-4fbf-a694-02fbf1324ea7,Fechamento,Fechamento,2025-06-30,5,36,6,28779,Saúde,Média,muito provável
3869b8b0-84af-450e-a33a-987ede01ed39,Fechamento,Fechamento,2025-08-20,5,34,9,46094,Serviços,Média,muito provável
f18d62cf-5295-4ced-9eb9-cd31244fc393,Fechamento,Fechamento,2025-02-22,7,45,12,45876,Educação,Média,muito provável
ed300fdd-8db6-4444-b017-e918559b07b3,Fechamento,Fechamento,2025-02-21,6,44,9,7990,Comércio,Média,muito provável
75fdd96b-4e76-405e-8be4-dcb08077d4bf,Análise de Perfil,Análise de Perfil,2025-10-02,2,30,15,46985,Educação,Alta,muito provável
004d793d-e653-44bb-9620-d2fcd50264d4,Fechamento,Fechamento,2025-08-27,5,44,7,37142,Educação,Média,muito provável
b33a8090-16f2-4797-9069-8dfee954b8bd,Fechamento,Fechamento,2025-07-25,5,36,12,49141,Saúde,Média,muito provável
a15062df-a0b8-4ced-b7ae-a7b0ab260386,Negociação,Negociação,2025-08-16,3,19,6,45143,Comércio,Alta,muito provável
819f91de-02fa-47b5-aa81-53e165a46499,Fechamento,Fechamento,2025-02-18,4,25,7,36909,Saúde,Média,muito provável
359045fc-c23c-4c0d-951f-b2a9d9c7ae61,Negociação,Fechamento,2025-09-30,3,37,10,27332,Saúde,Média,muito provável
e8b0d7c0-05a6-4847-8890-1fe67b7bbe52,Negociação,Fechamento,2025-07-03,3,32,15,12939,Tecnologia,Média,muito provável
99161216-7e8b-459b-8128-7ce4618aebff,Negociação,Fechamento,2025-10-21,5,46,7,8236,Serviços,Média,muito provável
4f63e0b8-ca7e-4ae8-83d7-2e643b7d283e,Negociação,Fechamento,2025-10-28,4,32,8,32138,Indústria,Média,muito provável
06e2b1eb-a476-4cc7-b2c2-fffdd07a7e68,Negociação,Fechamento,2025-06-25,3,29,11,22351,Indústria,Média,muito provável
effe69b6-8cce-4aac-bf32-f4a8cb885605,Negociação,Fechamento,2025-08-30,4,16,3,35947,Serviços,Alta,muito provável
9c227395-1886-4362-99f7-b9998d706848,Conversa com o Cliente,Negociação,2025-04-18,2,14,2,31006,Comércio,Alta,muito provável
cb51766e-8624-441b-9a10-330c0376faaf,Conversa com o Cliente,Negociação,2025-02-16,3,37,14,29823,Serviços,Alta,muito provável
cd943cd8-eb04-4325-9467-b2c07d0a8ce4,Negociação,Fechamento,2025-11-07,3,14,6,41636,Serviços,Média,muito provável
6d501c41-684e-46db-b697-e4325c6fcfbe,Negociação,Fechamento,2025-05-01,3,13,5,21779,Saúde,Média,muito provável
d797cb87-fb55-472b-83b4-bfed747184f6,Conversa com o Cliente,Negociação,2025-10-08,3,18,4,8096,Comércio,Alta,muito provável
0b72a9f7-e93f-4814-ae6c-0326458bc999,Negociação,Fechamento,2025-09-28,3,10,7,19292,Comércio,Média,muito provável
0659f871-6276-4631-9403-5e97afb5f70e,Negociação,Fechamento,2025-05-13,3,21,7,29619,Tecnologia,Média,muito provável
c685b1f1-78d0-4be7-9123-3e6b9ad746ca,Negociação,Fechamento,2025-10-30,4,9,1,37837,Comércio,Média,muito provável
621ff644-0103-45d9-983e-b475b67345f6,Negociação,Fechamento,2025-05-05,4,28,3,33102,Tecnologia,Alta,muito provável
1f6f67e0-62de-4e61-aca2-dfcdcb0abaf3,Negociação,Fechamento,2025-04-29,5,33,8,20017,Saúde,Média,muito provável
d4cc2fae-9e3f-49ec-bfc3-caa8d18d77fc,Análise de Perfil,Conversa com o Cliente,2025-03-09,1,5,5,21826,Educação,Alta,muito provável
cf93ef5e-f379-494e-90bf-1285ceb023aa,Fechamento,Fechamento,2025-05-15,7,71,15,22657,Educação,Média,muito provável
424e2f97-7ca1-4378-a435-754656ab0ed4,Fechamento,Fechamento,2025-08-11,8,61,2,34615,Serviços,Média,muito provável
5f86f6d3-717b-4323-baa0-ebc55a4fc53d,Análise de Perfil,Análise de Perfil,2025-10-20,2,14,5,49209,Comércio,Alta,muito provável
e11fbc86-658a-4759-813f-2cf81917ef41,Conversa com o Cliente,Conversa com o Cliente,2025-02-07,3,26,5,30003,Indústria,Alta,muito provável
ff480e2d-cacd-4269-ba99-01bfd1c33098,Fechamento,Fechamento,2025-04-07,6,50,1,29423,Tecnologia,Média,muito provável
ae252d05-60b8-4e0a-8559-4f1afc541944,Análise de Perfil,Conversa com o Cliente,2025-01-18,1,2,2,49440,Indústria,Alta,muito provável
7845b478-56c4-4d09-a263-dff83b97f1fc,Análise de Perfil,Conversa com o Cliente,2025-11-23,1,13,13,29624,Tecnologia,Alta,muito provável
d25e9eb1-9866-4c20-85b1-3a68fb030ed3,Análise de Perfil,Conversa com o Cliente,2025-01-08,1,3,3,45640,Tecnologia,Alta,muito provável
e0d0e15b-7c39-4ab0-84fb-54c0c4fde7a8,Negociação,Fechamento,2025-03-09,3,14,4,40926,Comércio,Média,muito provável
b643bdca-9c3b-4f1c-ac5d-29e184b3d522,Conversa com o Cliente,Negociação,2025-06-26,2,15,9,21992,Educação,Alta,muito provável
d280c1d8-a58d-4ac6-87d1-c48fc828ac1e,Análise de Perfil,Conversa com o Cliente,2025-11-02,1,5,5,21718,Saúde,Alta,muito provável
04f7c252-f701-4140-af45-c1d6058adb1d,Fechamento,Fechamento,2025-05-03,4,39,13,34644,Tecnologia,Média,muito provável
87e78670-8562-44e0-b1c5-8c2f06f1d2b1,Análise de Perfil,Análise de Perfil,2025-02-08,1,5,5,36752,Educação,Alta,muito provável
e43df93a-5b52-4ed2-bf30-62df53fd196e,Negociação,Fechamento,2025-02-27,3,13,5,26787,Serviços,Alta,muito provável
79306291-bb27-4642-a65f-c6d64a094795,Negociação,Fechamento,2025-03-10,3,27,2,35910,Educação,Média,muito provável
5be81550-6825-47c3-9c59-643e1c91adba,Fechamento,Fechamento,2025-08-04,6,40,4,46448,Indústria,Média,muito provável
2c6e0239-4e06-452c-81fa-3fdae0755fa6,Negociação,Fechamento,2025-04-28,5,39,7,29048,Comércio,Média,muito provável
a26e7b8f-73d2-49fd-9646-7283bc2ab434,Negociação,Negociação,2025-07-30,3,17,11,40100,Educação,Alta,muito provável
3fad3721-90b2-4b1c-beb3-d1e45778dae0,Negociação,Fechamento,2025-09-22,3,29,14,45766,Tecnologia,Média,muito provável
6f3e7335-149a-4050-b9e9-10d9053f9e0d,Negociação,Fechamento,2025-11-24,3,28,15,7683,Tecnologia,Média,muito provável
524ab252-6f96-4c84-9028-9c0e3c60ea71,Conversa com o Cliente,Negociação,2025-04-07,2,17,7,38931,Indústria,Alta,muito provável
861e5458-6ea0-4c86-b0b6-0fb11a08f2be,Negociação,Fechamento,2025-07-24,4,35,9,24945,Comércio,Alta,muito provável
fc65b73b-97e7-4647-87d2-d7940c71b475,Análise de Perfil,Análise de Perfil,2025-06-28,1,12,12,25941,Saúde,Alta,muito provável
3f261677-19eb-4915-ae77-3666a8842d1b,Fechamento,Fechamento,2025-11-15,5,33,2,30384,Serviços,Média,muito provável
8d9063e3-3ec9-4d6e-8f35-4636958beee5,Negociação,Fechamento,2025-06-30,3,23,8,22541,Indústria,Média,muito provável
b5609a86-62de-4284-8709-d4dd93727324,Fechamento,Fechamento,2025-11-16,4,26,4,13809,Serviços,Média,muito provável
c5e906e2-a4fc-4da6-a872-55b8e3265910,Análise de Perfil,Conversa com o Cliente,2025-02-18,1,1,1,16019,Indústria,Alta,muito provável
83af1575-198e-4e5b-bb0e-4ae49fc85b0e,Negociação,Fechamento,2025-06-30,5,34,9,5037,Saúde,Alta,muito provável
b71a24d1-6a09-426d-83f5-ff0fb213a0fa,Negociação,Fechamento,2025-06-29,3,11,1,13445,Comércio,Média,muito provável
e90cc149-5de5-49e0-857b-2f8bc6c4ea1f,Negociação,Fechamento,2025-06-17,4,28,13,35869,Serviços,Média,muito provável
9bb4c62e-2f00-4f45-b158-005210fdfdf0,Fechamento,Fechamento,2025-09-20,4,35,6,18996,Tecnologia,Média,muito provável
1a958ade-3909-4106-a03e-a383c66b8697,Negociação,Fechamento,2025-11-02,3,31,13,44012,Saúde,Média,muito provável
29cd3241-2c5b-469e-8d67-bb6ddf2e07d4,Fechamento,Fechamento,2025-11-25,4,35,7,22406,Tecnologia,Média,muito provável
e07ebb88-b7b8-477f-973c-83358a5c2089,Análise de Perfil,Conversa com o Cliente,2025-09-28,1,2,2,39193,Saúde,Alta,muito provável
33ae77e6-0b44-465a-9a6c-47a0331eac25,Análise de Perfil,Conversa com o Cliente,2025-05-21,1,9,9,46451,Indústria,Alta,muito provável
673a06f8-7189-449f-9065-778754544762,Conversa com o Cliente,Conversa com o Cliente,2025-11-06,2,20,12,21451,Tecnologia,Alta,muito provável
46821167-add1-4fc4-93d7-9a031ddbb7c6,Negociação,Fechamento,2025-07-23,4,8,1,30625,Comércio,Média,muito provável
47e10ded-570b-4c0f-956b-aaa66ab85bee,Análise de Perfil,Conversa com o Cliente,2025-05-24,1,2,2,16653,Serviços,Alta,muito provável
36662171-bb05-4f79-a9d7-7285f5deb203,Negociação,Fechamento,2025-12-17,4,24,10,6679,Indústria,Alta,muito provável
5df60c8c-a085-4d73-9d0a-6905b85bd372,Fechamento,Fechamento,2025-02-15,4,38,11,35347,Educação,Média,muito provável
19dbad78-0d0d-44e3-b034-dc35af2fe1b4,Negociação,Fechamento,2025-09-10,4,24,4,19088,Educação,Média,muito provável
8e36268f-58c8-47e7-a2e6-974ca399c08b,Fechamento,Fechamento,2025-08-07,4,20,4,34606,Indústria,Média,muito provável
a52f91ad-bea3-4a5f-981e-bec6eb3f0248,Fechamento,Fechamento,2025-09-30,6,44,10,49731,Indústria,Média,muito provável
8e1e9803-5deb-44bb-bbb1-46ab241d0005,Análise de Perfil,Conversa com o Cliente,2025-11-04,1,13,13,21960,Indústria,Alta,muito provável
0aaf332c-6b3d-4fae-a570-3e375f1fa455,Negociação,Fechamento,2025-11-10,4,24,6,13446,Serviços,Média,muito provável
e9a304f3-8356-4182-9ebc-33bce8543b22,Análise de Perfil,Conversa com o Cliente,2025-04-07,1,15,15,39913,Indústria,Alta,muito provável
bceadb74-63c6-400c-960a-db69cb90e89e,Negociação,Fechamento,2025-05-27,3,24,11,34699,Saúde,Média,muito provável
02de51ef-abc1-46d6-baab-88c68cd5c2e1,Análise de Perfil,Análise de Perfil,2025-06-09,1,6,6,16211,Tecnologia,Alta,muito provável
a7640064-9c9d-4b8e-9b1b-7eca0c7f12bf,Conversa com o Cliente,Negociação,2025-05-29,2,16,6,26048,Educação,Alta,muito provável
000ae1b7-825c-4a08-b973-a14c6c06a416,Negociação,Fechamento,2025-09-26,4,20,5,18572,Saúde,Alta,muito provável
bc6812ed-e52a-46fd-ad69-b8e37f025637,Negociação,Fechamento,2025-06-16,3,24,5,20135,Serviços,Média,muito provável
679e2c14-4276-4155-bf30-83f941a62642,Negociação,Fechamento,2025-10-15,3,38,15,35987,Saúde,Média,muito provável
c1c7713b-12b5-45bc-94a3-fd6584c11b54,Fechamento,Fechamento,2026-01-27,6,63,11,48827,Saúde,Média,muito provável
cbac0f8d-cd54-494e-8edf-c969c80d4217,Negociação,Fechamento,2025-09-29,4,33,1,36394,Serviços,Média,muito provável
1de40934-35d1-4e6e-953f-711d7b40926b,Negociação,Fechamento,2025-11-13,3,17,6,17149,Educação,Média,muito provável
62cded5b-fc57-4135-b4eb-d32197df9adb,Fechamento,Fechamento,2025-07-04,5,48,13,45896,Educação,Média,muito provável
898858e5-b8d3-40b1-a918-b65ec6a318a0,Fechamento,Fechamento,2025-09-06,5,36,14,27018,Serviços,Média,muito provável
89fe447b-17fe-426b-98a7-1c10d4ceb414,Fechamento,Fechamento,2025-02-25,5,37,7,16405,Serviços,Média,muito provável
1663dac3-85a4-4a7b-bbd6-75bbe39ec36c,Negociação,Fechamento,2025-11-02,4,30,15,11742,Indústria,Média,muito provável
caf0d451-638c-4f69-90b5-7426b75d7ed6,Negociação,Fechamento,2025-06-11,3,19,12,5606,Comércio,Média,muito provável
1967b114-3b94-45f4-bb83-602a782834d8,Fechamento,Fechamento,2025-11-28,7,78,9,21800,Educação,Média,muito provável
c91bad2a-f0f6-45c7-a017-f37dd9961cfb,Conversa com o Cliente,Negociação,2025-11-30,2,23,8,41671,Comércio,Alta,muito provável
1dd89418-94a3-4aae-b4bb-2462116bf39a,Negociação,Fechamento,2025-05-16,3,26,12,47413,Tecnologia,Média,muito provável
3f8158ab-3112-4479-aab9-16fd95e936de,Análise de Perfil,Análise de Perfil,2025-06-17,1,15,15,48917,Serviços,Alta,muito provável
c0d9410e-380f-45a3-ae59-1f8cc3a7278f,Negociação,Fechamento,2025-06-05,4,33,12,14509,Comércio,Alta,muito provável
df66f55e-c52d-46e6-8e0c-cfc2cf58abdf,Conversa com o Cliente,Negociação,2025-03-25,2,22,10,41972,Tecnologia,Alta,muito provável
f73a860e-d158-422f-80bf-3f2e34386618,Análise de Perfil,Análise de Perfil,2025-06-29,1,8,8,36816,Indústria,Alta,muito provável
4e74644f-8f73-4eb5-aebc-4169769da381,Conversa com o Cliente,Negociação,2025-08-10,2,21,12,45418,Educação,Alta,muito provável
7130e204-acbe-40a3-a828-e261e8d666a6,Negociação,Fechamento,2025-06-03,4,31,13,23954,Tecnologia,Média,muito provável
c231fb03-76c1-43f8-b088-330e2ebd2d7b,Conversa com o Cliente,Negociação,2025-09-11,5,38,12,10305,Educação,Alta,muito provável
65742949-cfca-412a-a18d-8a47b85730da,Conversa com o Cliente,Negociação,2025-04-28,2,21,11,10908,Serviços,Alta,muito provável
b7c27818-a74c-4064-ad3a-d63a4fb74339,Análise de Perfil,Conversa com o Cliente,2025-02-01,2,18,5,34319,Serviços,Alta,muito provável
ef67d568-b8a4-43e1-9e00-cf43234c5871,Análise de Perfil,Conversa com o Cliente,2025-05-15,1,4,4,13809,Educação,Alta,muito provável
a24f5c07-5370-4c0b-b24a-d2be0643b279,Análise de Perfil,Conversa com o Cliente,2025-11-12,1,11,11,8979,Educação,Alta,muito provável
744abe3b-3504-485f-8878-3eef9acfdc96,Fechamento,Fechamento,2025-09-26,8,72,10,36142,Serviços,Média,muito provável
e0483d86-3df9-4eb3-8983-2a16e05f3423,Fechamento,Fechamento,2025-04-17,4,33,7,45693,Comércio,Média,muito provável
05a467b0-956f-403c-a0d0-307c2649a3a6,Negociação,Fechamento,2025-04-03,3,32,13,25738,Indústria,Alta,muito provável
2386a08e-6053-4ca8-b673-0acdda376bca,Negociação,Fechamento,2025-10-27,4,49,15,11380,Serviços,Média,muito provável
b95c1854-c0d5-4752-a7c7-bdb2de5f0085,Análise de Perfil,Conversa com o Cliente,2025-06-09,1,12,12,16338,Educação,Alta,muito provável
1eb083a2-1448-4df4-9bd1-1c6c12c09a7b,Conversa com o Cliente,Negociação,2025-07-20,2,10,6,40239,Comércio,Alta,muito provável
6fb66987-1984-4289-b86a-220b599cdd7a,Negociação,Fechamento,2025-06-23,5,29,5,46732,Indústria,Média,muito provável
43ad4d0e-6e09-4d70-b864-25ea5eab489c,Fechamento,Fechamento,2025-06-26,4,30,9,12423,Tecnologia,Média,muito provável
69ad68ce-10d1-4885-bd0c-ce0074ad07cc,Análise de Perfil,Conversa com o Cliente,2025-07-01,2,13,11,12936,Comércio,Alta,muito provável
d309133f-79f2-45ff-938f-4636484668a1,Negociação,Fechamento,2025-11-18,4,27,12,5614,Saúde,Média,muito provável
2d0a5c82-bf66-4813-87b7-fa37456ddd9b,Fechamento,Fechamento,2025-05-30,5,34,9,43779,Educação,Média,muito provável
f5f49c85-7969-4657-850f-1890700d0062,Fechamento,Fechamento,2025-09-17,4,40,15,36032,Educação,Média,muito provável
f56600cd-18f4-4305-92c2-fce216e6121d,Fechamento,Fechamento,2025-04-21,4,48,14,34454,Serviços,Média,muito provável
02e3e67d-ab34-498c-92e4-02c03ce780cd,Análise de Perfil,Análise de Perfil,2025-05-17,1,11,11,5205,Educação,Alta,muito provável
f5b230c7-faf8-492e-b6d4-c914ce842024,Análise de Perfil,Conversa com o Cliente,2025-08-16,1,9,9,33911,Tecnologia,Alta,muito provável
b32e0e8e-d177-411e-8b7f-448818c58b03,Negociação,Fechamento,2025-12-20,4,31,1,27463,Tecnologia,Média,muito provável
c8a8daaa-7f6c-44dc-bab1-69785f77273d,Fechamento,Fechamento,2025-04-20,8,59,2,7596,Tecnologia,Média,muito provável
2a06584c-2cb4-4eee-935a-9e1dd496085f,Fechamento,Fechamento,2025-10-18,4,51,13,43467,Indústria,Média,muito provável
76290865-8c16-46b6-ac21-3230988abc88,Fechamento,Fechamento,2025-12-25,4,28,13,37482,Saúde,Média,muito provável
660293de-8ed0-4db1-aaf6-3ad515eea997,Fechamento,Fechamento,2025-04-06,4,26,4,19323,Serviços,Média,muito provável
e2cd5693-f83b-4c92-ac99-e6d6571d258e,Negociação,Fechamento,2025-04-15,3,18,2,17448,Educação,Média,muito provável
cac4ec35-1f1c-4c27-83bf-e02ed6239592,Fechamento,Fechamento,2025-08-14,5,43,11,23630,Serviços,Média,muito provável
2391e88a-a192-4540-b74e-3aa3810e20f3,Análise de Perfil,Análise de Perfil,2025-08-24,1,5,5,41349,Serviços,Alta,muito provável
95084c7f-7bf7-419f-99e0-9ecc1073fb18,Fechamento,Fechamento,2025-08-03,6,44,1,48678,Indústria,Média,muito provável
a8519531-a494-4d53-85fe-90d9e66d6391,Negociação,Fechamento,2025-03-04,3,23,4,37309,Serviços,Média,muito provável
2b5ca3fd-6aeb-4568-b8e3-a23d7df26109,Negociação,Fechamento,2025-06-14,3,33,14,14835,Saúde,Média,muito provável
01fac5a8-9afc-4fba-8c91-b923762fca5c,Fechamento,Fechamento,2026-01-01,5,48,13,13485,Serviços,Média,muito provável
3ea48795-5021-45d5-9e0a-b116e96c1a60,Fechamento,Fechamento,2025-07-09,5,32,9,26135,Saúde,Média,muito provável
be47fbc9-5236-42c6-b6ae-af2a60e3adb6,Negociação,Fechamento,2025-07-12,4,35,14,23044,Tecnologia,Média,muito provável
1e197a82-bbdb-4b34-9f4a-5301be060beb,Fechamento,Fechamento,2025-08-23,6,51,5,6788,Indústria,Média,muito provável
c3502181-1977-492d-bbb4-6ab6fa042433,Conversa com o Cliente,Conversa com o Cliente,2025-06-23,2,18,8,33515,Serviços,Alta,muito provável
1a9ffe16-7611-4ef6-94b9-eacb54a850d6,Negociação,Fechamento,2025-10-04,4,37,5,6070,Comércio,Média,muito provável
13249c5b-16db-4e7a-a008-0f0398e50345,Negociação,Fechamento,2025-07-19,3,34,12,14682,Serviços,Média,muito provável
f173420f-a216-41ad-ae9c-1b18fd766ea1,Negociação,Fechamento,2025-12-19,3,21,10,41758,Indústria,Média,muito provável
4f446213-b176-4611-b8eb-116fe495ce24,Análise de Perfil,Conversa com o Cliente,2025-06-18,2,17,6,43785,Comércio,Alta,muito provável
f6210ce2-06b0-4601-9e8c-e5ea496eb960,Análise de Perfil,Conversa com o Cliente,2025-11-30,1,15,15,28658,Saúde,Alta,muito provável
ae63d99a-c7a9-47d3-b695-5a29d5f596c4,Fechamento,Fechamento,2025-09-27,8,55,1,31970,Tecnologia,Média,muito provável
4763aaaa-a2ba-4b12-a4e7-ceaed1110fb5,Fechamento,Fechamento,2026-01-01,5,43,6,44325,Indústria,Média,muito provável
8fcdb81c-3bc6-4fdb-ba80-128403ab5a9b,Análise de Perfil,Conversa com o Cliente,2025-12-10,3,13,4,14103,Serviços,Alta,muito provável
16d4d625-8e19-4ee5-823d-45cef30a7c29,Negociação,Fechamento,2025-02-22,5,42,11,19419,Indústria,Média,muito provável
c74b0cdd-5dd6-46db-a87d-d06a5085329e,Fechamento,Fechamento,2025-05-14,5,37,7,25467,Saúde,Média,muito provável
fc048d93-ecfb-41a7-8278-24732cfa8caa,Análise de Perfil,Análise de Perfil,2025-02-01,1,9,9,44497,Educação,Alta,muito provável
eef2a38f-e789-4818-a09e-65917285b70c,Conversa com o Cliente,Negociação,2025-05-08,2,19,9,49489,Educação,Alta,muito provável
79273a82-477a-4326-874d-73cb30059dff,Análise de Perfil,Conversa com o Cliente,2025-09-16,1,8,8,20463,Indústria,Alta,muito provável
991f7fc6-9aff-4489-8d7f-1e1c69a00ca1,Fechamento,Fechamento,2025-07-04,4,38,10,21265,Serviços,Média,muito provável
77e055ba-115f-41d0-ae7e-cd62a373d682,Fechamento,Fechamento,2025-06-29,6,34,1,9850,Comércio,Média,muito provável
5059c65b-436f-4974-8c87-56834186b31d,Negociação,Fechamento,2025-04-26,4,34,9,40414,Educação,Média,muito provável
ed6ed33c-4270-4ecb-9dcf-a74fe380a35b,Fechamento,Fechamento,2025-03-17,7,52,2,37730,Educação,Média,muito provável
bb3a0ffd-cd24-41f7-b863-49ab8737adc7,Análise de Perfil,Conversa com o Cliente,2025-02-17,1,11,11,46554,Serviços,Alta,muito provável
c6f456d5-4f41-4d63-8f91-7813933339bd,Conversa com o Cliente,Negociação,2025-07-18,2,26,13,10798,Tecnologia,Alta,muito provável
c0c3025f-fa14-4f06-8239-54dd445c2a6d,Negociação,Fechamento,2025-05-06,3,31,4,42820,Saúde,Média,muito provável
b9a68563-9503-42a4-a5c8-477c7ede0ec7,Negociação,Fechamento,2025-10-02,4,24,3,23150,Comércio,Alta,muito provável
05d05d12-5588-43d9-95ea-41e420d9a9f8,Negociação,Fechamento,2025-07-07,4,30,4,19896,Comércio,Média,muito provável
c5d50a88-ca74-4b77-b7aa-e4d8c3b11622,Negociação,Fechamento,2025-05-06,3,32,11,15420,Serviços,Média,muito provável
f80fdfc6-bbb3-40ee-bc2f-3d1a076d7ab8,Análise de Perfil,Análise de Perfil,2025-02-20,3,19,3,5164,Indústria,Alta,muito provável
9e306b05-165e-456c-85a5-6301cd3cde4a,Negociação,Fechamento,2025-07-26,3,24,10,46336,Serviços,Alta,muito provável
4c1739cf-7197-430f-939a-a6f1d071e67b,Negociação,Fechamento,2025-09-28,4,34,6,14724,Serviços,Alta,muito provável
e1616316-0a16-4a73-8a8e-d8699cf31c55,Negociação,Fechamento,2025-11-30,3,25,5,29527,Saúde,Média,muito provável
5980e371-9cd9-44b0-b8aa-defefbea7a2f,Fechamento,Fechamento,2025-12-23,5,32,2,6738,Tecnologia,Média,muito provável
369912b3-1555-4d79-be12-7c46967af154,Negociação,Fechamento,2025-12-17,4,28,12,27327,Indústria,Média,muito provável
8488f8dc-7630-4825-a49a-41e3a1d6337a,Negociação,Fechamento,2025-11-11,3,30,12,42082,Tecnologia,Alta,muito provável
a5b6bbb2-a96f-4c95-86bf-394f111f492b,Negociação,Fechamento,2025-10-06,4,12,8,37575,Indústria,Média,muito provável
24c50233-6bf3-4b87-9447-ecb9c310d7bf,Conversa com o Cliente,Negociação,2025-10-05,2,14,5,13151,Saúde,Alta,muito provável
7db4e241-2c2f-4d6b-b4f9-4af78dc6379f,Conversa com o Cliente,Negociação,2025-08-13,2,24,12,48848,Serviços,Alta,muito provável
3f2bcd2c-c14e-4567-8661-e24791c195b2,Conversa com o Cliente,Negociação,2025-06-16,2,14,1,19587,Educação,Alta,muito provável
289b8ceb-8315-4739-b415-063d1c913f81,Fechamento,Fechamento,2025-10-05,8,75,13,16339,Indústria,Média,muito provável
a5ac9cb1-b12a-4add-a3f7-e6a236bdb294,Conversa com o Cliente,Negociação,2025-12-04,2,16,4,25093,Serviços,Alta,muito provável
be4e1472-a710-4df6-bd31-f25eabc1d0e3,Análise de Perfil,Conversa com o Cliente,2025-04-30,1,12,12,34384,Comércio,Alta,muito provável
93c39b27-bf10-4dc5-8228-e0220c3dd099,Fechamento,Fechamento,2025-12-24,5,44,14,16982,Comércio,Média,muito provável
a939223a-e591-431b-922d-a3e88bd19214,Análise de Perfil,Conversa com o Cliente,2025-05-22,1,13,13,38824,Indústria,Alta,muito provável
3945d2d4-1796-4fa8-b341-feb926e19823,Fechamento,Fechamento,2025-06-22,4,42,8,17697,Tecnologia,Média,muito provável
17d84dd6-a952-46fb-ab64-cad8d35006dd,Negociação,Fechamento,2025-03-25,3,25,9,34508,Tecnologia,Média,muito provável
fd1a23af-4fbc-4137-b1de-5adf761aad69,Fechamento,Fechamento,2025-03-03,4,29,12,44547,Educação,Média,muito provável
b2117af5-538e-438e-85bc-252e6b2d6f7e,Conversa com o Cliente,Conversa com o Cliente,2025-10-15,3,19,1,10597,Tecnologia,Alta,muito provável
482f9eca-3d95-4e89-94c8-e2da74982ee4,Análise de Perfil,Conversa com o Cliente,2025-06-16,1,3,3,10238,Comércio,Alta,muito provável
5e1c1cb4-3037-4b0c-82b6-1166abf487a6,Conversa com o Cliente,Negociação,2025-07-07,2,16,2,24718,Comércio,Alta,muito provável
d550296c-a942-4db8-b138-be9c0e5f5142,Negociação,Fechamento,2025-03-02,3,27,12,46397,Tecnologia,Média,muito provável
b26d16d2-14dc-4cb0-9d39-fe592f2ab6da,Análise de Perfil,Conversa com o Cliente,2025-05-18,1,4,4,39098,Serviços,Alta,muito provável
29185601-d63c-4a39-a6f8-a73d358eec7d,Negociação,Fechamento,2025-12-05,5,48,1,42215,Tecnologia,Alta,muito provável
e47ac723-5596-4bcb-a106-c82f45d4e269,Conversa com o Cliente,Negociação,2025-08-04,3,22,5,28260,Comércio,Alta,muito provável
4affb858-fad4-466d-a801-9dee6ffbedd0,Fechamento,Fechamento,2025-10-16,5,22,3,19592,Tecnologia,Média,muito provável
b35b7cbe-3cf2-4961-b338-cc60a63c35b9,Negociação,Fechamento,2025-11-12,3,20,13,13328,Indústria,Alta,muito provável
426f70c8-1aa5-44e4-9605-b2f55b62cacc,Negociação,Fechamento,2025-09-02,3,22,3,32272,Indústria,Média,muito provável
ddf3aff5-d2d5-4aba-acc6-a9913415f693,Análise de Perfil,Conversa com o Cliente,2025-04-13,1,4,4,14150,Comércio,Alta,muito provável
310af5df-23eb-4cb4-a540-f8ea3988b58a,Fechamento,Fechamento,2025-06-07,5,36,2,34564,Indústria,Média,muito provável
f84042ea-ff36-4817-9412-77d2b8b582d4,Fechamento,Fechamento,2025-11-11,4,31,3,9394,Indústria,Média,muito provável
33d24b06-7197-4d69-a173-45c3e7c44ca5,Conversa com o Cliente,Negociação,2025-04-16,3,29,10,27548,Tecnologia,Alta,muito provável
347a2ba3-0d96-4711-a879-070ebe23d05b,Análise de Perfil,Análise de Perfil,2025-09-03,1,12,12,44231,Educação,Alta,muito provável
ac890115-b0fc-4f58-9d42-da6a7eb20aa7,Fechamento,Fechamento,2025-06-15,6,36,2,14458,Educação,Média,muito provável
c90a311c-1547-46f3-a61a-d5cb308fe1c2,Negociação,Fechamento,2025-04-27,3,24,6,17867,Saúde,Alta,muito provável
60ebcaf6-d60c-4ef0-a705-d8f9a66c693c,Negociação,Fechamento,2025-12-05,3,29,15,23880,Comércio,Média,muito provável
12a24852-32f9-45a7-a042-37fdf90838b0,Fechamento,Fechamento,2025-12-04,6,52,12,13762,Saúde,Média,muito provável
72352a99-16b8-4c52-bd51-c17ed25e542c,Negociação,Fechamento,2025-04-18,3,10,5,36659,Serviços,Alta,muito provável
209f8661-7f90-4673-9694-d30504fcdfa1,Análise de Perfil,Conversa com o Cliente,2025-01-27,1,3,3,12438,Serviços,Alta,muito provável
76b1820d-9263-44a7-adfa-c79e5f76eae9,Negociação,Fechamento,2025-07-15,5,60,15,16571,Comércio,Média,muito provável
489b6273-b3ed-427e-80b4-b9b860317022,Fechamento,Fechamento,2025-11-18,6,42,12,42541,Serviços,Média,muito provável
650bbeb4-c189-468f-ba31-dea5ee9add10,Análise de Perfil,Conversa com o Cliente,2025-06-26,1,1,1,32123,Saúde,Alta,muito provável
5c6c22e7-9f09-4081-af3e-b50fa0dd0005,Fechamento,Fechamento,2026-01-22,6,57,7,39314,Indústria,Média,muito provável
5d0d05fa-367b-4e5e-bfab-381f12ac88ca,Negociação,Fechamento,2025-09-08,3,33,15,16490,Indústria,Média,muito provável
b9ad8cdf-eb47-4102-b2d8-94c232a29b47,Fechamento,Fechamento,2025-03-07,6,40,6,41322,Educação,Média,muito provável
05034bb4-0da7-42b2-adee-351fbd53055e,Análise de Perfil,Análise de Perfil,2025-01-20,1,4,4,8892,Saúde,Alta,muito provável
6af30305-7ee8-43d0-9061-f902540fa1b6,Fechamento,Fechamento,2025-03-05,6,51,15,11347,Saúde,Média,muito provável
3259dd81-b565-4433-a77a-cfbcfa08d53e,Fechamento,Fechamento,2025-02-22,4,11,5,20353,Comércio,Média,muito provável
0ecc1908-767d-47c9-90f6-536a89c511bd,Conversa com o Cliente,Negociação,2025-09-30,2,13,2,17027,Educação,Alta,muito provável
e7eb17eb-de8b-41d9-8120-8ff352d7f189,Negociação,Fechamento,2025-05-07,3,25,7,6650,Indústria,Média,muito provável
9c7287b1-92e0-480e-bd37-ff91a9dbbb65,Conversa com o Cliente,Negociação,2025-08-12,2,19,4,39114,Indústria,Alta,muito provável
b50ad82e-d30f-4b4e-aa8c-572c5bd04fb4,Fechamento,Fechamento,2026-01-13,5,60,14,42554,Educação,Média,muito provável
e778db75-61e3-42a2-8ef9-50c5f1811000,Fechamento,Fechamento,2025-11-12,5,38,2,33751,Serviços,Média,muito provável
0a679301-be41-443a-a50a-f3a7a9cac359,Conversa com o Cliente,Negociação,2025-11-15,2,18,6,20631,Serviços,Alta,muito provável
4977fa96-2d5c-4b4b-8b27-b37efdd13d78,Negociação,Fechamento,2025-11-25,3,36,12,24820,Comércio,Média,muito provável
61819e86-b803-44a1-9474-a58150e1ff4b,Análise de Perfil,Conversa com o Cliente,2025-11-01,2,16,12,5801,Comércio,Alta,muito provável
abccf75c-4fdb-4d80-b04a-7e633dc71ed3,Conversa com o Cliente,Negociação,2025-05-06,2,19,6,13147,Educação,Alta,muito provável
b974af6c-5cd3-4e20-84a3-3a81e6f82b0b,Fechamento,Fechamento,2025-08-04,4,29,7,45471,Saúde,Média,muito provável
87ab43e4-c996-4dcc-93e1-c39cf8e6ec55,Conversa com o Cliente,Negociação,2025-04-24,4,23,2,35061,Indústria,Alta,muito provável
6fa70db9-7689-4924-8bdd-130959326ba3,Conversa com o Cliente,Conversa com o Cliente,2025-09-08,2,16,1,46078,Comércio,Alta,muito provável
9607ec7b-a467-4fa9-a926-8d20dcb72283,Negociação,Fechamento,2025-07-11,3,36,14,18961,Indústria,Média,muito provável
f47cfba4-33a8-4ce3-8e86-28c1e1bfa266,Análise de Perfil,Análise de Perfil,2025-07-11,2,14,6,27485,Comércio,Alta,muito provável
86bf524f-83e4-491b-b2af-d46547d1ed86,Fechamento,Fechamento,2025-08-01,4,35,9,11349,Saúde,Média,muito provável
4290aad9-8ca3-436d-8360-1d93511625de,Conversa com o Cliente,Negociação,2025-11-30,2,17,3,25326,Tecnologia,Alta,muito provável
d8792486-0ce4-400e-8bd4-7848371c8b59,Negociação,Fechamento,2025-03-24,3,38,14,21062,Tecnologia,Média,muito provável
22eaf1f9-45ec-4f82-b534-fc2f740ade48,Análise de Perfil,Análise de Perfil,2025-04-19,1,2,2,33613,Tecnologia,Alta,muito provável
9ebeb013-fce7-45d8-a3c0-fb110cdf80e0,Negociação,Fechamento,2025-07-09,3,26,9,25450,Tecnologia,Média,muito provável
894a1a31-686f-46ab-ae6e-9e4423486e9f,Conversa com o Cliente,Conversa com o Cliente,2025-08-08,2,18,6,48345,Saúde,Alta,muito provável
c59a5982-fed0-4d18-bb1a-44ea289d2bb0,Análise de Perfil,Conversa com o Cliente,2025-02-28,1,15,15,25963,Comércio,Alta,muito provável
449d370c-a44a-4749-9bb4-b6bb60124d14,Fechamento,Fechamento,2025-09-29,6,63,15,26063,Serviços,Média,muito provável
e12862dc-d68b-4043-b862-659c4e127eb6,Negociação,Fechamento,2025-08-13,3,19,8,15547,Comércio,Média,muito provável
44269862-1e3c-4ef5-99b6-515183bab8c9,Fechamento,Fechamento,2025-05-17,5,55,5,43032,Comércio,Média,muito provável
cb549779-ac74-4e8f-abfe-d5e5f4513571,Negociação,Fechamento,2025-02-19,3,30,1,45891,Educação,Média,muito provável
9caa87c9-e87c-4fe0-9803-527d859da5d9,Conversa com o Cliente,Negociação,2025-07-01,2,13,11,7761,Saúde,Alta,muito provável
9199e503-cf26-41a2-8248-f9aedee149b6,Negociação,Fechamento,2025-08-21,4,35,2,39231,Serviços,Média,muito provável
c14c7308-ebcd-4d6f-ad22-52860ca65f30,Análise de Perfil,Conversa com o Cliente,2025-10-20,1,9,9,23945,Tecnologia,Alta,muito provável
678df5f6-27bd-4332-919d-5e32f76434d4,Conversa com o Cliente,Negociação,2025-09-04,3,23,14,29523,Indústria,Alta,muito provável
4ec1709b-2e49-4bbb-ad22-469a7867cd2a,Fechamento,Fechamento,2025-09-20,5,39,6,47117,Indústria,Média,muito provável
20518e75-1af9-4455-9fe0-cad12a8dd1b7,Fechamento,Fechamento,2025-07-22,6,49,1,25357,Comércio,Média,muito provável
1eab65d3-6398-427a-af82-1ec63c5fc6e2,Negociação,Fechamento,2025-12-06,5,47,15,24479,Tecnologia,Alta,muito provável
96f820e3-51ad-4c8e-bbee-6b7c5112e72e,Análise de Perfil,Análise de Perfil,2025-05-27,1,3,3,20930,Tecnologia,Alta,muito provável
fb5a11c5-dd94-4d1e-b50a-747428b9919b,Fechamento,Fechamento,2025-03-25,5,47,14,30544,Educação,Média,muito provável
e77c8b8b-719e-45b9-a958-4613fe031609,Conversa com o Cliente,Negociação,2025-05-22,2,27,12,21672,Comércio,Alta,muito provável
e565220e-55ed-4475-b020-0b57ab2a4b21,Análise de Perfil,Análise de Perfil,2025-02-17,1,2,2,20829,Tecnologia,Alta,muito provável
7063af17-149d-44bc-8fed-eeeaca8504e7,Fechamento,Fechamento,2025-11-25,5,46,5,33262,Saúde,Média,muito provável
24ff3986-3d59-4a74-8629-3a871e5e9b6e,Análise de Perfil,Análise de Perfil,2025-06-09,1,1,1,16641,Saúde,Alta,muito provável
a5d3093a-3dec-49ba-9afe-3577cccd8ca8,Negociação,Fechamento,2025-12-07,3,35,14,35561,Comércio,Alta,muito provável
06ddaa5c-5861-4d08-aac1-25e6050c62c9,Negociação,Fechamento,2025-07-04,4,46,11,35468,Educação,Média,muito provável
b09c64b1-0786-4f78-b47f-27293ef44c7c,Fechamento,Fechamento,2025-10-24,4,32,7,36300,Indústria,Média,muito provável
8e7dc6c7-75e4-4490-b1f4-c49be8b6691f,Conversa com o Cliente,Negociação,2025-02-15,2,10,5,37924,Tecnologia,Alta,muito provável
d3705268-46b4-4458-9cb9-45784fefdbde,Conversa com o Cliente,Negociação,2025-03-22,2,7,1,39386,Indústria,Alta,muito provável
da5a3993-0db6-4bff-b552-963b41aa4ca4,Análise de Perfil,Análise de Perfil,2025-09-22,1,11,11,17812,Comércio,Alta,muito provável
ffa31804-fd71-4e8a-a1fc-4470d768ecc4,Negociação,Fechamento,2025-11-24,4,44,8,20361,Saúde,Média,muito provável
8939a830-ba39-4809-a0dd-726b2e3c1c67,Negociação,Fechamento,2025-10-20,5,23,1,14716,Comércio,Média,muito provável
ec8b3281-9f43-45a7-ba05-94322a1dcde4,Fechamento,Fechamento,2025-05-15,6,59,15,8032,Comércio,Média,muito provável
51b50f40-d581-4d3b-9f42-59976603da65,Negociação,Fechamento,2025-05-24,3,31,3,44905,Indústria,Alta,muito provável
76de811a-61c8-4f01-8295-a6d978df5784,Negociação,Fechamento,2025-05-24,4,42,12,46756,Serviços,Alta,muito provável
c08254dc-5aed-45ef-a815-6132bc40477a,Negociação,Fechamento,2025-03-26,3,29,8,27245,Educação,Média,muito provável
e745a32d-23b0-41ef-8de8-a5b34cd75b37,Fechamento,Fechamento,2025-04-08,4,23,1,31799,Tecnologia,Média,muito provável
a47afc05-9256-4f62-910d-a2ca34f387f1,Negociação,Fechamento,2025-04-23,4,19,1,17418,Indústria,Média,muito provável
086dbb18-2534-4776-a18f-eec23e21be7f,Negociação,Fechamento,2025-10-16,4,25,15,13689,Saúde,Média,muito provável
95422d92-9d00-4e0c-8175-200263129a37,Negociação,Fechamento,2025-08-04,5,20,1,18964,Saúde,Média,muito provável
3aa6d140-4596-4b3c-a6a4-d25ecda94313,Análise de Perfil,Conversa com o Cliente,2025-10-26,1,9,9,40485,Tecnologia,Alta,muito provável
cfd8e356-61d9-49e5-bd98-e6656a9a6dcd,Análise de Perfil,Análise de Perfil,2025-02-27,1,11,11,18791,Comércio,Alta,muito provável
dcadd8af-0700-4062-8c6c-e51ab12cbf62,Fechamento,Fechamento,2025-02-20,5,13,2,27611,Serviços,Média,muito provável
5a584e93-1e96-40f7-9821-fe332a9ac55d,Conversa com o Cliente,Negociação,2025-03-11,2,21,13,10910,Comércio,Alta,muito provável
874360d7-196c-4e08-b5ae-b4a584f868de,Conversa com o Cliente,Negociação,2025-04-20,2,25,11,21194,Comércio,Alta,muito provável
a4625b3d-a85d-4569-9e00-a118d4b87a6a,Análise de Perfil,Conversa com o Cliente,2025-02-08,1,3,3,18715,Comércio,Alta,muito provável
fea4b4e3-fedf-4425-a9c5-fd5302b3eed3,Análise de Perfil,Conversa com o Cliente,2025-01-25,1,6,6,29969,Saúde,Alta,muito provável
41132cd1-3682-4588-a580-0cbe3ada9f6e,Fechamento,Fechamento,2025-03-20,5,41,3,18331,Tecnologia,Média,muito provável
485fb5c7-47af-491e-92b2-b171acd463de,Fechamento,Fechamento,2025-06-02,5,41,11,12556,Serviços,Média,muito provável
f4147767-f247-49b0-ad64-cd4089fdaf11,Negociação,Negociação,2025-12-05,3,21,9,46197,Serviços,Alta,muito provável
572ab5ad-3203-412d-af1e-514d1bc75ccf,Negociação,Fechamento,2025-08-23,5,48,7,48480,Comércio,Média,muito provável
bd2ba64f-07f4-4802-8f57-3b8164b42c1c,Análise de Perfil,Conversa com o Cliente,2025-05-13,1,1,1,18478,Tecnologia,Alta,muito provável
0f65d859-f4af-4f4c-8f27-cadb65eee088,Análise de Perfil,Análise de Perfil,2025-04-20,1,11,11,39170,Tecnologia,Alta,muito provável
66e471c2-6c77-499a-8948-58c75c978740,Análise de Perfil,Conversa com o Cliente,2025-08-08,1,13,13,6973,Serviços,Alta,muito provável
6aace149-7de0-45e3-9de1-cc93a8866800,Fechamento,Fechamento,2025-12-22,5,45,14,11779,Serviços,Média,muito provável
cefc2334-f9de-450a-8c6a-522004a33729,Fechamento,Fechamento,2025-12-13,6,54,12,39692,Indústria,Média,muito provável
33a851a3-bbfb-4bb4-97f1-7ce10102d5dd,Fechamento,Fechamento,2025-10-18,4,32,5,20687,Tecnologia,Média,muito provável
e302e19f-fe28-4b5e-b40d-ffbc2dc89635,Negociação,Fechamento,2025-07-13,6,56,5,39847,Tecnologia,Média,muito provável
877f009e-0f4f-458f-a860-bf39fe682820,Análise de Perfil,Análise de Perfil,2025-06-20,1,3,3,29937,Comércio,Alta,muito provável
84e5a13d-162b-45bc-9cd8-596774fa58b5,Análise de Perfil,Conversa com o Cliente,2025-07-13,3,18,4,20109,Indústria,Alta,muito provável
627231b0-310f-421f-9890-4dc14ad126dc,Fechamento,Fechamento,2025-08-15,5,44,9,20855,Saúde,Média,muito provável
f3531d01-1d1f-4684-b83c-6c626c422d5a,Análise de Perfil,Conversa com o Cliente,2025-07-14,1,1,1,42568,Serviços,Alta,muito provável
7a8515cb-3bea-4fb3-b7a3-618099f5f029,Análise de Perfil,Conversa com o Cliente,2025-04-03,1,8,8,7900,Serviços,Alta,muito provável
27bb6569-8d4d-47f1-9f92-94db897875f8,Negociação,Fechamento,2025-09-22,5,43,12,23740,Educação,Alta,muito provável
f2cf50dd-9145-49b0-a1b2-243a89a73561,Negociação,Fechamento,2025-04-16,3,37,15,26625,Indústria,Média,muito provável
73b39bf0-368b-4809-87cb-a0f4ebb99d27,Fechamento,Fechamento,2025-09-16,4,32,8,41867,Saúde,Média,muito provável
394455b9-a1ad-439b-bdf3-3e0da5bdead7,Negociação,Fechamento,2025-12-01,3,27,3,21279,Indústria,Média,muito provável
31d76747-b7e2-4713-8a8b-6f599ad4f153,Conversa com o Cliente,Negociação,2025-10-05,3,16,7,33776,Indústria,Alta,muito provável
25db7855-d1d8-4309-a78d-9b033dad0fe4,Negociação,Fechamento,2025-04-26,3,16,3,39200,Serviços,Alta,muito provável
fb650549-4881-4ca3-b744-b3fa09a232c3,Fechamento,Fechamento,2025-09-05,4,22,2,22049,Serviços,Média,muito provável
05176d87-700b-4205-b5da-fcba1058018f,Fechamento,Fechamento,2025-09-22,5,40,8,40972,Saúde,Média,muito provável
918a0ceb-673a-4de3-afba-e1dd11dacebc,Fechamento,Fechamento,2025-02-12,6,35,7,23361,Serviços,Média,muito provável
9ee89746-49ff-4561-97e8-7f89998ca85c,Fechamento,Fechamento,2025-10-15,4,37,5,34170,Comércio,Média,muito provável
36810b89-e26b-4eb0-a872-01e495d51d96,Análise de Perfil,Conversa com o Cliente,2025-08-13,1,12,12,30396,Saúde,Alta,muito provável
e19ea079-6b41-47ee-92fe-024d01fadea3,Conversa com o Cliente,Negociação,2025-01-14,2,8,7,21501,Serviços,Alta,muito provável
d6bf4896-4e22-434d-a8f3-894df6a1ed9a,Análise de Perfil,Conversa com o Cliente,2025-10-01,1,8,8,28324,Comércio,Alta,muito provável
18d1f894-5e85-4e46-9c81-c8838eceee09,Negociação,Fechamento,2025-07-20,3,13,5,19724,Serviços,Alta,muito provável
0c318fef-c80e-4150-b1b5-a8e7269c3f38,Negociação,Fechamento,2025-04-25,4,44,14,26095,Comércio,Média,muito provável
325a684b-3790-4563-adbe-31fe8a91cf38,Negociação,Fechamento,2025-05-12,3,26,7,20227,Saúde,Média,muito provável
e52ac797-f37f-44f0-a04d-6a45567b27c3,Análise de Perfil,Análise de Perfil,2025-08-18,1,5,5,26275,Indústria,Alta,muito provável
ef7b7e51-9791-4fc8-bc22-afa4afd597e1,Conversa com o Cliente,Negociação,2025-06-14,2,2,1,12433,Saúde,Alta,muito provável
189feec9-f179-4072-a5e4-cd25d6da7226,Fechamento,Fechamento,2025-04-20,4,33,15,35367,Serviços,Média,muito provável
09ca13d4-a668-40a5-9799-74f11ec46086,Análise de Perfil,Análise de Perfil,2025-08-18,1,12,12,7299,Indústria,Alta,muito provável
0bddb58b-69c2-4364-bb6d-3d7e36ca8e12,Negociação,Fechamento,2025-06-24,3,27,14,43764,Educação,Média,muito provável
91821a65-bbad-490d-851b-ddf55b3732ad,Análise de Perfil,Conversa com o Cliente,2025-05-01,2,23,11,6252,Indústria,Alta,muito provável
10097aad-36c3-4025-893e-d5eedef340cb,Fechamento,Fechamento,2025-03-18,4,33,8,34469,Serviços,Média,muito provável
ffe0e3cb-57a1-4d37-95c3-0ca5da0e0050,Negociação,Fechamento,2025-06-22,4,34,10,10160,Indústria,Média,muito provável
6e6b77ce-8c82-4e07-afa3-7b3dfb6c6e1d,Negociação,Fechamento,2025-05-06,4,32,12,11648,Indústria,Média,muito provável
2a597717-6e45-4bc3-a898-64e647ff51b6,Análise de Perfil,Análise de Perfil,2025-06-28,1,4,4,41288,Educação,Alta,muito provável
8f18b248-1cdc-453a-ab55-048ef7661b04,Conversa com o Cliente,Negociação,2025-10-21,2,13,7,23292,Saúde,Alta,muito provável
fa5ed382-9a48-4f65-aa05-70ffe17e546a,Análise de Perfil,Conversa com o Cliente,2025-01-22,1,12,12,40820,Saúde,Alta,muito provável
ce33c1ef-0f4f-4c41-98d4-a7b29e26ebda,Negociação,Fechamento,2025-03-29,3,18,9,25111,Tecnologia,Média,muito provável
393a3826-d91d-4e3f-9e3b-6dd6c47a2685,Negociação,Fechamento,2025-02-25,4,37,13,8147,Indústria,Alta,muito provável
1a13faa9-514f-478d-a07b-3848d778d16f,Negociação,Fechamento,2025-01-27,4,20,9,45662,Educação,Média,muito provável
b34c2d9b-e4e1-4d00-b8ed-212dd7587d19,Negociação,Fechamento,2025-02-18,3,16,13,38582,Tecnologia,Média,muito provável
ed17ceca-21b1-4f66-8bbc-7bc13370cfd0,Análise de Perfil,Análise de Perfil,2025-04-26,1,10,10,25288,Saúde,Alta,muito provável
7f720880-022b-443b-9c52-9432612e5c28,Negociação,Fechamento,2025-04-05,3,24,3,27299,Serviços,Alta,muito provável
a63b7055-f0d2-4b78-a9f1-2ff1704d9115,Análise de Perfil,Análise de Perfil,2025-07-19,1,12,12,38306,Comércio,Alta,muito provável
9be10d49-86bb-43b5-bd3f-941018bd3354,Fechamento,Fechamento,2025-08-21,6,54,8,30584,Comércio,Média,muito provável
5492756a-c31d-4835-8320-8e29b9f996b7,Análise de Perfil,Conversa com o Cliente,2025-04-07,1,4,4,16608,Tecnologia,Alta,muito provável
07159555-61f8-48ce-96fa-44ff1c9a9c97,Negociação,Fechamento,2025-03-19,3,13,1,42776,Indústria,Média,muito provável
aa7ea6ef-1e14-4dc3-bacd-dc842932f7f7,Análise de Perfil,Análise de Perfil,2025-02-06,1,10,10,37657,Comércio,Alta,muito provável
4238a307-e0e9-44c1-84c3-77fdf9e17f68,Negociação,Fechamento,2025-07-31,3,12,3,38233,Tecnologia,Média,muito provável
a0905838-cf28-4261-9f1c-6cc859255731,Análise de Perfil,Análise de Perfil,2025-02-16,1,13,13,7239,Tecnologia,Alta,muito provável
925b0af0-0043-465d-aafc-17c3192994d3,Fechamento,Fechamento,2025-02-23,5,42,11,21563,Serviços,Média,muito provável
8199da73-5efe-41bb-b4c8-2731f6f3696f,Conversa com o Cliente,Negociação,2025-02-17,2,26,11,5310,Tecnologia,Alta,muito provável
8b7b0ef9-0845-43e4-956a-4c853c508069,Negociação,Fechamento,2025-05-16,4,26,1,43705,Tecnologia,Alta,muito provável
727df7ec-eaf9-4431-a8d0-b611d6074189,Análise de Perfil,Conversa com o Cliente,2025-02-15,2,14,9,20471,Indústria,Alta,muito provável
e816af64-694c-403e-a80e-dab2d936e29c,Conversa com o Cliente,Negociação,2025-06-20,2,14,3,14943,Serviços,Alta,muito provável
6f597c06-7b2a-49b3-9e12-4187d363583c,Negociação,Fechamento,2025-09-19,4,39,12,22310,Educação,Média,muito provável
f5ba01cc-f706-4329-ae42-9a33728a8cb7,Análise de Perfil,Conversa com o Cliente,2025-11-13,2,17,14,14652,Comércio,Alta,muito provável
a24e7297-481d-47f2-a9a7-30c8d1bf48e9,Análise de Perfil,Conversa com o Cliente,2025-01-10,1,5,5,9036,Tecnologia,Alta,muito provável
ca5f695f-f598-4cc3-b8d4-252d452bda77,Negociação,Fechamento,2025-09-22,3,18,3,33933,Educação,Média,muito provável
67b95857-0a55-448b-80ca-c55d9fdd4b8a,Negociação,Fechamento,2025-06-13,3,31,14,45885,Educação,Média,muito provável
44be968e-007f-4159-b523-22084048b753,Fechamento,Fechamento,2025-10-11,4,25,8,20883,Educação,Média,muito provável
e7dbfc16-06ce-4b93-814e-8dfb3fc5f39e,Negociação,Fechamento,2025-05-30,3,19,8,10304,Educação,Média,muito provável
ca9061a4-025c-4375-a4d5-eb310a03ced4,Negociação,Fechamento,2025-05-01,4,15,4,13768,Indústria,Média,muito provável
195ffe4e-81be-4638-8d54-5340f4563678,Fechamento,Fechamento,2025-07-03,4,43,12,11208,Saúde,Média,muito provável
c9594a33-0004-4159-9900-9ac76e4727fc,Fechamento,Fechamento,2026-01-24,7,75,11,31044,Tecnologia,Média,muito provável
8688b56f-1b2f-44ab-bd34-c96de2ebf56f,Negociação,Fechamento,2025-09-19,3,35,14,13977,Saúde,Alta,muito provável
39e00648-506e-428e-acfb-c8e7eed433bd,Conversa com o Cliente,Negociação,2025-06-10,2,25,13,19385,Indústria,Alta,muito provável
c1d7df44-29c4-4af9-a6db-e85f59686009,Análise de Perfil,Conversa com o Cliente,2025-04-08,1,7,7,33781,Comércio,Alta,muito provável
68cc42c3-9681-4e5b-b176-62d6f4f76def,Negociação,Fechamento,2025-08-14,3,23,14,45204,Indústria,Média,muito provável
b3532b52-d940-40a3-8466-09dedfa21adc,Fechamento,Fechamento,2025-09-22,4,34,11,33532,Comércio,Média,muito provável
26873cb8-1078-45cf-89fc-147bbbfab2a9,Negociação,Fechamento,2025-07-27,5,37,10,45564,Tecnologia,Média,muito provável
f0d2376b-78f0-48ee-90c8-ffcc6da2d9e4,Negociação,Fechamento,2025-09-12,3,16,6,32353,Comércio,Média,muito provável
e5b26a4d-247e-460e-9444-846c0073f826,Fechamento,Fechamento,2025-09-21,6,48,14,43966,Serviços,Média,muito provável
a25a964d-3c59-4838-b2f6-c360331ef157,Fechamento,Fechamento,2026-01-16,5,49,14,19539,Indústria,Média,muito provável
05b9a352-c0c2-417d-81ef-8da018bfc804,Análise de Perfil,Conversa com o Cliente,2025-09-04,1,2,2,12923,Comércio,Alta,muito provável
9dd989df-a08f-409b-8332-ac00f1285806,Fechamento,Fechamento,2025-05-01,4,34,9,28758,Saúde,Média,muito provável
b4887290-7ec0-443f-a8bb-a534c6c9fbe8,Fechamento,Fechamento,2025-06-06,5,42,13,27047,Tecnologia,Média,muito provável
ed4c31f1-578f-4ccf-aa10-113ae9f73f62,Fechamento,Fechamento,2025-04-17,5,27,4,46970,Saúde,Média,muito provável
663c4b08-5312-47e7-b69b-932061b18520,Fechamento,Fechamento,2025-08-19,6,45,4,22172,Indústria,Média,muito provável
24302661-1957-4913-aae4-de5c6fe96c57,Negociação,Fechamento,2025-08-01,4,34,14,10011,Tecnologia,Alta,muito provável
b9711e4a-9b3d-4094-a7ef-c130e8c76a7c,Fechamento,Fechamento,2025-07-15,7,31,1,48896,Serviços,Média,muito provável
eb481faa-28f1-4322-b24e-2b7b6a9218e0,Fechamento,Fechamento,2025-03-21,5,33,6,46486,Comércio,Média,muito provável
bf576d8c-6f24-4d34-823a-8f3361e6b301,Análise de Perfil,Conversa com o Cliente,2025-09-21,1,11,11,37385,Comércio,Alta,muito provável
dcf35d3c-f347-4e37-83e6-2f307fb92a9b,Negociação,Fechamento,2025-08-05,6,43,15,40522,Tecnologia,Média,muito provável
0af2e6de-cab3-4813-aa3a-ce008338d557,Negociação,Fechamento,2025-11-05,4,42,13,49361,Comércio,Média,muito provável
3df5d934-0a18-40b9-9c5f-f33623c736a8,Conversa com o Cliente,Conversa com o Cliente,2025-04-18,4,42,1,27028,Indústria,Alta,muito provável
c14a5398-bd26-4c8e-a573-7cf73014b78d,Análise de Perfil,Conversa com o Cliente,2025-09-09,1,12,12,38983,Saúde,Alta,muito provável
cc5f8110-c411-4a8a-b7d0-67bbc0bcfdb5,Análise de Perfil,Conversa com o Cliente,2025-09-11,1,15,15,11297,Tecnologia,Alta,muito provável
c55a7f9a-c29f-41f0-8347-5f7c52d00cbb,Análise de Perfil,Conversa com o Cliente,2025-07-11,1,8,8,24777,Saúde,Alta,muito provável
6bec6d87-b3cd-455c-90a0-42f1ba4d2816,Fechamento,Fechamento,2025-10-19,5,33,1,39667,Educação,Média,muito provável
91c087c9-6135-4c6d-8902-a04ad268b856,Conversa com o Cliente,Negociação,2025-07-03,2,12,5,14150,Tecnologia,Alta,muito provável
36adbc0b-89a8-43f2-b16a-25ec3c851ed6,Negociação,Fechamento,2025-03-10,3,19,4,15393,Comércio,Média,muito provável
77e851d5-a1c2-4d98-a4bd-14cadb43725b,Negociação,Fechamento,2025-05-01,4,15,4,30210,Comércio,Média,muito provável
3380df81-32cf-4b40-889e-3e1d87da072f,Negociação,Fechamento,2025-08-01,3,29,2,36921,Comércio,Média,muito provável
e04d41fe-a8db-4d5d-b620-5249cca5aa84,Conversa com o Cliente,Negociação,2025-11-08,2,11,3,7364,Serviços,Alta,muito provável
a4665bb7-f2cf-4460-896c-29423f379ec6,Negociação,Fechamento,2025-11-12,3,25,7,9235,Serviços,Média,muito provável
2271ea63-18e6-4d29-b161-1303e81218bd,Fechamento,Fechamento,2025-08-14,6,41,3,33935,Serviços,Média,muito provável
bb164b09-d4d0-438f-a9cc-fdfeabbe2686,Fechamento,Fechamento,2025-05-30,5,26,2,42220,Serviços,Média,muito provável
954c8e0f-7ac8-4c72-bc4d-d9f5add9fbb8,Negociação,Fechamento,2025-03-09,3,41,15,46517,Indústria,Média,muito provável
e157459c-2116-474f-a1e9-982c4a07f835,Negociação,Fechamento,2025-09-12,4,19,2,22271,Saúde,Média,muito provável
46f3db5e-fafd-4b6b-94e4-2717ab4459b4,Fechamento,Fechamento,2025-03-11,5,52,6,10981,Comércio,Média,muito provável
ddaa914b-6867-4bbd-96b1-b236cd441231,Conversa com o Cliente,Conversa com o Cliente,2025-06-23,2,11,5,20774,Saúde,Alta,muito provável
9b49f932-37f7-4aa7-a041-612e03b9eb2a,Negociação,Fechamento,2025-08-29,3,24,8,35136,Indústria,Média,muito provável
343f3f24-e0a3-4f3c-99e0-9db3f1d804c8,Conversa com o Cliente,Negociação,2025-07-04,2,9,1,23333,Educação,Alta,muito provável
1749f76b-1930-4782-a36d-d9b0eb8d5bda,Análise de Perfil,Conversa com o Cliente,2025-07-17,1,4,4,32066,Educação,Alta,muito provável
97f13727-3376-4fcf-8051-da953ae059d1,Análise de Perfil,Conversa com o Cliente,2025-07-13,1,5,5,32967,Serviços,Alta,muito provável
58c79f41-7e4a-4255-87e0-999c38e358b1,Conversa com o Cliente,Negociação,2025-03-14,4,41,14,19844,Indústria,Alta,muito provável
7a0bc21f-d6e9-47c9-8b2f-8f2655de9d95,Negociação,Fechamento,2025-09-30,3,25,7,22251,Serviços,Média,muito provável
d04b0945-a536-4d17-9efb-467542b1ae99,Conversa com o Cliente,Negociação,2025-10-09,3,19,5,38622,Indústria,Alta,muito provável
2ceab337-90f8-4ee3-b1ef-eb3c0a598cf4,Fechamento,Fechamento,2025-06-28,6,61,12,9987,Indústria,Média,muito provável
fc5f66aa-4937-41bb-834f-39e7c29cd5ff,Negociação,Fechamento,2025-06-26,4,32,2,37995,Indústria,Média,muito provável
d88d0d1b-a1d8-408e-aed3-8f9c062ba259,Fechamento,Fechamento,2025-06-14,8,63,9,24009,Tecnologia,Média,muito provável
90660c32-799b-4a90-af5c-2a8ef5aac573,Negociação,Fechamento,2025-12-17,3,26,10,20468,Tecnologia,Média,muito provável
83ff46dd-bc2e-4b70-b9d0-76861fe4c68f,Negociação,Fechamento,2025-10-23,4,38,1,33996,Indústria,Média,muito provável
ff663dfe-b77c-4d94-8e4c-92be60ea9015,Fechamento,Fechamento,2025-04-16,6,57,11,42297,Comércio,Média,muito provável
6dc64811-74cc-4b26-90a2-871fef6511fb,Conversa com o Cliente,Conversa com o Cliente,2025-05-20,2,13,5,46057,Tecnologia,Alta,muito provável
fe94e9b4-af45-40bc-8cd8-6b683854969e,Negociação,Fechamento,2025-03-18,3,12,3,22055,Tecnologia,Média,muito provável
32ebfeb0-9eec-4920-bd09-64e68f524e2b,Análise de Perfil,Conversa com o Cliente,2025-04-09,1,7,7,15724,Serviços,Alta,muito provável
76d0a760-327d-4201-9a99-0c28f466187e,Análise de Perfil,Análise de Perfil,2025-04-22,1,11,11,23684,Educação,Alta,muito provável
49cdbf43-6d46-4236-9849-a0b9e65de2bc,Negociação,Fechamento,2025-08-15,3,19,8,21736,Indústria,Média,muito provável
84071873-5acc-4da8-86b6-a5bcb70cd967,Negociação,Fechamento,2025-10-06,3,27,14,48412,Tecnologia,Média,muito provável
85584d83-349f-4c3b-9e24-176eab056a1a,Negociação,Fechamento,2025-08-02,3,31,11,5199,Tecnologia,Média,muito provável
9c84e9db-cba2-4540-a018-4fd82ed82942,Análise de Perfil,Conversa com o Cliente,2025-10-11,1,13,13,36321,Indústria,Alta,muito provável
4de5f58b-6ef2-47b7-b491-ac185c7d07cb,Análise de Perfil,Análise de Perfil,2025-03-09,1,9,9,27164,Educação,Alta,muito provável
d3fffb06-894e-4d45-a70a-a682d7445876,Negociação,Fechamento,2025-10-19,6,41,14,9619,Serviços,Média,muito provável
d7eaa92e-c2c3-4f4b-8062-1fc51c12c5c6,Negociação,Fechamento,2025-09-13,4,34,6,22778,Indústria,Média,muito provável
736b3476-e5b6-4dae-84d1-fad0715c3238,Análise de Perfil,Conversa com o Cliente,2025-11-30,2,12,3,18371,Serviços,Alta,muito provável
3e22d4c6-dee6-4100-9584-30072c38b361,Fechamento,Fechamento,2025-08-09,4,16,6,45463,Tecnologia,Média,muito provável
10f042df-ab96-4182-9323-f3228c749b00,Fechamento,Fechamento,2025-07-30,6,49,13,41202,Comércio,Média,muito provável
78cc063d-4d4e-4784-a2ea-7cb119dc9443,Fechamento,Fechamento,2025-07-25,4,35,15,16536,Tecnologia,Média,muito provável
a195c33e-d6b3-4af2-92c1-f17e73fb14c5,Fechamento,Fechamento,2025-07-08,4,23,6,39919,Tecnologia,Média,muito provável
59f4ec58-fe37-433e-9eb6-1cb50a811146,Negociação,Fechamento,2025-09-07,4,32,2,10084,Educação,Média,muito provável
db020239-98cc-4519-98e6-c44852ad5c0a,Análise de Perfil,Conversa com o Cliente,2025-07-16,1,10,10,29611,Serviços,Alta,muito provável
8ce8776b-8a23-406a-941f-464bf420b93c,Análise de Perfil,Conversa com o Cliente,2025-03-18,1,10,10,6619,Educação,Alta,muito provável
0726a614-5072-4a88-9f6a-207ec57b991e,Fechamento,Fechamento,2025-12-11,4,40,10,40788,Comércio,Média,muito provável
7e07df9e-a668-4818-9b6d-c83b8be8d4a4,Fechamento,Fechamento,2025-12-12,4,37,7,42581,Indústria,Média,muito provável
446d7c44-aaab-41f1-a9a6-0705ebe66760,Negociação,Fechamento,2025-04-16,4,24,7,29497,Tecnologia,Alta,muito provável
ab24b90f-0801-45ca-9acd-ce4cbb04784f,Negociação,Fechamento,2025-06-03,3,17,9,10710,Educação,Média,muito provável
44820f8e-bef1-4991-a9de-815282b8454f,Fechamento,Fechamento,2025-12-17,7,35,6,39494,Saúde,Média,muito provável
936f77f5-e9bd-45c3-ade4-a9ee396fd9e6,Fechamento,Fechamento,2025-05-19,7,59,7,43822,Indústria,Média,muito provável
bc3fc626-316e-4d9e-b1e9-69ec501d83bf,Fechamento,Fechamento,2025-06-09,5,55,8,10012,Comércio,Média,muito provável
2dcfa9d1-fd12-4301-a2b7-a2545a0f88c6,Negociação,Fechamento,2025-12-04,4,26,5,14351,Educação,Média,muito provável
4bdf72c5-faf5-4f61-b8c1-1ef4feb2e9f4,Análise de Perfil,Conversa com o Cliente,2025-11-17,1,14,14,34217,Comércio,Alta,muito provável
de7437be-fb06-4b7d-a8fd-ca500e5e62fb,Conversa com o Cliente,Negociação,2025-02-13,2,23,14,36210,Educação,Alta,muito provável
eea6892c-d5cf-4677-89cb-46b976d461d5,Negociação,Fechamento,2025-07-29,3,16,9,5866,Indústria,Alta,muito provável
0aa57e72-5145-474b-a903-9475d4f4dc6c,Fechamento,Fechamento,2025-04-13,6,51,11,34523,Tecnologia,Média,muito provável
f3946f29-6a06-450a-9ba7-9c40e638f7be,Negociação,Fechamento,2025-12-18,4,39,13,46037,Saúde,Alta,muito provável
cfa475e8-3591-4398-b95c-bd2702bfc4e4,Análise de Perfil,Conversa com o Cliente,2025-10-11,2,17,10,47502,Educação,Alta,muito provável
eb5893b4-4851-429d-a933-fd48974550cc,Negociação,Negociação,2025-01-31,3,21,5,42095,Serviços,Alta,muito provável
5ba01436-ba1e-466f-bd4d-ad8efeddad62,Negociação,Fechamento,2025-07-16,3,30,8,7450,Indústria,Alta,muito provável
b68f4439-767a-46da-9aa6-a03cececc6e7,Análise de Perfil,Conversa com o Cliente,2025-10-21,1,2,2,12851,Comércio,Alta,muito provável
2d4cee5f-641e-4482-98c3-1b28043d046a,Negociação,Fechamento,2025-09-14,4,34,8,37266,Serviços,Média,muito provável
1527f9c7-747c-43d9-81e1-185b78c9d803,Análise de Perfil,Conversa com o Cliente,2025-06-23,1,8,8,34299,Indústria,Alta,muito provável
3e798ee9-a708-4813-9067-fde2453dfed4,Análise de Perfil,Conversa com o Cliente,2025-06-07,1,1,1,12031,Educação,Alta,muito provável
61b6608b-e13c-4ddb-8dad-aa1d38de34f7,Análise de Perfil,Conversa com o Cliente,2025-11-09,1,12,12,47999,Educação,Alta,muito provável
070d9806-8a69-40f9-b489-cc289215a49c,Negociação,Fechamento,2025-08-15,4,19,2,40900,Comércio,Média,muito provável
252f1a4c-9816-4071-9f7f-9792bcc619ec,Análise de Perfil,Análise de Perfil,2025-01-21,1,10,10,12894,Saúde,Alta,muito provável
f18c743e-3886-407e-8dd6-040623375efe,Negociação,Fechamento,2025-06-04,3,29,14,19156,Comércio,Média,muito provável
904d56fd-a8e6-46d6-abb3-5bb3a221637b,Fechamento,Fechamento,2025-02-23,5,35,7,49459,Comércio,Média,muito provável
7d1dc69b-e977-4ddf-9e9b-e1d1248e8634,Negociação,Fechamento,2025-09-21,3,36,15,25548,Tecnologia,Média,muito provável
7b5dfe6a-8d23-48cb-b577-3b198cd11661,Fechamento,Fechamento,2026-01-05,5,39,14,19351,Tecnologia,Média,muito provável
58264741-a453-450e-9d43-ae0d36833cbb,Negociação,Fechamento,2025-03-23,3,31,13,14795,Educação,Média,muito provável
b9e43f52-8fd8-4009-9b42-e295a6a78386,Análise de Perfil,Análise de Perfil,2025-07-24,1,5,5,23362,Comércio,Alta,muito provável
b4661fad-a5d1-4f11-a22e-da5bdce7090d,Negociação,Fechamento,2025-07-25,5,37,12,14469,Tecnologia,Média,muito provável
bc20e0f9-5439-4526-8972-a39d677acc15,Negociação,Fechamento,2025-04-27,4,38,14,32038,Tecnologia,Média,muito provável
41690f5a-83df-4bc2-87cf-d60fc6f5bbd6,Fechamento,Fechamento,2025-11-06,5,26,12,9776,Tecnologia,Média,muito provável
915fb313-a2a8-42d7-81f4-8faa7d4760b8,Conversa com o Cliente,Negociação,2025-05-10,2,24,10,6004,Tecnologia,Alta,muito provável
cb63d762-9fd8-4e69-b036-37856c54f88b,Negociação,Fechamento,2025-09-02,3,28,15,25367,Tecnologia,Média,muito provável
96a66918-a47f-4533-8b26-eee5d7df7767,Negociação,Fechamento,2025-12-06,5,43,10,49455,Educação,Média,muito provável
ceff3a80-cf7e-42d8-80d9-5c8fc6067626,Fechamento,Fechamento,2025-03-17,4,36,10,40975,Saúde,Média,muito provável
a4a61f18-b803-42aa-9976-182d29dbea58,Negociação,Fechamento,2025-11-17,4,28,4,9759,Serviços,Alta,muito provável
f85b069d-1c59-4996-8e7f-67e4660d5428,Negociação,Fechamento,2025-07-30,5,53,15,22414,Tecnologia,Média,muito provável
339e99ab-1d2a-4f65-8fc2-5b4861548b80,Negociação,Fechamento,2025-04-07,3,22,11,11383,Comércio,Alta,muito provável
f69f5a09-700b-4285-93aa-7229be23d13b,Fechamento,Fechamento,2025-12-03,6,42,9,9273,Indústria,Média,muito provável
d54a6189-205d-4940-ad31-613fa3e8690b,Conversa com o Cliente,Negociação,2025-07-01,2,15,4,7566,Saúde,Alta,muito provável
d4239f6b-1b2e-422a-8264-5b07b017daca,Conversa com o Cliente,Negociação,2025-12-19,5,21,3,10382,Indústria,Alta,muito provável
f36af139-7c0c-4ec3-8573-a2ab996f6620,Negociação,Fechamento,2025-07-02,3,38,15,18701,Tecnologia,Média,muito provável
d2faa430-37be-440f-8688-b5c9492c9ab4,Análise de Perfil,Conversa com o Cliente,2025-07-29,1,6,6,5766,Educação,Alta,muito provável
b5c9c215-e98a-4383-922d-ae494d233ead,Fechamento,Fechamento,2025-10-07,4,34,2,23558,Indústria,Média,muito provável
facf05d1-8c0b-4946-a63d-f05200e08189,Negociação,Fechamento,2025-05-16,5,31,11,45568,Saúde,Média,muito provável
fbf20ec8-4545-4f02-aa7a-e111039ae5b4,Negociação,Fechamento,2025-03-04,6,51,9,46847,Tecnologia,Média,muito provável
a9251955-ec45-4c70-a7e7-99c16bc574be,Negociação,Fechamento,2025-09-05,5,34,10,48743,Tecnologia,Média,muito provável
6da138be-6bd5-4bfa-8ab0-9d6233e0f1c8,Negociação,Fechamento,2025-05-29,5,40,6,12134,Indústria,Média,muito provável
dbb6403c-f1ca-4b62-9c4d-57f9ff42ba7b,Negociação,Fechamento,2025-05-26,3,12,2,18776,Indústria,Alta,muito provável
59dee3f2-31d9-4f35-a8c3-1cd74d892d42,Negociação,Fechamento,2025-08-29,4,26,1,19093,Serviços,Média,muito provável
b9d27d77-4106-42fa-b1c3-167437258823,Conversa com o Cliente,Conversa com o Cliente,2025-08-05,2,13,10,48854,Educação,Alta,muito provável
2a910e95-9e28-4d1f-b03b-585214913062,Fechamento,Fechamento,2025-06-14,5,47,13,35309,Indústria,Média,muito provável
df6ce82e-4956-440f-9d82-7ac3f9f96f9a,Análise de Perfil,Conversa com o Cliente,2025-07-04,1,11,11,48116,Tecnologia,Alta,muito provável
b9f3a729-1190-40db-8352-e68dd76647f3,Negociação,Fechamento,2025-07-07,5,16,1,34956,Comércio,Média,muito provável
c8d5a666-ff15-4c43-9339-1255fb852608,Negociação,Fechamento,2025-03-27,3,29,9,36128,Tecnologia,Média,muito provável
33e9e2b7-9acd-4690-b7ba-2e5cb162dcde,Conversa com o Cliente,Negociação,2025-04-06,2,10,6,46609,Serviços,Alta,muito provável
ffba007b-641a-44ca-af31-a1377bc36577,Negociação,Fechamento,2025-03-19,3,29,7,25376,Comércio,Média,muito provável
6d8b280e-3090-4ffa-b409-949181f291b8,Análise de Perfil,Conversa com o Cliente,2025-02-26,1,14,14,11441,Tecnologia,Alta,muito provável
d75dce0e-6f64-45d3-9ee6-7e1eaf211568,Negociação,Fechamento,2025-12-15,3,38,14,24380,Tecnologia,Alta,muito provável
775bcc2e-6dd7-484a-a574-deb94c526d0e,Negociação,Fechamento,2025-03-14,3,18,8,40581,Indústria,Alta,muito provável
e5bbe953-6e55-470e-b720-8ba6df6a8f38,Negociação,Fechamento,2025-06-18,3,25,9,33561,Indústria,Média,muito provável
c5c5f775-f225-4249-b9c3-6d99276b73a6,Negociação,Fechamento,2025-12-01,4,34,6,6563,Educação,Média,muito provável
ddc23d89-2a11-402d-bd22-7acea547eadf,Fechamento,Fechamento,2025-09-01,5,40,5,15990,Educação,Média,muito provável
d3c32f05-06d9-488d-bf91-6a83619dafd7,Fechamento,Fechamento,2025-10-02,7,47,1,25044,Tecnologia,Média,muito provável
a8f4acc0-5feb-40ba-bb43-585bd6264db7,Negociação,Fechamento,2025-04-03,4,30,1,28217,Serviços,Média,muito provável
f4cb61ee-386b-4b21-a055-f60e21c2ce23,Conversa com o Cliente,Conversa com o Cliente,2025-07-05,2,21,8,31331,Comércio,Alta,muito provável
c166e321-6bff-45cc-86d3-d013657b971f,Análise de Perfil,Conversa com o Cliente,2025-08-05,1,10,10,16647,Serviços,Alta,muito provável
f12444d4-a336-4039-954b-ba2ec33e80ba,Negociação,Fechamento,2025-08-16,3,23,6,46098,Saúde,Média,muito provável
8c3cb4bf-18c8-463d-98a5-418fa8160b53,Fechamento,Fechamento,2025-08-06,4,42,8,47859,Serviços,Média,muito provável
8d57660a-a874-475c-b2ce-ffd1e2968876,Negociação,Fechamento,2025-05-15,4,20,13,22274,Serviços,Média,muito provável
9f8fe1be-c97d-4562-805a-e2330bde0642,Negociação,Fechamento,2025-12-13,4,36,9,48245,Comércio,Média,muito provável
ad7611fd-4592-4cdb-8d9f-61699be60114,Análise de Perfil,Conversa com o Cliente,2025-06-15,1,9,9,39962,Educação,Alta,muito provável
cb1dde7a-2404-4999-830a-d1a8d8466fde,Fechamento,Fechamento,2025-08-07,4,26,3,9923,Tecnologia,Média,muito provável
b4963f85-9c9a-4a55-9730-69c50cba9d0a,Negociação,Fechamento,2025-12-08,3,27,8,23150,Saúde,Média,muito provável
df82f075-f3b3-4ea9-a972-368d422ce65e,Negociação,Fechamento,2025-09-01,3,30,15,45231,Indústria,Média,muito provável
df1d103e-8576-48fb-bba7-aefb7525abbf,Conversa com o Cliente,Negociação,2025-03-17,2,16,9,48278,Indústria,Alta,muito provável
0dc8ff04-74b4-4c17-a0cb-c6389d9a8604,Negociação,Fechamento,2025-06-30,3,39,15,44341,Tecnologia,Alta,muito provável
a664e39c-931e-4bd1-a9a7-71881d378bb2,Análise de Perfil,Conversa com o Cliente,2025-06-27,1,15,15,18363,Comércio,Alta,muito provável
1ede85c6-4461-41bd-9ecb-e293586f4dde,Fechamento,Fechamento,2026-01-15,5,52,15,39656,Saúde,Média,muito provável
cdae4d60-de73-4162-bd6c-db0548cb4bd9,Conversa com o Cliente,Negociação,2025-11-08,4,23,3,38093,Tecnologia,Alta,muito provável
1f003094-48fb-493d-b25a-1f0ff4e20a68,Negociação,Fechamento,2025-11-15,4,28,1,41845,Educação,Média,muito provável
9af8b9ed-9c11-4e1e-a1c2-9034b777aeef,Fechamento,Fechamento,2025-05-24,4,40,12,37546,Indústria,Média,muito provável
a4349667-9374-4856-9ba7-e486810933db,Negociação,Fechamento,2025-09-09,4,24,3,38531,Comércio,Média,muito provável
755c479b-210a-403a-9944-3a071fac6752,Conversa com o Cliente,Negociação,2025-07-14,2,27,15,37444,Educação,Alta,muito provável
e32ed536-c3db-4479-b6e2-933755fd7086,Negociação,Fechamento,2025-04-27,4,35,11,21903,Tecnologia,Média,muito provável
76e0626f-582a-4fa1-ae4b-31d259f9a3eb,Fechamento,Fechamento,2025-12-18,6,46,7,45807,Indústria,Média,muito provável
7278888c-47b0-438d-8204-f224d805411d,Fechamento,Fechamento,2025-03-18,4,45,13,48624,Serviços,Média,muito provável
2eac91ab-9b7d-4431-93a4-e361070e6b1e,Fechamento,Fechamento,2025-09-02,5,29,2,21604,Saúde,Média,muito provável
51ba75db-f40f-4cf2-b658-41eea68d21cb,Fechamento,Fechamento,2025-12-16,4,33,11,28172,Serviços,Média,muito provável
2bb794fa-a1db-400c-bf85-8e19a30315d9,Fechamento,Fechamento,2025-07-06,6,48,10,26359,Educação,Média,muito provável
61979411-b0e7-47bf-9d95-8faae03ebdaf,Fechamento,Fechamento,2025-10-11,7,30,1,25075,Educação,Média,muito provável
42690709-860c-49bf-8192-1b85f6659442,Conversa com o Cliente,Negociação,2025-08-01,2,26,12,22486,Indústria,Alta,muito provável
8e2ac40e-f7a0-4f27-9b35-b915acfba58a,Negociação,Fechamento,2025-09-29,6,47,12,39614,Comércio,Média,muito provável
c35a55b7-d7ad-42bb-b48f-ff6b568f38cf,Análise de Perfil,Análise de Perfil,2025-05-05,1,8,8,27361,Serviços,Alta,muito provável
f41d40b9-185a-4206-8dbc-2c32c4d4559e,Análise de Perfil,Análise de Perfil,2025-02-04,2,9,3,43571,Tecnologia,Alta,muito provável
c6058649-4f55-408f-a6c5-585da2a2638d,Conversa com o Cliente,Conversa com o Cliente,2025-02-22,2,17,10,34077,Serviços,Alta,muito provável
72964707-1668-4572-9573-107dd0de4676,Análise de Perfil,Conversa com o Cliente,2025-09-14,1,12,12,15695,Educação,Alta,muito provável
96e654fc-fc51-4666-ae24-3ddad1019fd1,Análise de Perfil,Conversa com o Cliente,2025-01-09,1,4,4,25615,Comércio,Alta,muito provável
2b53c632-340a-4b01-8f63-03a7477e9444,Conversa com o Cliente,Negociação,2025-02-23,2,9,3,23454,Comércio,Alta,muito provável
7d469c1d-b28a-452f-b4d5-0f3af19f3022,Negociação,Fechamento,2025-07-16,3,12,6,37513,Comércio,Alta,muito provável
