history_id,from_stage,to_stage,moved_at,total_moves,days_since_creation,current_stage_duration,value,sector,prioridade,target
4b5e0b58-407b-45b8-9b31-b3fab5a88f2c,Análise de Perfil,Análise de Perfil,2025-09-01,1,5,5,47153,Indústria,Média,provável
d7779a9f-65f5-4e00-ac87-a2711192bfd8,Análise de Perfil,Análise de Perfil,2025-09-04,2,8,3,47153,Indústria,Média,pouco provável
a843aae0-e22a-40c6-a16f-d2d970b95c4f,Análise de Perfil,Conversa com o Cliente,2025-09-12,3,16,8,47153,Indústria,Média,provável
082780fc-50da-45b1-bbe1-7306f528e86c,Conversa com o Cliente,Conversa com o Cliente,2025-09-27,4,31,15,47153,Indústria,Média,pouco provável
f4a2244d-247e-4071-8c43-d7922b138802,Conversa com o Cliente,Negociação,2025-10-05,5,39,8,47153,Indústria,Média,provável
b9654397-8fc1-48cf-b003-0a8cc650add9,Análise de Perfil,Conversa com o Cliente,2025-08-30,1,14,14,18368,Comércio,Média,provável
4b3d5a25-69f5-4755-a755-1d5943912591,Conversa com o Cliente,Negociação,2025-09-05,2,20,6,18368,Comércio,Média,provável
cc0cf76d-093e-429d-a6f3-9471fdfe652a,Negociação,Fechamento,2025-09-07,3,22,2,18368,Comércio,Média,provável
f68eca87-731b-44d7-b899-fe2eb864602c,Análise de Perfil,Análise de Perfil,2025-03-03,1,10,10,31813,Indústria,Alta,muito provável
d7118ddb-68d9-4a8b-a6d8-c98ec469172d,Análise de Perfil,Análise de Perfil,2025-03-05,2,12,2,31813,Indústria,Alta,provável
f31e9733-c178-44f0-a07c-a2fcd5bcb8c8,Análise de Perfil,Conversa com o Cliente,2025-03-10,3,17,5,31813,Indústria,Alta,muito provável
7dcfe27c-8201-4384-a2b2-60543759a02e,Conversa com o Cliente,Negociação,2025-03-19,4,26,9,31813,Indústria,Alta,provável
4f202522-bbe2-43e8-b26b-b5fb69916502,Análise de Perfil,Conversa com o Cliente,2025-06-12,1,15,15,47648,Comércio,Baixa,pouco provável
361361c7-10e9-4511-abd7-daf666f9fece,Conversa com o Cliente,Conversa com o Cliente,2025-06-16,2,19,4,47648,Comércio,Baixa,pouco provável
4b86e984-213a-4b8d-b81e-42d178eeb78a,Conversa com o Cliente,Conversa com o Cliente,2025-07-01,3,34,15,47648,Comércio,Baixa,pouco provável
40417b30-0061-4566-8629-57b03e729ec4,Análise de Perfil,Análise de Perfil,2025-02-28,1,10,10,9949,Educação,Média,pouco provável
01d92249-00a5-40c1-b3b3-3ec425fb0e47,Análise de Perfil,Conversa com o Cliente,2025-03-12,2,22,12,9949,Educação,Média,pouco provável
29606773-f74c-41da-97c5-5250e2d92ef1,Conversa com o Cliente,Negociação,2025-03-15,3,25,3,9949,Educação,Média,provável
9fd5b496-afee-49dc-bbcf-0d2ab3d1808e,Negociação,Fechamento,2025-03-19,4,29,4,9949,Educação,Média,provável
d68b8799-c816-4f9a-ba35-c690e30a1f93,Análise de Perfil,Conversa com o Cliente,2025-08-25,1,6,6,36675,Comércio,Baixa,pouco provável
9c66cb2d-7207-4f83-9d94-0fa94beea172,Conversa com o Cliente,Negociação,2025-08-29,2,10,4,36675,Comércio,Baixa,pouco provável
8356dcd5-3052-4f32-bdb4-f18d7f27baed,Negociação,Fechamento,2025-09-13,3,25,15,36675,Comércio,Baixa,pouco provável
8bfbd3f4-37e1-42f8-8f98-383a9d5e7a59,Fechamento,Fechamento,2025-09-21,4,33,8,36675,Comércio,Baixa,provável
69b213e2-7fc2-4f38-8275-7654c9eb0487,Análise de Perfil,Conversa com o Cliente,2025-09-25,1,4,4,45668,Saúde,Média,provável
2ce7bd73-64d6-4026-bebd-5820b97f12ec,Conversa com o Cliente,Negociação,2025-10-07,2,16,12,45668,Saúde,Média,provável
86bc429a-09a3-4fba-a72d-98572b9f5d6a,Negociação,Fechamento,2025-10-11,3,20,4,45668,Saúde,Média,provável
38512297-a524-44ae-92a2-2d5aa1faabad,Análise de Perfil,Análise de Perfil,2025-08-20,1,4,4,34410,Tecnologia,Baixa,pouco provável
2cee34e9-80fc-4035-813b-3ae617d69c3f,Análise de Perfil,Conversa com o Cliente,2025-09-04,2,19,15,34410,Tecnologia,Baixa,pouco provável
34eaaaed-358c-4d29-805c-6fedd40ffde2,Conversa com o Cliente,Negociação,2025-09-10,3,25,6,34410,Tecnologia,Baixa,pouco provável
3b358fd1-e35b-48b5-bdb3-82cdfdb288ae,Negociação,Fechamento,2025-09-22,4,37,12,34410,Tecnologia,Baixa,pouco provável
eeefaec1-dc3d-4ef0-88a0-1baf6a84db6d,Análise de Perfil,Análise de Perfil,2025-04-24,1,9,9,36059,Saúde,Média,pouco provável
5944b302-c9da-48fb-8511-c19de3e82dc5,Análise de Perfil,Conversa com o Cliente,2025-04-26,2,11,2,36059,Saúde,Média,provável
5c63b2d8-f1fc-48c3-a3af-b6392c62d2bf,Conversa com o Cliente,Negociação,2025-05-03,3,18,7,36059,Saúde,Média,provável
928d215a-7428-4c49-87b7-8119f8e96f68,Negociação,Negociação,2025-05-18,4,33,15,36059,Saúde,Média,provável
b9ab043c-9ce8-4572-adbb-eefb5e3e1264,Negociação,Fechamento,2025-05-23,5,38,5,36059,Saúde,Média,muito provável
7cd279ad-2b39-44e6-b709-c838984eb6bf,Análise de Perfil,Conversa com o Cliente,2025-08-26,1,15,15,45657,Tecnologia,Baixa,pouco provável
4f98eca5-d79f-4fc6-ace1-923a03c59dfa,Conversa com o Cliente,Conversa com o Cliente,2025-09-03,2,23,8,45657,Tecnologia,Baixa,pouco provável
c14deb12-9dd1-41fe-997b-767776a14e4c,Conversa com o Cliente,Negociação,2025-09-08,3,28,5,45657,Tecnologia,Baixa,pouco provável
a242e080-a91f-4783-a58d-e40ec67d86e1,Negociação,Negociação,2025-09-15,4,35,7,45657,Tecnologia,Baixa,pouco provável
14c2e05c-e72c-47ba-9116-4b0f5e2895a4,Negociação,Negociação,2025-09-23,5,43,8,45657,Tecnologia,Baixa,pouco provável
e59eaba6-795b-4647-ac17-c814088a6497,Negociação,Fechamento,2025-09-28,6,48,5,45657,Tecnologia,Baixa,pouco provável
74b5743d-a936-493a-927c-f793804d227f,Análise de Perfil,Conversa com o Cliente,2025-05-22,1,10,10,14837,Educação,Média,provável
1bd5e551-5e28-44bd-a14f-1c000b036548,Conversa com o Cliente,Negociação,2025-05-26,2,14,4,14837,Educação,Média,provável
6339e9df-4109-45fb-a7f7-5f4cf59ccede,Negociação,Fechamento,2025-06-07,3,26,12,14837,Educação,Média,muito provável
7e68308f-497c-4218-bfdb-62ba95231dce,Análise de Perfil,Análise de Perfil,2025-11-17,1,1,1,36346,Comércio,Alta,provável
e9a941aa-b654-413b-a0f3-5c89c0b6af4d,Análise de Perfil,Conversa com o Cliente,2025-11-29,2,13,12,36346,Comércio,Alta,provável
63757753-1b15-4a56-be89-40423362b5a7,Conversa com o Cliente,Negociação,2025-12-05,3,19,6,36346,Comércio,Alta,provável
874c7493-4beb-46f3-aa7a-e245288d2818,Análise de Perfil,Conversa com o Cliente,2025-05-03,1,10,10,38357,Saúde,Baixa,pouco provável
ddc6d50f-d757-4ddd-95f2-137b7ae617f4,Conversa com o Cliente,Negociação,2025-05-15,2,22,12,38357,Saúde,Baixa,pouco provável
16f2abb1-7939-4262-a250-96a2a99e593b,Negociação,Fechamento,2025-05-24,3,31,9,38357,Saúde,Baixa,pouco provável
c416821f-8122-4ede-bf7f-f9a0acf09567,Fechamento,Fechamento,2025-05-27,4,34,3,38357,Saúde,Baixa,pouco provável
1d8e5331-ee83-41fc-900b-4f1a028cf8c0,Fechamento,Fechamento,2025-06-06,5,44,10,38357,Saúde,Baixa,pouco provável
32408e66-1e89-4b2d-93fe-6d04a3c2cbcb,Fechamento,Fechamento,2025-06-20,6,58,14,38357,Saúde,Baixa,pouco provável
f702fcaf-1ff0-4b42-812f-8bd1dae5abb0,Fechamento,Fechamento,2025-06-25,7,63,5,38357,Saúde,Baixa,pouco provável
cc63e368-ecb0-4b9c-809b-c9eac53c8b3f,Fechamento,Fechamento,2025-06-30,8,68,5,38357,Saúde,Baixa,pouco provável
4042ecec-746f-4fbc-bc15-7c598176c33b,Análise de Perfil,Análise de Perfil,2025-07-27,1,1,1,9748,Indústria,Média,pouco provável
40081cff-211e-4753-b746-5a02738e8fb0,Análise de Perfil,Conversa com o Cliente,2025-08-04,2,9,8,9748,Indústria,Média,provável
6c6fad00-674d-4c30-887e-a49f71727926,Conversa com o Cliente,Negociação,2025-08-14,3,19,10,9748,Indústria,Média,provável
6608fbcc-e322-4fa9-9570-2a329bcaf20e,Análise de Perfil,Análise de Perfil,2025-07-02,1,9,9,25571,Tecnologia,Média,pouco provável
50a87a82-2b7c-45f4-8ae4-3bea10f7fd35,Análise de Perfil,Conversa com o Cliente,2025-07-13,2,20,11,25571,Tecnologia,Média,provável
965207fc-c47d-4f2c-ac50-da8cb3bd6180,Conversa com o Cliente,Negociação,2025-07-28,3,35,15,25571,Tecnologia,Média,provável
66714192-8123-41a0-b5ef-0307b3577f2a,Negociação,Fechamento,2025-08-07,4,45,10,25571,Tecnologia,Média,provável
ed87748a-24a6-4a2e-8a02-ad5cc861101c,Fechamento,Fechamento,2025-08-22,5,60,15,25571,Tecnologia,Média,muito provável
91e73790-32e2-44ae-9597-6b1b49b468f1,Análise de Perfil,Conversa com o Cliente,2025-01-21,1,15,15,44392,Tecnologia,Média,provável
d2f49d0b-1400-4b7c-8ceb-57a7db18e8fa,Conversa com o Cliente,Negociação,2025-01-27,2,21,6,44392,Tecnologia,Média,provável
6125bb68-c0f4-4be0-b012-c6d4f28201bb,Negociação,Fechamento,2025-02-01,3,26,5,44392,Tecnologia,Média,muito provável
4dad73f5-88a9-49f7-a6b3-2a4836d538b8,Análise de Perfil,Conversa com o Cliente,2025-02-20,1,15,15,41936,Serviços,Média,provável
e9813f41-ce09-4d9f-aed9-883db61c3b69,Conversa com o Cliente,Conversa com o Cliente,2025-03-02,2,25,10,41936,Serviços,Média,provável
206bb472-7d52-4e85-a33d-8345c9d5efe9,Conversa com o Cliente,Negociação,2025-03-06,3,29,4,41936,Serviços,Média,provável
15cca587-466b-47d9-be32-4e6ad250973b,Negociação,Fechamento,2025-03-16,4,39,10,41936,Serviços,Média,provável
37340ef3-0b1a-46a1-a3b1-def392d25e05,Fechamento,Fechamento,2025-03-25,5,48,9,41936,Serviços,Média,muito provável
b8b01527-8f8e-4f02-b56c-911e647391eb,Análise de Perfil,Conversa com o Cliente,2025-08-01,1,7,7,18593,Serviços,Média,pouco provável
807d5440-5c09-456f-add9-41c275693b33,Conversa com o Cliente,Conversa com o Cliente,2025-08-10,2,16,9,18593,Serviços,Média,pouco provável
bd7f93b7-ee43-402c-9d12-aad7033f1cc4,Conversa com o Cliente,Negociação,2025-08-23,3,29,13,18593,Serviços,Média,provável
503e489d-4b4a-4804-803b-113284fab8d4,Negociação,Negociação,2025-08-26,4,32,3,18593,Serviços,Média,provável
fe0cff72-cd6d-478a-ad2a-dac8a798f30b,Análise de Perfil,Conversa com o Cliente,2025-03-19,1,5,5,39868,Indústria,Média,provável
61417151-68c6-46fa-80f8-6608e1fcd658,Conversa com o Cliente,Conversa com o Cliente,2025-03-25,2,11,6,39868,Indústria,Média,pouco provável
6504b059-1d46-421d-9037-7bb1656c71d1,Conversa com o Cliente,Negociação,2025-03-31,3,17,6,39868,Indústria,Média,provável
34175165-d886-4df5-b093-57a462602eb1,Negociação,Fechamento,2025-04-05,4,22,5,39868,Indústria,Média,provável
4797d961-eb05-4181-9760-f2f57c2c39eb,Fechamento,Fechamento,2025-04-15,5,32,10,39868,Indústria,Média,provável
44fd53b8-d372-40d2-8ce0-8d759ea0da62,Fechamento,Fechamento,2025-04-23,6,40,8,39868,Indústria,Média,muito provável
e3d7a039-4a0e-44f0-8fcc-b98025c4b018,Análise de Perfil,Conversa com o Cliente,2025-06-18,1,1,1,46385,Comércio,Baixa,pouco provável
089c79ad-1bf7-440a-bf4a-738e9afaa256,Conversa com o Cliente,Negociação,2025-06-20,2,3,2,46385,Comércio,Baixa,pouco provável
908c2be1-14bf-4562-8c09-017a802364de,Negociação,Fechamento,2025-07-05,3,18,15,46385,Comércio,Baixa,pouco provável
05f5f5f4-1785-4a0c-9a4c-57565f518aa7,Fechamento,Fechamento,2025-07-11,4,24,6,46385,Comércio,Baixa,pouco provável
ca66e0bf-d2d0-40e5-bcc7-29f4538dcf8c,Fechamento,Fechamento,2025-07-26,5,39,15,46385,Comércio,Baixa,pouco provável
8fc0e4d2-bc01-4389-8844-ed7d4f62b5c1,Análise de Perfil,Análise de Perfil,2025-06-26,1,13,13,17905,Tecnologia,Alta,muito provável
76b8a6dd-5a81-4a1d-95ae-5b27f6a77aef,Análise de Perfil,Conversa com o Cliente,2025-06-30,2,17,4,17905,Tecnologia,Alta,muito provável
c05dd38c-69f5-449b-8ed5-ea7d0411219a,Conversa com o Cliente,Negociação,2025-07-03,3,20,3,17905,Tecnologia,Alta,muito provável
3507c74e-2b65-4617-b5d4-45b0a65fcc4b,Negociação,Negociação,2025-07-10,4,27,7,17905,Tecnologia,Alta,muito provável
b98219bd-3844-463a-9380-da9ff3b8448f,Negociação,Fechamento,2025-07-18,5,35,8,17905,Tecnologia,Alta,muito provável
e7a6cbc5-52e4-4b72-86f7-41eea110dcbb,Análise de Perfil,Conversa com o Cliente,2025-09-07,1,10,10,21579,Tecnologia,Média,pouco provável
e876c21a-399e-46ed-a2f2-19628baab0b0,Conversa com o Cliente,Conversa com o Cliente,2025-09-17,2,20,10,21579,Tecnologia,Média,provável
91c8aa30-e29b-4ca4-8cac-fa4ce9a8fc44,Conversa com o Cliente,Negociação,2025-09-24,3,27,7,21579,Tecnologia,Média,provável
5b60eb8f-5385-4d48-90f6-26092581ee1e,Análise de Perfil,Conversa com o Cliente,2025-08-17,1,1,1,19331,Saúde,Baixa,pouco provável
50b8d8c8-563c-4bed-8a23-b380d107d692,Conversa com o Cliente,Negociação,2025-08-23,2,7,6,19331,Saúde,Baixa,pouco provável
77fd3976-34f2-454b-94f9-d30410048d29,Análise de Perfil,Conversa com o Cliente,2025-11-07,1,11,11,18474,Educação,Média,provável
1281c46a-304f-400d-a37f-5ae943de4057,Conversa com o Cliente,Conversa com o Cliente,2025-11-14,2,18,7,18474,Educação,Média,pouco provável
3cc6a5e9-b23b-4ad3-8347-e41539d513fd,Conversa com o Cliente,Negociação,2025-11-19,3,23,5,18474,Educação,Média,provável
ae39402a-4c83-43d2-a736-f1bd6a680d18,Análise de Perfil,Análise de Perfil,2025-10-29,1,9,9,37601,Educação,Alta,muito provável
2f13cf50-5855-409d-a0fd-e7ad9c408eb9,Análise de Perfil,Análise de Perfil,2025-11-05,2,16,7,37601,Educação,Alta,muito provável
d92d5bc4-ee0f-4ee7-bef2-e8100df9f87e,Análise de Perfil,Conversa com o Cliente,2025-11-07,3,18,2,37601,Educação,Alta,provável
4691162a-79bb-4780-87a2-dd4b51e33b73,Análise de Perfil,Conversa com o Cliente,2025-05-13,1,8,8,19764,Educação,Alta,provável
627e02e4-7d0d-4aac-ad27-b02c75f0c524,Conversa com o Cliente,Negociação,2025-05-21,2,16,8,19764,Educação,Alta,muito provável
826e0c34-4231-4108-8858-0e412f3bb2dd,Negociação,Fechamento,2025-06-05,3,31,15,19764,Educação,Alta,muito provável
0f9004da-b7b4-4a53-b5e9-8ce6fef7b094,Análise de Perfil,Conversa com o Cliente,2025-05-11,1,10,10,31365,Educação,Alta,provável
2b918606-675f-4346-b255-d2a780347989,Conversa com o Cliente,Negociação,2025-05-25,2,24,14,31365,Educação,Alta,provável
463df144-d61c-47ae-8b2e-eee25d800516,Negociação,Fechamento,2025-06-08,3,38,14,31365,Educação,Alta,muito provável
498ab0d8-6dcd-4edf-a772-68e24d537927,Análise de Perfil,Conversa com o Cliente,2025-06-13,1,7,7,28547,Tecnologia,Média,pouco provável
15a946c5-baad-487b-9ff6-0acdca4e4d14,Conversa com o Cliente,Negociação,2025-06-25,2,19,12,28547,Tecnologia,Média,provável
98c7d9c9-31c8-4316-a949-341912007370,Negociação,Fechamento,2025-07-06,3,30,11,28547,Tecnologia,Média,provável
25e0ac44-b8d4-4ac5-a657-dd4c858c0f7c,Análise de Perfil,Conversa com o Cliente,2025-05-02,1,7,7,13106,Saúde,Média,provável
3c879bec-7f2e-4799-aadf-c2edb72a9723,Conversa com o Cliente,Negociação,2025-05-06,2,11,4,13106,Saúde,Média,provável
5da410da-4e74-4f50-ac51-f71b9ca70fee,Negociação,Fechamento,2025-05-20,3,25,14,13106,Saúde,Média,provável
97334453-3104-475e-8306-372af58d4474,Fechamento,Fechamento,2025-06-04,4,40,15,13106,Saúde,Média,muito provável
68868e0f-4845-43ae-9310-47ccca31bd57,Análise de Perfil,Conversa com o Cliente,2025-07-21,1,4,4,6624,Educação,Alta,provável
94c61d64-69f3-470c-bb71-328419a21355,Conversa com o Cliente,Negociação,2025-08-02,2,16,12,6624,Educação,Alta,provável
120ced60-e900-4c3f-8cdf-e9de56cbcb74,Negociação,Negociação,2025-08-13,3,27,11,6624,Educação,Alta,provável
599c3401-6f5c-453f-a4ee-22dab8617a83,Negociação,Fechamento,2025-08-20,4,34,7,6624,Educação,Alta,muito provável
fb297bc0-1696-4d46-b1ca-f4166c5eacf0,Análise de Perfil,Conversa com o Cliente,2025-10-14,1,4,4,33489,Saúde,Média,pouco provável
de75947d-1e1f-4a96-9636-ddc32a1e86d9,Conversa com o Cliente,Negociação,2025-10-17,2,7,3,33489,Saúde,Média,provável
050065ac-6e27-434b-a3a7-a374d1c263c1,Análise de Perfil,Conversa com o Cliente,2025-02-22,1,1,1,43289,Indústria,Média,pouco provável
d14ebdbb-6f52-4801-9895-965c0f8c1ee7,Conversa com o Cliente,Negociação,2025-03-03,2,10,9,43289,Indústria,Média,provável
fbea43be-68ca-4f79-8e41-b2dbe1703153,Análise de Perfil,Conversa com o Cliente,2025-12-07,1,10,10,32937,Saúde,Média,pouco provável
f3c99f64-fcd6-4d17-b155-4ed3f46ebaf1,Conversa com o Cliente,Negociação,2025-12-14,2,17,7,32937,Saúde,Média,provável
c1f40f4c-1a7e-4ee4-851d-9fe1a1247b9c,Negociação,Negociação,2025-12-18,3,21,4,32937,Saúde,Média,provável
848a4a46-58db-4834-a5f3-e6ca9885999c,Negociação,Fechamento,2025-12-27,4,30,9,32937,Saúde,Média,provável
b3064ff7-47de-44a2-9356-dcc8a2e5c750,Fechamento,Fechamento,2026-01-04,5,38,8,32937,Saúde,Média,muito provável
b7a3cc66-a60d-4c2f-9087-227370f4eb73,Análise de Perfil,Análise de Perfil,2025-10-25,1,7,7,31672,Indústria,Baixa,pouco provável
d9d84046-d73a-45ff-93eb-dd0c0ae93990,Análise de Perfil,Conversa com o Cliente,2025-10-29,2,11,4,31672,Indústria,Baixa,pouco provável
982905eb-8c49-42db-abf3-dcd1ef21ad32,Conversa com o Cliente,Negociação,2025-11-09,3,22,11,31672,Indústria,Baixa,pouco provável
46f3b7aa-9e75-4e96-b259-5a3c09b71def,Negociação,Negociação,2025-11-12,4,25,3,31672,Indústria,Baixa,pouco provável
05116de8-23ae-46a6-a6f6-34a2e263ad7a,Negociação,Fechamento,2025-11-17,5,30,5,31672,Indústria,Baixa,pouco provável
e3f989c4-859d-4b77-b8a9-bac21263871f,Fechamento,Fechamento,2025-11-23,6,36,6,31672,Indústria,Baixa,provável
50fccae5-c457-4426-aa91-911eca0f6338,Fechamento,Fechamento,2025-12-05,7,48,12,31672,Indústria,Baixa,pouco provável
fe7e86a7-0f20-40ea-a30e-72cd869e7689,Fechamento,Fechamento,2025-12-06,8,49,1,31672,Indústria,Baixa,pouco provável
973ed113-cfa8-439b-8766-7b584da7f7de,Análise de Perfil,Conversa com o Cliente,2025-05-05,1,11,11,16574,Indústria,Média,provável
8721c001-7ee4-4799-be89-ac2f79bc8974,Conversa com o Cliente,Conversa com o Cliente,2025-05-17,2,23,12,16574,Indústria,Média,provável
a9c1f5db-84df-4c3c-b5cd-5ddb431e93bc,Conversa com o Cliente,Negociação,2025-05-19,3,25,2,16574,Indústria,Média,provável
6ce7a3dd-2761-4b13-a154-57e557075593,Negociação,Negociação,2025-05-24,4,30,5,16574,Indústria,Média,provável
ca93c3b4-b829-4464-9c85-81619e678e5f,Negociação,Fechamento,2025-06-04,5,41,11,16574,Indústria,Média,provável
0e4ff24e-ceaa-45c5-ad1c-960a7e4fb3c2,Fechamento,Fechamento,2025-06-17,6,54,13,16574,Indústria,Média,provável
285558a7-bf6d-4453-a43b-35a26c4cd31c,Fechamento,Fechamento,2025-06-29,7,66,12,16574,Indústria,Média,muito provável
f27fe633-9a2b-4029-85bd-ece2595dd308,Análise de Perfil,Conversa com o Cliente,2025-06-11,1,5,5,5178,Educação,Baixa,pouco provável
1145416c-29ef-4acd-8492-f93552b74aa2,Conversa com o Cliente,Negociação,2025-06-14,2,8,3,5178,Educação,Baixa,pouco provável
2922ec06-91d4-4290-a464-357fad62f99e,Negociação,Fechamento,2025-06-25,3,19,11,5178,Educação,Baixa,pouco provável
2afaa54c-1108-4913-b2ab-6cbd0a8cee00,Fechamento,Fechamento,2025-07-07,4,31,12,5178,Educação,Baixa,pouco provável
9d422e38-d300-49ad-8375-740bf4aceebb,Fechamento,Fechamento,2025-07-11,5,35,4,5178,Educação,Baixa,pouco provável
1629ceae-6b8f-41b4-9a7f-bcf62f32de70,Fechamento,Fechamento,2025-07-13,6,37,2,5178,Educação,Baixa,provável
19f35389-de00-464a-8fbc-0577160dc568,Fechamento,Fechamento,2025-07-19,7,43,6,5178,Educação,Baixa,pouco provável
07e8c0c8-37e8-4eb3-a9d3-3c4e2e716229,Análise de Perfil,Conversa com o Cliente,2025-07-02,1,14,14,48010,Comércio,Média,provável
223b0441-4871-4b03-bfe4-c4b4310ff7ba,Conversa com o Cliente,Negociação,2025-07-14,2,26,12,48010,Comércio,Média,provável
6227ee59-0a31-4667-b424-ef99309b1482,Negociação,Fechamento,2025-07-25,3,37,11,48010,Comércio,Média,muito provável
7790d981-762d-4bed-80c2-0c1d7442b4d2,Análise de Perfil,Conversa com o Cliente,2025-01-27,1,10,10,22900,Educação,Alta,provável
49211668-f11f-4c50-bf14-d38394d08f64,Conversa com o Cliente,Conversa com o Cliente,2025-02-08,2,22,12,22900,Educação,Alta,provável
4bb80b6f-0890-4aca-9ed8-8a3c8c8c9552,Conversa com o Cliente,Negociação,2025-02-09,3,23,1,22900,Educação,Alta,provável
e159558e-ade3-4790-b345-8397bc353e12,Análise de Perfil,Conversa com o Cliente,2025-02-21,1,15,15,26587,Indústria,Média,pouco provável
ba7fcea8-65db-424c-8a15-878a3ecde8dd,Conversa com o Cliente,Conversa com o Cliente,2025-02-22,2,16,1,26587,Indústria,Média,provável
491d26e6-cad4-4c4a-a5a9-8bd0ceda786a,Conversa com o Cliente,Negociação,2025-02-26,3,20,4,26587,Indústria,Média,provável
a032df70-85a0-4d72-82f5-5a89610184ca,Negociação,Fechamento,2025-03-10,4,32,12,26587,Indústria,Média,provável
5d1fbc3f-3a9e-4724-983a-0ec34b099d65,Fechamento,Fechamento,2025-03-25,5,47,15,26587,Indústria,Média,provável
ecd9ccb9-6646-4a56-a707-f45eef565544,Fechamento,Fechamento,2025-03-30,6,52,5,26587,Indústria,Média,provável
877a306b-83f6-4d2c-9f25-84f4593acd3b,Fechamento,Fechamento,2025-04-06,7,59,7,26587,Indústria,Média,muito provável
7c516ae6-1ad7-4eae-9ab1-606d74c0e051,Análise de Perfil,Análise de Perfil,2025-09-23,1,10,10,14469,Comércio,Média,provável
2e08a479-cc9d-4e00-8fbf-bd4c51329703,Análise de Perfil,Conversa com o Cliente,2025-10-05,2,22,12,14469,Comércio,Média,pouco provável
7cb1cc30-8568-47ef-bc78-c3b4923c1ec8,Análise de Perfil,Análise de Perfil,2025-08-15,1,14,14,40405,Tecnologia,Média,pouco provável
71f85e34-f61f-4f69-a857-20222ad24387,Análise de Perfil,Conversa com o Cliente,2025-08-19,2,18,4,40405,Tecnologia,Média,provável
f2465bad-c965-4aa3-b8fe-5465098d42f7,Conversa com o Cliente,Conversa com o Cliente,2025-08-25,3,24,6,40405,Tecnologia,Média,pouco provável
34ee2eb5-d5ea-427e-a403-fcce09c9f43d,Conversa com o Cliente,Negociação,2025-08-31,4,30,6,40405,Tecnologia,Média,provável
1d05125e-77ad-4896-82cc-cd6a52a23672,Negociação,Fechamento,2025-09-06,5,36,6,40405,Tecnologia,Média,provável
59ce732e-ac6e-484b-a1a9-a0021013b9f9,Fechamento,Fechamento,2025-09-19,6,49,13,40405,Tecnologia,Média,provável
aebb87d2-e15f-41ee-8c51-66a77b57829c,Fechamento,Fechamento,2025-09-29,7,59,10,40405,Tecnologia,Média,provável
4adbce9e-0c64-467d-a402-d5abe94081aa,Análise de Perfil,Conversa com o Cliente,2025-04-20,1,11,11,21970,Serviços,Média,provável
f6c0b6ba-ac03-4b95-851a-9ad5556fc615,Conversa com o Cliente,Negociação,2025-05-02,2,23,12,21970,Serviços,Média,provável
c718511b-4df1-400a-aadf-5f4368bf54b2,Análise de Perfil,Conversa com o Cliente,2025-10-16,1,12,12,49501,Saúde,Média,pouco provável
18d6e4c7-52bb-4379-a5a1-2ccbac0ad6b3,Conversa com o Cliente,Negociação,2025-10-25,2,21,9,49501,Saúde,Média,provável
5579ebe5-771d-4f7f-9c1c-3d80f10141dd,Negociação,Negociação,2025-11-03,3,30,9,49501,Saúde,Média,provável
64b4df07-5172-4caa-bff3-34355967b50a,Negociação,Fechamento,2025-11-05,4,32,2,49501,Saúde,Média,provável
b7860ba8-ff4c-4e0c-80ff-f790aad6aabe,Fechamento,Fechamento,2025-11-16,5,43,11,49501,Saúde,Média,provável
ef676fc1-202a-4b56-a135-8a6080bcc436,Fechamento,Fechamento,2025-11-19,6,46,3,49501,Saúde,Média,provável
157f67ec-cf75-48eb-9e33-9339b6ce018a,Fechamento,Fechamento,2025-12-04,7,61,15,49501,Saúde,Média,muito provável
21999809-2114-4f74-9161-0abff2840b84,Análise de Perfil,Conversa com o Cliente,2025-05-04,1,9,9,42480,Comércio,Média,pouco provável
f4c6010d-ecee-4671-84c4-504bd5c15db7,Conversa com o Cliente,Negociação,2025-05-11,2,16,7,42480,Comércio,Média,provável
b8405c56-1620-4c52-8ada-a4432c0a0867,Negociação,Fechamento,2025-05-15,3,20,4,42480,Comércio,Média,muito provável
3bca9ece-309e-4d19-b7c6-3932a31d69a3,Análise de Perfil,Conversa com o Cliente,2025-10-22,1,6,6,42860,Saúde,Alta,provável
58df302b-72f8-4a56-b15b-4e52fbd3b210,Conversa com o Cliente,Conversa com o Cliente,2025-10-31,2,15,9,42860,Saúde,Alta,provável
698d75af-20bb-4b8d-b1e0-9a5c97fa82b2,Análise de Perfil,Conversa com o Cliente,2025-11-12,1,3,3,22365,Tecnologia,Alta,muito provável
66ffe48b-e09a-4944-976b-8b70b9324b80,Conversa com o Cliente,Negociação,2025-11-25,2,16,13,22365,Tecnologia,Alta,muito provável
d567e193-de06-4549-a2a8-9c3aa8a6114c,Negociação,Fechamento,2025-11-30,3,21,5,22365,Tecnologia,Alta,muito provável
60b82a33-e1aa-4731-b411-81a77c4f6848,Análise de Perfil,Conversa com o Cliente,2025-05-25,1,7,7,7477,Saúde,Média,pouco provável
f6d9d15a-df6e-456a-bea3-7b026a96efde,Conversa com o Cliente,Conversa com o Cliente,2025-05-31,2,13,6,7477,Saúde,Média,pouco provável
c376ba8a-062f-4df7-8894-1dba0c3e868a,Conversa com o Cliente,Negociação,2025-06-08,3,21,8,7477,Saúde,Média,provável
0e62088e-352c-48a2-be37-266429aaaa5f,Negociação,Fechamento,2025-06-19,4,32,11,7477,Saúde,Média,muito provável
a4b3d792-29aa-4587-9494-26b7422b82de,Análise de Perfil,Análise de Perfil,2025-10-20,1,13,13,32969,Serviços,Alta,provável
89285bcc-855d-4f59-a2a0-dec0ea71938a,Análise de Perfil,Conversa com o Cliente,2025-10-23,2,16,3,32969,Serviços,Alta,provável
2286eb8a-439b-43f2-bb4b-e2ec6b24957f,Análise de Perfil,Análise de Perfil,2025-02-05,1,2,2,12676,Comércio,Alta,provável
fcde351f-1f5e-4d51-85f7-992779e9f200,Análise de Perfil,Conversa com o Cliente,2025-02-10,2,7,5,12676,Comércio,Alta,provável
7bc48c39-e123-40a9-a964-cff3b3e3cb62,Análise de Perfil,Conversa com o Cliente,2025-09-29,1,6,6,6800,Indústria,Média,pouco provável
24ac2f6b-01cf-4db4-9bde-e16d47663ae2,Conversa com o Cliente,Negociação,2025-10-13,2,20,14,6800,Indústria,Média,provável
3f0e1899-35bb-4bcc-9058-596c6faee281,Negociação,Negociação,2025-10-22,3,29,9,6800,Indústria,Média,provável
a0756868-a14e-46b4-a6fe-53f2692fa156,Negociação,Fechamento,2025-11-01,4,39,10,6800,Indústria,Média,muito provável
95c2aad5-b6d1-426c-bfd6-07c3d5d05d69,Análise de Perfil,Análise de Perfil,2025-07-30,1,7,7,7154,Comércio,Baixa,pouco provável
9ba210df-e896-469c-8e7c-81b139a83cad,Análise de Perfil,Conversa com o Cliente,2025-08-10,2,18,11,7154,Comércio,Baixa,pouco provável
1e020b93-61b4-40d8-bdd1-bc659c586ff7,Conversa com o Cliente,Conversa com o Cliente,2025-08-14,3,22,4,7154,Comércio,Baixa,pouco provável
0e6fbfd1-7dc8-4562-a5d7-34fd76261d59,Conversa com o Cliente,Negociação,2025-08-29,4,37,15,7154,Comércio,Baixa,pouco provável
ce85ec16-1cd2-41b2-86ea-4a346b4a502e,Negociação,Fechamento,2025-09-09,5,48,11,7154,Comércio,Baixa,provável
a16b04cc-7850-40a6-a440-150175bf9b39,Fechamento,Fechamento,2025-09-16,6,55,7,7154,Comércio,Baixa,pouco provável
7a1bd04c-fc57-4181-8f0f-01f0c6978f47,Fechamento,Fechamento,2025-09-24,7,63,8,7154,Comércio,Baixa,pouco provável
b0ac4079-606c-4be5-b8f1-dc0101b6f6e6,Análise de Perfil,Conversa com o Cliente,2025-11-27,1,4,4,28917,Indústria,Baixa,pouco provável
ad33dc49-1c69-4837-bf28-6de63f7cf14f,Conversa com o Cliente,Negociação,2025-12-02,2,9,5,28917,Indústria,Baixa,pouco provável
d490920d-c7d0-4b39-9494-49cc724983fe,Negociação,Fechamento,2025-12-14,3,21,12,28917,Indústria,Baixa,pouco provável
a80768df-aa59-4478-9a47-cbdbb0d4a4cd,Fechamento,Fechamento,2025-12-15,4,22,1,28917,Indústria,Baixa,provável
8c37430a-2109-4a49-ab22-4436840b59cb,Fechamento,Fechamento,2025-12-28,5,35,13,28917,Indústria,Baixa,pouco provável
43ba50b5-8884-41e5-a940-b401ceaddca7,Fechamento,Fechamento,2025-12-31,6,38,3,28917,Indústria,Baixa,pouco provável
e0c0ff2f-0fa5-4fe4-b078-7d6a9ae435eb,Análise de Perfil,Conversa com o Cliente,2025-07-16,1,4,4,28610,Serviços,Baixa,pouco provável
eae803c2-6c0a-4fe2-9751-c2c8bfbef394,Conversa com o Cliente,Negociação,2025-07-18,2,6,2,28610,Serviços,Baixa,pouco provável
4bb3b3d3-0bf7-4ec5-82bb-b8af7b94bfd0,Negociação,Fechamento,2025-07-22,3,10,4,28610,Serviços,Baixa,pouco provável
3f06c2a3-b538-4aca-871a-43d6f8b2688d,Fechamento,Fechamento,2025-07-29,4,17,7,28610,Serviços,Baixa,pouco provável
bf8069fd-21b8-46fb-b574-3ae3eb63867b,Análise de Perfil,Conversa com o Cliente,2025-05-21,1,11,11,38500,Serviços,Baixa,pouco provável
ff53297d-e635-4c0c-8b07-a99b4eb4adf6,Conversa com o Cliente,Negociação,2025-05-24,2,14,3,38500,Serviços,Baixa,provável
8c70b596-704d-4d06-a93f-bd6d19baf26b,Negociação,Fechamento,2025-05-27,3,17,3,38500,Serviços,Baixa,pouco provável
31b2d5a7-7b75-44b5-8e2b-3a50c308c030,Fechamento,Fechamento,2025-05-29,4,19,2,38500,Serviços,Baixa,pouco provável
12937e29-820b-4d5f-850f-9374831822e0,Análise de Perfil,Conversa com o Cliente,2025-01-28,1,6,6,13909,Comércio,Alta,muito provável
fbe5b2fa-ec52-47df-a91b-b6c0b1f69fe1,Conversa com o Cliente,Negociação,2025-01-31,2,9,3,13909,Comércio,Alta,provável
421fe92a-21a8-4fd3-b2cd-af477171f616,Negociação,Negociação,2025-02-13,3,22,13,13909,Comércio,Alta,muito provável
de0e3fcd-3ef7-4d25-ae76-95e14427390b,Negociação,Fechamento,2025-02-22,4,31,9,13909,Comércio,Alta,muito provável
c17e313d-8fc5-444d-81d5-c0fcd52cdc21,Análise de Perfil,Conversa com o Cliente,2025-10-06,1,13,13,34505,Educação,Baixa,pouco provável
a9bbf356-62c5-4881-ba14-1dc3d42a4b00,Conversa com o Cliente,Conversa com o Cliente,2025-10-16,2,23,10,34505,Educação,Baixa,pouco provável
aa1385b4-5825-45e5-923f-98c007bc9d86,Conversa com o Cliente,Conversa com o Cliente,2025-10-22,3,29,6,34505,Educação,Baixa,pouco provável
10ac628c-eca0-47e0-bc17-b04bded97b5b,Conversa com o Cliente,Negociação,2025-11-03,4,41,12,34505,Educação,Baixa,pouco provável
aadcd0ef-c336-4086-a0f4-3cd75c0ddc1b,Negociação,Fechamento,2025-11-16,5,54,13,34505,Educação,Baixa,pouco provável
6f16c7e0-0dfa-4224-9d17-5cbd95fba737,Fechamento,Fechamento,2025-11-22,6,60,6,34505,Educação,Baixa,provável
81e9d547-6c2f-4aff-a147-f420bc8feafd,Análise de Perfil,Conversa com o Cliente,2025-03-13,1,7,7,48091,Saúde,Alta,muito provável
dc3bf202-047a-423a-ba10-e47621c72aed,Conversa com o Cliente,Negociação,2025-03-14,2,8,1,48091,Saúde,Alta,muito provável
e02e934f-49c1-483d-b466-d78927cbb781,Análise de Perfil,Conversa com o Cliente,2025-05-05,1,8,8,10848,Saúde,Alta,provável
be5d6f43-e460-48e0-a385-25f2722d2d2f,Conversa com o Cliente,Negociação,2025-05-10,2,13,5,10848,Saúde,Alta,provável
e45fda1b-4f85-47a0-a33d-4a7c1637a857,Análise de Perfil,Análise de Perfil,2025-07-20,1,4,4,5741,Saúde,Baixa,pouco provável
6a3e46be-f4c5-4ed1-aacc-e540f316eb48,Análise de Perfil,Conversa com o Cliente,2025-07-30,2,14,10,5741,Saúde,Baixa,pouco provável
8f9009b5-a362-4879-80cc-9cbeda56a77a,Conversa com o Cliente,Negociação,2025-08-10,3,25,11,5741,Saúde,Baixa,pouco provável
e94df4ae-6ee4-4f06-bf37-a8ceb634e1e3,Negociação,Negociação,2025-08-24,4,39,14,5741,Saúde,Baixa,provável
246423ab-69b6-468a-a621-db0a8b6ca0c1,Negociação,Fechamento,2025-09-05,5,51,12,5741,Saúde,Baixa,pouco provável
3b5b48eb-2d9e-41d2-aef8-10cf5f3f40f9,Fechamento,Fechamento,2025-09-08,6,54,3,5741,Saúde,Baixa,pouco provável
bee9164d-1017-4a0f-9fa7-91f1fe350759,Análise de Perfil,Análise de Perfil,2025-01-21,1,13,13,47331,Indústria,Alta,provável
d4e11fa0-3191-4f73-ba77-5c9c4bf852f1,Análise de Perfil,Conversa com o Cliente,2025-01-30,2,22,9,47331,Indústria,Alta,muito provável
645094e5-cb94-4342-897e-c0d4b6dbffd6,Análise de Perfil,Conversa com o Cliente,2025-10-07,1,6,6,17641,Indústria,Alta,provável
b71d0d6f-2cb7-4d01-be0b-5f8ebcb745e8,Conversa com o Cliente,Negociação,2025-10-16,2,15,9,17641,Indústria,Alta,provável
843ee318-31e1-44e9-97bc-00eb244cc6a0,Análise de Perfil,Conversa com o Cliente,2025-08-04,1,15,15,33851,Educação,Alta,provável
09d83a18-4c74-4b01-868d-fd3631e351da,Conversa com o Cliente,Negociação,2025-08-07,2,18,3,33851,Educação,Alta,muito provável
c85f97be-727f-4ade-a78a-c33bd9b3cdd8,Negociação,Fechamento,2025-08-13,3,24,6,33851,Educação,Alta,muito provável
e68b9aa7-38da-4003-9d2a-d3ab15a7ade2,Análise de Perfil,Conversa com o Cliente,2025-03-16,1,4,4,6582,Comércio,Baixa,pouco provável
c5ca77b1-fa6d-49dc-abfc-884697eda0f8,Conversa com o Cliente,Negociação,2025-03-23,2,11,7,6582,Comércio,Baixa,pouco provável
2a51f291-8f04-4e8f-8b17-770d56af4526,Negociação,Fechamento,2025-03-29,3,17,6,6582,Comércio,Baixa,pouco provável
b308f9a2-712a-4938-be67-15bf058818cc,Fechamento,Fechamento,2025-04-12,4,31,14,6582,Comércio,Baixa,pouco provável
7ec6d285-f98b-4a47-96d2-816e16597b2a,Fechamento,Fechamento,2025-04-24,5,43,12,6582,Comércio,Baixa,pouco provável
d9eadede-bb71-4428-b5b4-6022d6a18ccc,Fechamento,Fechamento,2025-04-30,6,49,6,6582,Comércio,Baixa,pouco provável
483e97ed-e1c9-4b6c-acc3-70a58a101fab,Fechamento,Fechamento,2025-05-04,7,53,4,6582,Comércio,Baixa,pouco provável
1021b354-1498-4f44-931c-0dc9167dba9b,Análise de Perfil,Conversa com o Cliente,2025-06-14,1,4,4,31044,Serviços,Média,provável
0567703d-b8c8-4a87-a2a2-bef4c249a6bc,Conversa com o Cliente,Negociação,2025-06-19,2,9,5,31044,Serviços,Média,provável
65f29f7d-a906-4beb-b66d-28ba7df79231,Negociação,Fechamento,2025-07-02,3,22,13,31044,Serviços,Média,provável
db353117-2a7f-4f76-a516-05d7b34a0031,Fechamento,Fechamento,2025-07-06,4,26,4,31044,Serviços,Média,muito provável
1ea593ab-1ce1-492d-9663-b6ba6097a5fb,Análise de Perfil,Análise de Perfil,2025-08-11,1,3,3,35518,Tecnologia,Média,provável
47de66c8-4847-4e9d-8cb8-0380429df27a,Análise de Perfil,Conversa com o Cliente,2025-08-24,2,16,13,35518,Tecnologia,Média,pouco provável
ca3e236e-1309-4810-b75e-b99fef8a997f,Conversa com o Cliente,Negociação,2025-09-01,3,24,8,35518,Tecnologia,Média,provável
4c6ececc-d8ee-41e7-a63c-4ccea69ae786,Negociação,Fechamento,2025-09-12,4,35,11,35518,Tecnologia,Média,muito provável
fb667fba-0775-4e69-909a-c81e03ac7f4e,Análise de Perfil,Análise de Perfil,2025-04-04,1,3,3,23298,Comércio,Baixa,pouco provável
559d1112-8c05-4d7d-a6eb-d5b03a83852c,Análise de Perfil,Conversa com o Cliente,2025-04-10,2,9,6,23298,Comércio,Baixa,pouco provável
5f5e3588-972e-4210-b20b-e8d8285543fc,Análise de Perfil,Conversa com o Cliente,2025-08-24,1,4,4,35680,Serviços,Média,pouco provável
d03700cb-a24b-4782-9fbe-b12a46d9bb0c,Conversa com o Cliente,Conversa com o Cliente,2025-09-02,2,13,9,35680,Serviços,Média,provável
70374a5e-5a92-4900-8b2e-08ed8ebf6aae,Análise de Perfil,Conversa com o Cliente,2025-04-07,1,6,6,19688,Tecnologia,Alta,provável
c9890f25-2809-4f6f-8864-50def8823922,Conversa com o Cliente,Negociação,2025-04-14,2,13,7,19688,Tecnologia,Alta,muito provável
2b5e32a6-c210-41b8-8926-cd64019ba5f9,Negociação,Fechamento,2025-04-15,3,14,1,19688,Tecnologia,Alta,muito provável
83b9790e-955d-4288-a7a7-e39d83c4e19c,Análise de Perfil,Conversa com o Cliente,2025-08-14,1,10,10,6113,Tecnologia,Baixa,pouco provável
2df0afac-1082-4d00-a134-0d298fa20fbc,Conversa com o Cliente,Negociação,2025-08-21,2,17,7,6113,Tecnologia,Baixa,pouco provável
f8126977-1c73-4d6e-9ae0-1b3f33a1566c,Negociação,Fechamento,2025-08-25,3,21,4,6113,Tecnologia,Baixa,pouco provável
1895334a-e6d0-4f18-884f-92fde0dfbd72,Fechamento,Fechamento,2025-08-27,4,23,2,6113,Tecnologia,Baixa,pouco provável
e77111b1-08e4-462c-b399-60c3effb4bb7,Fechamento,Fechamento,2025-09-08,5,35,12,6113,Tecnologia,Baixa,pouco provável
a4d70c3c-a76c-4039-bd8f-094778a93cef,Fechamento,Fechamento,2025-09-15,6,42,7,6113,Tecnologia,Baixa,pouco provável
a5b5a0f8-27c1-496e-9733-0450844cdc11,Fechamento,Fechamento,2025-09-16,7,43,1,6113,Tecnologia,Baixa,pouco provável
fe5b76c9-1b24-44f2-a26c-ddc6469918c5,Análise de Perfil,Conversa com o Cliente,2025-04-26,1,14,14,40358,Saúde,Média,provável
32a6c828-5f3e-407e-a1a0-8070f37a5037,Conversa com o Cliente,Negociação,2025-05-10,2,28,14,40358,Saúde,Média,provável
70926d3b-1de6-4109-bc3a-0924884ed75b,Negociação,Negociação,2025-05-18,3,36,8,40358,Saúde,Média,provável
cc676a61-2e47-4365-9e37-93e2c4381309,Negociação,Fechamento,2025-05-31,4,49,13,40358,Saúde,Média,muito provável
6054144d-75a9-4dd8-8f67-fd84d794968b,Análise de Perfil,Conversa com o Cliente,2025-11-18,1,5,5,32559,Indústria,Baixa,pouco provável
4898bd7e-c6d7-4275-aef7-fa3b9d2a852d,Conversa com o Cliente,Negociação,2025-11-29,2,16,11,32559,Indústria,Baixa,pouco provável
4a93b1ba-7451-45ac-af26-a86e388cf3ad,Negociação,Fechamento,2025-12-13,3,30,14,32559,Indústria,Baixa,pouco provável
e552d385-70ec-4c63-af18-b05d4b24e69b,Fechamento,Fechamento,2025-12-24,4,41,11,32559,Indústria,Baixa,pouco provável
3ac75aa5-ace7-4629-97aa-3631c56542bc,Análise de Perfil,Conversa com o Cliente,2025-08-04,1,13,13,17191,Educação,Média,pouco provável
622814ee-1034-4b66-84a4-f06b83dd344d,Conversa com o Cliente,Negociação,2025-08-13,2,22,9,17191,Educação,Média,provável
00836fd4-53d1-4fa5-bcd8-1773b84aa0e1,Negociação,Fechamento,2025-08-26,3,35,13,17191,Educação,Média,provável
89e9327a-4d41-4be1-9791-a27aa9f32160,Fechamento,Fechamento,2025-09-02,4,42,7,17191,Educação,Média,provável
d88b3e65-35e4-44c9-84ac-e85207ab9945,Fechamento,Fechamento,2025-09-11,5,51,9,17191,Educação,Média,provável
a6eb6d23-e0ba-46ab-94f3-00eac5fe1026,Fechamento,Fechamento,2025-09-22,6,62,11,17191,Educação,Média,muito provável
c31d5de9-5a53-4dfc-8632-801932eb02ef,Análise de Perfil,Análise de Perfil,2025-06-29,1,3,3,18431,Saúde,Média,pouco provável
5194bafd-b1c3-4c18-855c-17bd1c58520e,Análise de Perfil,Conversa com o Cliente,2025-07-01,2,5,2,18431,Saúde,Média,provável
b76425ab-7ed9-4334-a240-0bdca0f6c3a0,Conversa com o Cliente,Negociação,2025-07-04,3,8,3,18431,Saúde,Média,provável
2bed3f48-a358-4c7f-bddb-b7553bdc7fc2,Análise de Perfil,Conversa com o Cliente,2025-04-17,1,12,12,5827,Saúde,Alta,provável
5a5a507e-d518-4171-9513-2ca8c6f84e8c,Conversa com o Cliente,Negociação,2025-04-20,2,15,3,5827,Saúde,Alta,provável
1848ef91-87fa-4fbc-8083-49d3cb44c179,Negociação,Fechamento,2025-04-30,3,25,10,5827,Saúde,Alta,muito provável
137a6d4e-45fb-4aac-a316-85f00e1019bd,Análise de Perfil,Conversa com o Cliente,2025-11-27,1,10,10,12131,Serviços,Média,pouco provável
addbe76e-8914-483c-9ada-a2428506e684,Conversa com o Cliente,Negociação,2025-12-12,2,25,15,12131,Serviços,Média,provável
8b28ee35-af8c-4ab4-859d-095006741d14,Negociação,Fechamento,2025-12-15,3,28,3,12131,Serviços,Média,provável
139dcd6f-5574-44d5-a68f-08689169e30a,Análise de Perfil,Análise de Perfil,2025-08-11,1,7,7,13404,Serviços,Média,provável
b0f66a22-7bc2-4ab8-b162-9d62707d9a49,Análise de Perfil,Conversa com o Cliente,2025-08-25,2,21,14,13404,Serviços,Média,provável
20eed228-ca56-486f-a51b-c2c6a3592bc5,Análise de Perfil,Conversa com o Cliente,2025-11-27,1,13,13,40301,Indústria,Média,pouco provável
6bcfaaba-d448-49c9-bb7d-e629b1516569,Conversa com o Cliente,Conversa com o Cliente,2025-12-10,2,26,13,40301,Indústria,Média,provável
fce10f9d-76e7-445e-bec6-f29d3530e9c5,Conversa com o Cliente,Conversa com o Cliente,2025-12-23,3,39,13,40301,Indústria,Média,pouco provável
4adb2708-341d-40db-942d-836bca2f6539,Análise de Perfil,Conversa com o Cliente,2025-07-27,1,9,9,5028,Serviços,Média,provável
c66f0d37-e66f-4e72-972b-91c7faab6609,Conversa com o Cliente,Negociação,2025-08-01,2,14,5,5028,Serviços,Média,provável
8184b288-3e41-44a4-8eec-79cc8adb9523,Negociação,Fechamento,2025-08-12,3,25,11,5028,Serviços,Média,provável
ae21679f-cf91-4e37-baf3-676bb365ad5f,Fechamento,Fechamento,2025-08-21,4,34,9,5028,Serviços,Média,provável
177a0cd8-77e6-44dd-8d5b-7b7d7cdac4cb,Fechamento,Fechamento,2025-08-23,5,36,2,5028,Serviços,Média,muito provável
5516770a-61bb-4f22-9dcd-53830c7f2677,Análise de Perfil,Conversa com o Cliente,2025-01-26,1,11,11,9926,Saúde,Baixa,pouco provável
fb16c93e-4abd-40cc-8df0-c0bc4b65edc1,Conversa com o Cliente,Negociação,2025-02-10,2,26,15,9926,Saúde,Baixa,provável
1e91b6af-99a9-4a9c-aa4b-b286e9ae54ec,Negociação,Fechamento,2025-02-23,3,39,13,9926,Saúde,Baixa,pouco provável
869214bf-055d-4927-ae96-e4a316475874,Fechamento,Fechamento,2025-03-05,4,49,10,9926,Saúde,Baixa,pouco provável
b731dbbe-182d-4444-b8b6-0972c1591713,Fechamento,Fechamento,2025-03-09,5,53,4,9926,Saúde,Baixa,pouco provável
442483f2-74c3-4b5e-ba0d-612d07d4169f,Fechamento,Fechamento,2025-03-24,6,68,15,9926,Saúde,Baixa,pouco provável
c7194819-13f5-42d7-ad60-fe6418384982,Fechamento,Fechamento,2025-04-01,7,76,8,9926,Saúde,Baixa,pouco provável
8f12d364-5854-4968-afa8-698d010c9ef5,Análise de Perfil,Análise de Perfil,2025-03-11,1,3,3,6928,Saúde,Alta,muito provável
973ee40d-ef0b-4579-8301-a6226801cfc8,Análise de Perfil,Análise de Perfil,2025-03-20,2,12,9,6928,Saúde,Alta,provável
12331892-9f55-4de8-b5fa-5fc2551ac6b4,Análise de Perfil,Conversa com o Cliente,2025-04-02,3,25,13,6928,Saúde,Alta,provável
1435bcf4-104e-4212-af9d-00127a8428e5,Análise de Perfil,Conversa com o Cliente,2025-05-14,1,3,3,38801,Saúde,Alta,provável
b2bc0efa-21ee-46a8-b9de-4cfc069b9973,Conversa com o Cliente,Negociação,2025-05-19,2,8,5,38801,Saúde,Alta,muito provável
7a475f8b-1308-4705-bcf2-93cf46a376af,Negociação,Negociação,2025-05-20,3,9,1,38801,Saúde,Alta,provável
d45ea5c2-c576-47f0-a719-2ec396e7f0f3,Negociação,Fechamento,2025-05-31,4,20,11,38801,Saúde,Alta,muito provável
74702249-7681-4725-8b6f-23cf0d57cbfd,Análise de Perfil,Análise de Perfil,2025-05-07,1,11,11,36905,Serviços,Alta,provável
79856efc-0964-4fd1-b29b-cb52c2ef89b3,Análise de Perfil,Análise de Perfil,2025-05-14,2,18,7,36905,Serviços,Alta,provável
45b427db-7dfe-48ef-b38b-6070acba67e7,Análise de Perfil,Conversa com o Cliente,2025-05-29,3,33,15,36905,Serviços,Alta,provável
bb8c7103-7b92-47b3-a3de-d2cdc8cfdcfd,Conversa com o Cliente,Negociação,2025-06-10,4,45,12,36905,Serviços,Alta,provável
028a71e2-1427-4912-89f9-621fd66ff90e,Negociação,Fechamento,2025-06-24,5,59,14,36905,Serviços,Alta,muito provável
19a85c73-1ef2-487c-ac60-d5687c77bc15,Análise de Perfil,Conversa com o Cliente,2025-04-12,1,6,6,39380,Serviços,Alta,provável
c56dcda8-5968-43eb-b6ce-3906ca1d7f53,Conversa com o Cliente,Negociação,2025-04-17,2,11,5,39380,Serviços,Alta,provável
d67a9c3e-c2bd-4ff1-a472-03a0197e98ef,Negociação,Fechamento,2025-04-22,3,16,5,39380,Serviços,Alta,muito provável
47c77480-1b58-48b1-a971-f5841ab247ef,Análise de Perfil,Conversa com o Cliente,2025-08-30,1,12,12,37192,Indústria,Média,pouco provável
3b2a3e13-e667-40ee-8c88-21c16b09cb41,Conversa com o Cliente,Negociação,2025-09-08,2,21,9,37192,Indústria,Média,provável
9215da5c-81a5-425e-8b0e-a39368b65711,Análise de Perfil,Conversa com o Cliente,2025-06-18,1,1,1,13759,Saúde,Média,provável
88f065e5-1c08-4752-afb0-f3dab04da474,Conversa com o Cliente,Negociação,2025-07-03,2,16,15,13759,Saúde,Média,provável
73d5e550-0830-423c-8f90-caf587d8950f,Negociação,Fechamento,2025-07-12,3,25,9,13759,Saúde,Média,provável
400195d5-4cd7-4c7e-8e4c-690ad8542bea,Fechamento,Fechamento,2025-07-27,4,40,15,13759,Saúde,Média,provável
0c7773e4-c2de-4581-9e96-51e27b4839fb,Fechamento,Fechamento,2025-08-06,5,50,10,13759,Saúde,Média,muito provável
81cf19e8-e2f2-4516-9232-8e8b34d4656b,Análise de Perfil,Conversa com o Cliente,2025-05-21,1,5,5,31386,Saúde,Baixa,pouco provável
3bee0cdd-42ef-410f-be7f-1c9458807572,Conversa com o Cliente,Conversa com o Cliente,2025-05-29,2,13,8,31386,Saúde,Baixa,pouco provável
07ebf93a-0268-45ad-859b-9bebd7a634d5,Conversa com o Cliente,Conversa com o Cliente,2025-06-02,3,17,4,31386,Saúde,Baixa,pouco provável
ed05994d-e9db-4f17-a052-d6a366b1494f,Conversa com o Cliente,Negociação,2025-06-12,4,27,10,31386,Saúde,Baixa,pouco provável
5dcf7022-b51c-4b21-aee6-54f972a84fee,Negociação,Fechamento,2025-06-25,5,40,13,31386,Saúde,Baixa,provável
9df77e74-4b59-422b-94ba-06ccd2cfbfdc,Análise de Perfil,Conversa com o Cliente,2025-11-27,1,7,7,41351,Saúde,Média,provável
7a198297-a151-4742-a9d5-b9ee86037aa4,Conversa com o Cliente,Conversa com o Cliente,2025-12-02,2,12,5,41351,Saúde,Média,pouco provável
cf9b02e9-f52d-44f1-bdd9-5cffc64a618d,Conversa com o Cliente,Conversa com o Cliente,2025-12-06,3,16,4,41351,Saúde,Média,pouco provável
c493e4f7-e473-4a2f-b55c-2fea884ae241,Análise de Perfil,Conversa com o Cliente,2025-07-17,1,4,4,28983,Indústria,Média,provável
ed85cbb3-609b-407b-b7fa-f7491c45a2cf,Conversa com o Cliente,Negociação,2025-08-01,2,19,15,28983,Indústria,Média,provável
fef7f930-3917-4c40-b1c0-932f073e6672,Negociação,Fechamento,2025-08-05,3,23,4,28983,Indústria,Média,provável
189896eb-eb01-47e9-8506-2eb77eb041c4,Fechamento,Fechamento,2025-08-18,4,36,13,28983,Indústria,Média,muito provável
3d8e5871-5d00-44d2-8e09-dccd2e3b048a,Análise de Perfil,Conversa com o Cliente,2025-11-01,1,5,5,44096,Tecnologia,Média,provável
c2d6bf3e-e639-4708-8195-977f34cc8cf1,Conversa com o Cliente,Negociação,2025-11-15,2,19,14,44096,Tecnologia,Média,provável
2e4c25ed-be1d-45f9-a93a-c1b2db112dc2,Negociação,Negociação,2025-11-20,3,24,5,44096,Tecnologia,Média,provável
6d0f2d19-5fc7-4e18-a50e-936a60eccfa3,Negociação,Fechamento,2025-11-26,4,30,6,44096,Tecnologia,Média,muito provável
f3a73d52-67ed-4257-b0c0-d8f1da807f84,Análise de Perfil,Conversa com o Cliente,2025-06-20,1,15,15,21192,Saúde,Alta,provável
71a50a57-955b-4159-a769-8c9fc755d7e8,Conversa com o Cliente,Negociação,2025-06-28,2,23,8,21192,Saúde,Alta,provável
6055bab5-ad8c-4512-97f0-a0427430b6d4,Negociação,Negociação,2025-06-30,3,25,2,21192,Saúde,Alta,provável
739e43f1-c638-4689-801c-87115242a873,Negociação,Fechamento,2025-07-01,4,26,1,21192,Saúde,Alta,muito provável
ccec01ac-5236-47ba-94bf-60c0daf0afff,Análise de Perfil,Conversa com o Cliente,2025-05-10,1,9,9,7027,Comércio,Baixa,pouco provável
fdebcce7-7333-4ae6-94af-f252c32df1c6,Conversa com o Cliente,Conversa com o Cliente,2025-05-20,2,19,10,7027,Comércio,Baixa,pouco provável
0e56d735-970f-424b-8da5-09e61b231a02,Conversa com o Cliente,Negociação,2025-05-23,3,22,3,7027,Comércio,Baixa,pouco provável
1d74d6e2-1983-49ea-99d4-a99354f39b1a,Análise de Perfil,Análise de Perfil,2025-11-30,1,3,3,8868,Tecnologia,Média,provável
077dfd10-5bee-449f-92f0-d03954bd878d,Análise de Perfil,Conversa com o Cliente,2025-12-14,2,17,14,8868,Tecnologia,Média,pouco provável
93f30e04-a0a0-44c7-83a1-4daaab4cd3f8,Conversa com o Cliente,Conversa com o Cliente,2025-12-26,3,29,12,8868,Tecnologia,Média,provável
6b20250e-a5b5-4343-8b72-79b70ffe574f,Conversa com o Cliente,Conversa com o Cliente,2026-01-01,4,35,6,8868,Tecnologia,Média,pouco provável
b20fcc7f-8a4d-4fe9-aced-803e655ecfa3,Conversa com o Cliente,Negociação,2026-01-15,5,49,14,8868,Tecnologia,Média,provável
3d021d41-5397-4277-829b-ba05dafe46ac,Negociação,Fechamento,2026-01-21,6,55,6,8868,Tecnologia,Média,provável
d9790ddb-ac39-4b06-abae-f5b1a4bdd0ed,Fechamento,Fechamento,2026-02-04,7,69,14,8868,Tecnologia,Média,provável
e13bb44e-2293-4f0c-9023-3300df8a6526,Fechamento,Fechamento,2026-02-07,8,72,3,8868,Tecnologia,Média,muito provável
ec739eca-826b-4f95-860a-80489b3ea2c6,Análise de Perfil,Conversa com o Cliente,2025-11-25,1,8,8,24160,Saúde,Baixa,pouco provável
748f43e6-a365-4b0a-b822-36e26aa65e92,Conversa com o Cliente,Negociação,2025-12-10,2,23,15,24160,Saúde,Baixa,pouco provável
f8efb0e0-fc1d-49d4-873d-948981d1bc74,Negociação,Fechamento,2025-12-15,3,28,5,24160,Saúde,Baixa,provável
9f125158-7d79-44a0-b28a-dd002e106b1b,Fechamento,Fechamento,2025-12-21,4,34,6,24160,Saúde,Baixa,pouco provável
e88780ca-d6e2-4742-a476-2035a105785a,Fechamento,Fechamento,2025-12-22,5,35,1,24160,Saúde,Baixa,pouco provável
bdd9a513-dfaf-4231-a695-f15f8d1050fa,Análise de Perfil,Análise de Perfil,2025-08-15,1,3,3,22408,Comércio,Baixa,pouco provável
848a2576-11d1-4a09-846a-72ead4c8e254,Análise de Perfil,Conversa com o Cliente,2025-08-16,2,4,1,22408,Comércio,Baixa,pouco provável
84d47c22-e813-4a36-833c-a47edac591e2,Análise de Perfil,Análise de Perfil,2025-05-23,1,3,3,17671,Saúde,Média,pouco provável
c391733f-b07c-4782-9425-ec7c966a73f0,Análise de Perfil,Conversa com o Cliente,2025-05-29,2,9,6,17671,Saúde,Média,provável
f14d3827-e292-42a2-8a5d-f15cd86df9e5,Análise de Perfil,Conversa com o Cliente,2025-01-28,1,5,5,8735,Serviços,Baixa,pouco provável
29a38d48-e863-47ae-9451-184071cd1544,Conversa com o Cliente,Negociação,2025-02-10,2,18,13,8735,Serviços,Baixa,pouco provável
3f27f0d0-3567-4ed4-bd5e-270f89131174,Negociação,Fechamento,2025-02-16,3,24,6,8735,Serviços,Baixa,provável
9fa23397-9fd2-4bc6-a7e2-7a551de44976,Análise de Perfil,Análise de Perfil,2025-02-26,1,12,12,34816,Saúde,Baixa,pouco provável
0777ba9d-8b6d-4892-8682-d536e5cf71ba,Análise de Perfil,Conversa com o Cliente,2025-03-03,2,17,5,34816,Saúde,Baixa,pouco provável
691b5e91-02ad-464b-b42a-935baeeac0be,Conversa com o Cliente,Negociação,2025-03-04,3,18,1,34816,Saúde,Baixa,pouco provável
1dd50a2f-cd38-4d5a-b5a4-1b050d4c1916,Negociação,Negociação,2025-03-15,4,29,11,34816,Saúde,Baixa,provável
e2a0d6ae-46cf-452e-b539-01fad423dcd1,Negociação,Fechamento,2025-03-16,5,30,1,34816,Saúde,Baixa,pouco provável
dc2c5259-75c8-468c-9d5d-583a4be9ca62,Análise de Perfil,Análise de Perfil,2025-06-28,1,9,9,27914,Educação,Alta,provável
013dd21c-b0dc-46a2-b0d0-293a6fcc6b58,Análise de Perfil,Conversa com o Cliente,2025-07-02,2,13,4,27914,Educação,Alta,provável
e1360a5e-ba5f-44e4-8984-0521dbd45db0,Conversa com o Cliente,Conversa com o Cliente,2025-07-14,3,25,12,27914,Educação,Alta,provável
a5b0521a-96e8-486f-a5ee-08063012715c,Conversa com o Cliente,Negociação,2025-07-16,4,27,2,27914,Educação,Alta,provável
e0b6a881-8f31-4080-97a1-8efe740fbb4b,Negociação,Fechamento,2025-07-26,5,37,10,27914,Educação,Alta,muito provável
ed6e7fbb-b498-4fc1-88af-e3f8ca7f1152,Análise de Perfil,Análise de Perfil,2025-06-17,1,6,6,32397,Tecnologia,Média,pouco provável
3589959a-13d2-4d27-b3ae-7fb6dead71cf,Análise de Perfil,Conversa com o Cliente,2025-06-21,2,10,4,32397,Tecnologia,Média,provável
ea6c282f-d6ac-44b7-9638-5fea3d910994,Conversa com o Cliente,Conversa com o Cliente,2025-07-05,3,24,14,32397,Tecnologia,Média,provável
4fcee74b-9f52-420c-ac98-b2ba6a34dd73,Conversa com o Cliente,Conversa com o Cliente,2025-07-20,4,39,15,32397,Tecnologia,Média,provável
6a259625-2884-43d0-b380-a4fe5d758411,Análise de Perfil,Conversa com o Cliente,2025-05-22,1,3,3,45128,Educação,Média,pouco provável
4e7bc3bb-07c7-4f25-871a-0f9d6b171c53,Conversa com o Cliente,Negociação,2025-06-03,2,15,12,45128,Educação,Média,provável
6d8c9bb4-5901-4316-9559-e1c12c314d64,Negociação,Negociação,2025-06-07,3,19,4,45128,Educação,Média,provável
a5a8d23e-aa7f-4310-8cbe-29668bf1af33,Negociação,Fechamento,2025-06-17,4,29,10,45128,Educação,Média,provável
e987197a-c3bb-4f5a-97e9-814d814930f2,Fechamento,Fechamento,2025-06-28,5,40,11,45128,Educação,Média,provável
72ee0029-e35d-404d-9ad3-9733e768bee0,Análise de Perfil,Conversa com o Cliente,2025-10-10,1,4,4,20329,Serviços,Alta,provável
b6d314f2-ee86-43c6-bdf0-3f262cd3cbeb,Conversa com o Cliente,Negociação,2025-10-13,2,7,3,20329,Serviços,Alta,provável
5d83ea8c-d9ff-45e9-80a4-a6c9febf5e55,Negociação,Fechamento,2025-10-17,3,11,4,20329,Serviços,Alta,muito provável
2853d8d1-b972-4fd1-becb-bf118f881d4d,Análise de Perfil,Conversa com o Cliente,2025-07-11,1,5,5,9552,Comércio,Média,provável
3199b54a-6127-47fd-a46a-76364e7f410c,Conversa com o Cliente,Negociação,2025-07-25,2,19,14,9552,Comércio,Média,provável
b73d8096-9885-4f4e-b10a-e57f0f426280,Negociação,Fechamento,2025-08-06,3,31,12,9552,Comércio,Média,provável
de0a4f6e-5137-40cc-bdb9-1578fd0b9e63,Fechamento,Fechamento,2025-08-15,4,40,9,9552,Comércio,Média,provável
b9760494-e9b6-433c-993b-6a82a349366a,Análise de Perfil,Conversa com o Cliente,2025-07-25,1,13,13,17345,Indústria,Baixa,pouco provável
a341523d-4493-480d-8693-9d9bdbf49bb4,Conversa com o Cliente,Conversa com o Cliente,2025-08-08,2,27,14,17345,Indústria,Baixa,pouco provável
8821c057-14d7-4d78-8d7d-350eba08fcf0,Conversa com o Cliente,Negociação,2025-08-09,3,28,1,17345,Indústria,Baixa,pouco provável
1f2355fa-37a9-49b6-b603-bb331ef4eb98,Negociação,Fechamento,2025-08-21,4,40,12,17345,Indústria,Baixa,pouco provável
478de123-915a-4079-9b9e-d5db47a986bb,Análise de Perfil,Conversa com o Cliente,2025-09-15,1,14,14,43521,Educação,Média,pouco provável
e88326a0-9d8e-4da1-ad19-266b8e05d374,Conversa com o Cliente,Conversa com o Cliente,2025-09-23,2,22,8,43521,Educação,Média,provável
4ab4ec29-9422-4ab6-b897-3bfc4751a734,Conversa com o Cliente,Negociação,2025-10-01,3,30,8,43521,Educação,Média,provável
56657240-5b58-45e9-bdf9-a58c056c4780,Negociação,Fechamento,2025-10-05,4,34,4,43521,Educação,Média,provável
1966a07c-d536-4a7e-b5f7-77e95459ec92,Fechamento,Fechamento,2025-10-08,5,37,3,43521,Educação,Média,provável
402963f2-d098-4e3a-aa89-d1f5d225e513,Fechamento,Fechamento,2025-10-21,6,50,13,43521,Educação,Média,muito provável
7573d683-66eb-472b-8868-6521ff4cf639,Análise de Perfil,Conversa com o Cliente,2025-10-13,1,8,8,33658,Saúde,Baixa,pouco provável
71a3c429-94ab-47b9-ba8e-62c5319bd65b,Conversa com o Cliente,Negociação,2025-10-17,2,12,4,33658,Saúde,Baixa,provável
c6e2ed18-5e13-4142-b157-8db996056f1c,Negociação,Fechamento,2025-10-30,3,25,13,33658,Saúde,Baixa,pouco provável
139acd16-932c-468a-8031-add9517b1cbb,Fechamento,Fechamento,2025-11-06,4,32,7,33658,Saúde,Baixa,pouco provável
b21cefeb-81d0-40e1-8694-ce81b10ae2ef,Fechamento,Fechamento,2025-11-19,5,45,13,33658,Saúde,Baixa,provável
66b1bf33-0ff0-495e-8830-1f1b8ee059a8,Fechamento,Fechamento,2025-11-24,6,50,5,33658,Saúde,Baixa,pouco provável
23d6db99-16ed-4e21-ae1b-ad52f9aeb3c4,Análise de Perfil,Conversa com o Cliente,2025-06-23,1,8,8,42344,Saúde,Baixa,pouco provável
b29aff95-ed71-480d-ae68-59477e0e2747,Conversa com o Cliente,Negociação,2025-06-29,2,14,6,42344,Saúde,Baixa,pouco provável
aaafaa7a-693c-4eb0-a237-f9976364a5dd,Negociação,Fechamento,2025-07-09,3,24,10,42344,Saúde,Baixa,provável
f82cf47d-83ea-4db9-87fc-95afc3cf8cbb,Fechamento,Fechamento,2025-07-19,4,34,10,42344,Saúde,Baixa,pouco provável
8678fadf-a2a1-4923-9dec-9b1088a2366a,Análise de Perfil,Análise de Perfil,2025-03-23,1,4,4,18927,Serviços,Alta,provável
a79ad2e1-3a3e-4be8-8487-537876849530,Análise de Perfil,Conversa com o Cliente,2025-04-04,2,16,12,18927,Serviços,Alta,provável
1c8d1ac8-a44d-4543-8d9b-4cb2812eaa4c,Análise de Perfil,Conversa com o Cliente,2025-06-13,1,5,5,13546,Serviços,Baixa,pouco provável
449b04b4-5444-43b0-ad95-3d5a80d68c8d,Conversa com o Cliente,Negociação,2025-06-16,2,8,3,13546,Serviços,Baixa,provável
0fed2549-bd71-4d80-8481-7dfc84af15b9,Negociação,Negociação,2025-07-01,3,23,15,13546,Serviços,Baixa,pouco provável
bd070a78-3f6c-432b-939f-7f6924e0dc20,Análise de Perfil,Análise de Perfil,2025-06-28,1,7,7,13885,Comércio,Média,pouco provável
d702c9d9-400b-48aa-af18-1bf286bf7976,Análise de Perfil,Conversa com o Cliente,2025-06-30,2,9,2,13885,Comércio,Média,pouco provável
6482ce68-7c0f-47a9-9438-d19e8bbde17d,Conversa com o Cliente,Negociação,2025-07-09,3,18,9,13885,Comércio,Média,provável
fed17e53-ca86-423e-aecf-85d69eb6f32a,Análise de Perfil,Análise de Perfil,2025-04-24,1,11,11,45082,Indústria,Baixa,pouco provável
cbbbd668-4efd-4546-acb1-71d4faef7d7d,Análise de Perfil,Conversa com o Cliente,2025-04-30,2,17,6,45082,Indústria,Baixa,pouco provável
ac968c64-f6c0-41cf-a164-3c8c3012b513,Análise de Perfil,Conversa com o Cliente,2025-09-04,1,8,8,21373,Comércio,Média,provável
76dac0f2-d5d1-41f0-9ea3-47a1bda49148,Conversa com o Cliente,Negociação,2025-09-14,2,18,10,21373,Comércio,Média,provável
78313e85-ec13-4135-ba07-2c904cf59fca,Negociação,Negociação,2025-09-24,3,28,10,21373,Comércio,Média,provável
a4574815-d988-4a16-8771-61763cf10120,Negociação,Fechamento,2025-09-25,4,29,1,21373,Comércio,Média,provável
8a821ccc-bcf7-4e39-a155-c8c993f49ca1,Fechamento,Fechamento,2025-09-30,5,34,5,21373,Comércio,Média,muito provável
aab169f9-adbe-4497-a080-d6e23878e1f1,Análise de Perfil,Conversa com o Cliente,2025-11-18,1,14,14,31357,Saúde,Baixa,pouco provável
00e1c52c-3b3e-4f1d-bb15-aaa0383b3610,Conversa com o Cliente,Negociação,2025-11-24,2,20,6,31357,Saúde,Baixa,pouco provável
fa31653b-4ffc-4270-87dd-5bfee6c02703,Negociação,Fechamento,2025-12-07,3,33,13,31357,Saúde,Baixa,provável
f270aa36-2f24-4f7d-862d-00582f7841ef,Fechamento,Fechamento,2025-12-17,4,43,10,31357,Saúde,Baixa,pouco provável
88e0f27f-1c9d-4cd9-9ce4-3562cd15264c,Fechamento,Fechamento,2025-12-18,5,44,1,31357,Saúde,Baixa,pouco provável
a8123d68-9c3a-4d48-b0c4-c8b7e4c7c724,Fechamento,Fechamento,2025-12-26,6,52,8,31357,Saúde,Baixa,pouco provável
1317988e-94bf-4aef-9254-6394c89fc6b4,Fechamento,Fechamento,2026-01-07,7,64,12,31357,Saúde,Baixa,pouco provável
70fa5742-18db-4867-86ae-aff831b779a1,Fechamento,Fechamento,2026-01-10,8,67,3,31357,Saúde,Baixa,pouco provável
beccfb0b-2c29-476f-97f1-e57a5266a004,Análise de Perfil,Análise de Perfil,2025-03-09,1,6,6,24790,Serviços,Média,pouco provável
f3e7cbf5-5d89-4a52-b7f6-e78ba660ae68,Análise de Perfil,Conversa com o Cliente,2025-03-12,2,9,3,24790,Serviços,Média,provável
62dcc159-17f8-407c-865c-d1a9e809c4d9,Conversa com o Cliente,Negociação,2025-03-24,3,21,12,24790,Serviços,Média,provável
c4772ed7-1424-441d-a1e9-ad9e400b914b,Negociação,Fechamento,2025-03-25,4,22,1,24790,Serviços,Média,provável
c3bd0546-2a0b-4954-b7f8-c5f75c78fd5b,Fechamento,Fechamento,2025-03-29,5,26,4,24790,Serviços,Média,muito provável
9d026cb6-f513-4bec-96b4-a49483254cfc,Análise de Perfil,Análise de Perfil,2025-09-20,1,11,11,33176,Indústria,Alta,muito provável
6739872a-a2cb-4617-b389-86dab4994835,Análise de Perfil,Conversa com o Cliente,2025-09-27,2,18,7,33176,Indústria,Alta,provável
60c30b1a-33c3-49bf-82a4-50cb35793cef,Conversa com o Cliente,Negociação,2025-10-04,3,25,7,33176,Indústria,Alta,muito provável
b43094ef-39a6-4005-a96e-540cc960783d,Negociação,Fechamento,2025-10-07,4,28,3,33176,Indústria,Alta,muito provável
1455b379-652d-4309-bce7-8044332cd564,Análise de Perfil,Análise de Perfil,2025-07-11,1,9,9,30870,Indústria,Baixa,pouco provável
7c25976e-5011-4993-a142-889144d6cd39,Análise de Perfil,Análise de Perfil,2025-07-15,2,13,4,30870,Indústria,Baixa,pouco provável
ca7c1295-7e74-4097-bb17-f1d84149d659,Análise de Perfil,Conversa com o Cliente,2025-07-28,3,26,13,30870,Indústria,Baixa,pouco provável
ffc93ecf-8c40-4310-a6a4-faabcfa8c993,Conversa com o Cliente,Negociação,2025-07-31,4,29,3,30870,Indústria,Baixa,provável
88c2a54a-8b8c-468a-9fae-73345d5b1bc3,Negociação,Negociação,2025-08-13,5,42,13,30870,Indústria,Baixa,provável
62ea6208-16d8-4335-94e4-a58c97a29c70,Análise de Perfil,Análise de Perfil,2025-09-08,1,11,11,23343,Educação,Média,pouco provável
924c418d-1aee-4aea-92d1-fbc83c1dd645,Análise de Perfil,Conversa com o Cliente,2025-09-22,2,25,14,23343,Educação,Média,pouco provável
929b1174-2795-4955-afa0-696373ee2b8d,Análise de Perfil,Conversa com o Cliente,2025-01-17,1,9,9,43418,Indústria,Alta,provável
f458c155-b4b5-49f4-a4ed-5dc144c1e229,Conversa com o Cliente,Negociação,2025-01-28,2,20,11,43418,Indústria,Alta,provável
8f227597-bc7c-473d-bb0a-062a1bc137c7,Negociação,Fechamento,2025-02-10,3,33,13,43418,Indústria,Alta,muito provável
fb5442ab-dbd4-4a70-aa55-367cf6aecee1,Análise de Perfil,Análise de Perfil,2025-06-27,1,2,2,7118,Saúde,Média,provável
3f02f533-1157-404f-b605-7715f22e31fe,Análise de Perfil,Conversa com o Cliente,2025-06-28,2,3,1,7118,Saúde,Média,pouco provável
88a52903-bfdd-4b90-b57b-d1c0a8a2f8e0,Conversa com o Cliente,Conversa com o Cliente,2025-07-09,3,14,11,7118,Saúde,Média,provável
040582b2-54e0-4a8a-975a-18a9640386c0,Conversa com o Cliente,Conversa com o Cliente,2025-07-11,4,16,2,7118,Saúde,Média,pouco provável
1403c469-d91d-4393-9d53-1e6d5d26cb63,Conversa com o Cliente,Conversa com o Cliente,2025-07-25,5,30,14,7118,Saúde,Média,pouco provável
44706c3f-1a12-4750-a48d-7ef80fbdee70,Conversa com o Cliente,Conversa com o Cliente,2025-07-26,6,31,1,7118,Saúde,Média,provável
712a2de9-6d52-4151-b87a-14e3b0d56729,Conversa com o Cliente,Negociação,2025-08-01,7,37,6,7118,Saúde,Média,provável
2931d9a5-e546-428b-b9e2-2c62985dba6f,Negociação,Fechamento,2025-08-04,8,40,3,7118,Saúde,Média,provável
4df0ffd4-a535-4405-bae1-d0388c296a07,Análise de Perfil,Análise de Perfil,2025-02-27,1,11,11,23803,Serviços,Baixa,pouco provável
b8fd7180-d121-42fd-87f7-fffac133f3e7,Análise de Perfil,Conversa com o Cliente,2025-03-05,2,17,6,23803,Serviços,Baixa,pouco provável
152db0cb-c159-4920-a206-c950df165b8b,Conversa com o Cliente,Negociação,2025-03-12,3,24,7,23803,Serviços,Baixa,pouco provável
8c32907d-15e4-4407-908c-2ee50c592532,Negociação,Negociação,2025-03-23,4,35,11,23803,Serviços,Baixa,pouco provável
726eae54-c739-415f-8293-11cb8d7fb0d6,Negociação,Fechamento,2025-04-02,5,45,10,23803,Serviços,Baixa,pouco provável
f9a3a9a9-9aad-40a5-893a-a9a9ade99904,Fechamento,Fechamento,2025-04-11,6,54,9,23803,Serviços,Baixa,pouco provável
8fdf7c87-800f-4c83-83a2-2dd5f36bbdef,Fechamento,Fechamento,2025-04-13,7,56,2,23803,Serviços,Baixa,provável
2298d981-d474-4a28-aa88-2dee15d58eb3,Fechamento,Fechamento,2025-04-28,8,71,15,23803,Serviços,Baixa,pouco provável
9f75e371-3ddf-4c3f-b895-6ae2b870e08a,Análise de Perfil,Conversa com o Cliente,2025-07-31,1,9,9,38078,Educação,Média,pouco provável
eefcfd73-8904-4cb3-a323-3c35e19e57bc,Conversa com o Cliente,Conversa com o Cliente,2025-08-10,2,19,10,38078,Educação,Média,provável
e9e3ce47-e75b-4b20-9a90-9f35635f7565,Conversa com o Cliente,Negociação,2025-08-18,3,27,8,38078,Educação,Média,provável
eeffccc0-323e-48af-8906-abe9f722110c,Negociação,Fechamento,2025-08-20,4,29,2,38078,Educação,Média,provável
8e67ce54-32a5-4f4b-81d3-e6636e379c62,Fechamento,Fechamento,2025-08-25,5,34,5,38078,Educação,Média,provável
acc16c33-4dd0-43dd-8b5e-1f8435be0f51,Fechamento,Fechamento,2025-08-29,6,38,4,38078,Educação,Média,provável
42e7162c-7401-4822-a16c-999ab57c40f4,Fechamento,Fechamento,2025-09-08,7,48,10,38078,Educação,Média,muito provável
378fe3f2-a1cd-462e-b1a8-8e055f430f67,Análise de Perfil,Análise de Perfil,2025-03-28,1,9,9,43902,Saúde,Baixa,pouco provável
2ae7fd57-b1c3-441c-b703-3cf25208413e,Análise de Perfil,Análise de Perfil,2025-03-31,2,12,3,43902,Saúde,Baixa,pouco provável
d52f1629-788e-4cfb-821d-27b6f5aefdd9,Análise de Perfil,Conversa com o Cliente,2025-04-08,3,20,8,43902,Saúde,Baixa,pouco provável
c7aa00cd-3c0b-41f6-a84d-f13b2b491f70,Conversa com o Cliente,Negociação,2025-04-10,4,22,2,43902,Saúde,Baixa,pouco provável
c182760f-e040-4a28-b719-338d95728b67,Negociação,Fechamento,2025-04-14,5,26,4,43902,Saúde,Baixa,pouco provável
47e08c79-c538-463c-a3cc-a6c00f916b12,Análise de Perfil,Conversa com o Cliente,2025-11-18,1,9,9,40193,Educação,Alta,provável
fafe0416-a939-4871-8357-a47d88a55fea,Conversa com o Cliente,Negociação,2025-12-02,2,23,14,40193,Educação,Alta,provável
6bea4507-c1a7-41c4-84fe-734ddeea1bd7,Negociação,Fechamento,2025-12-11,3,32,9,40193,Educação,Alta,muito provável
264a3b98-9437-493c-9644-6a447f27ece7,Análise de Perfil,Conversa com o Cliente,2025-04-02,1,14,14,35959,Educação,Média,provável
d4072176-02b0-4ace-a397-e730daca155b,Conversa com o Cliente,Negociação,2025-04-03,2,15,1,35959,Educação,Média,provável
a49128b7-7ab5-4c41-8c3e-17f433273d2e,Negociação,Fechamento,2025-04-13,3,25,10,35959,Educação,Média,muito provável
88cfef8c-6c7d-4a68-8e20-81f8bc04846b,Análise de Perfil,Análise de Perfil,2025-03-20,1,7,7,38186,Comércio,Média,pouco provável
4ac3cc44-fcde-4ce9-a598-fb47593f3a38,Análise de Perfil,Conversa com o Cliente,2025-04-04,2,22,15,38186,Comércio,Média,provável
0cf62e0a-08a5-4e27-a3c3-3fef78b979a6,Conversa com o Cliente,Negociação,2025-04-17,3,35,13,38186,Comércio,Média,provável
75ffe034-bfe6-4f9f-ae18-d450870f92f0,Negociação,Fechamento,2025-04-26,4,44,9,38186,Comércio,Média,provável
8a41b1d6-56bf-46cf-8ddc-3822f83c230f,Fechamento,Fechamento,2025-05-08,5,56,12,38186,Comércio,Média,provável
e4025a17-3da7-4eca-a3fd-ede81705fac1,Análise de Perfil,Conversa com o Cliente,2025-11-21,1,9,9,37685,Comércio,Baixa,pouco provável
0ee9bddd-5ea4-42c8-9361-0a2dfe794d18,Conversa com o Cliente,Negociação,2025-11-30,2,18,9,37685,Comércio,Baixa,pouco provável
52ddc7f7-0543-4f01-99b1-c80a91b84d7b,Análise de Perfil,Análise de Perfil,2025-02-16,1,11,11,11637,Educação,Média,pouco provável
527c4786-1ab9-4aa4-9946-0a58978cf13d,Análise de Perfil,Conversa com o Cliente,2025-02-26,2,21,10,11637,Educação,Média,provável
6c3231c5-3577-4dc0-83fc-eae594cb889e,Conversa com o Cliente,Negociação,2025-02-27,3,22,1,11637,Educação,Média,provável
3b7598bf-169b-41fa-95c1-a54dca2590fa,Negociação,Fechamento,2025-03-02,4,25,3,11637,Educação,Média,muito provável
43c6a2bb-811c-4486-8f20-0fe21b2364f1,Análise de Perfil,Conversa com o Cliente,2025-01-29,1,10,10,17010,Serviços,Média,provável
a307e642-7433-4f84-aec5-3881174de1af,Conversa com o Cliente,Negociação,2025-01-30,2,11,1,17010,Serviços,Média,provável
652e345a-2c95-40b2-bd5c-bef276fa3fc2,Negociação,Fechamento,2025-02-10,3,22,11,17010,Serviços,Média,provável
6e80f06a-7529-4653-bfbf-7f592068495a,Análise de Perfil,Conversa com o Cliente,2025-07-18,1,7,7,14508,Indústria,Média,provável
e7769d85-c05f-49c3-a3bf-1dcb99d5e60f,Conversa com o Cliente,Negociação,2025-07-30,2,19,12,14508,Indústria,Média,provável
4bac1c11-8f4c-4d91-8016-265ac75ea39b,Negociação,Fechamento,2025-07-31,3,20,1,14508,Indústria,Média,provável
9c77d188-1fbf-46de-b76d-64b2f48bb743,Análise de Perfil,Conversa com o Cliente,2025-06-01,1,5,5,14644,Serviços,Média,pouco provável
825bdfa1-c2c9-45be-9795-e4c5feb99f4a,Conversa com o Cliente,Conversa com o Cliente,2025-06-10,2,14,9,14644,Serviços,Média,provável
ddea7fbb-ffa9-4b8d-a572-1c35e7b5452a,Conversa com o Cliente,Negociação,2025-06-15,3,19,5,14644,Serviços,Média,provável
5ab9969b-5517-4a0c-ac6c-239148b792ed,Negociação,Negociação,2025-06-23,4,27,8,14644,Serviços,Média,provável
bce2383b-eef0-47ed-adbf-501f0b852d4a,Negociação,Fechamento,2025-06-26,5,30,3,14644,Serviços,Média,muito provável
ad2efef9-6348-4ccd-a06f-3f270e929ce2,Análise de Perfil,Análise de Perfil,2025-09-10,1,7,7,12623,Comércio,Média,pouco provável
a0ca5673-4d7a-4817-a633-d1eb4210b46d,Análise de Perfil,Análise de Perfil,2025-09-16,2,13,6,12623,Comércio,Média,provável
596a3605-9b01-4c06-889a-2c56ce0d958a,Análise de Perfil,Conversa com o Cliente,2025-09-17,3,14,1,12623,Comércio,Média,provável
bfd541cf-6a73-404d-9548-59d72ff49626,Conversa com o Cliente,Conversa com o Cliente,2025-09-30,4,27,13,12623,Comércio,Média,provável
a0832a14-5b47-4a9a-8d38-79a4a2675399,Conversa com o Cliente,Negociação,2025-10-06,5,33,6,12623,Comércio,Média,provável
d9105b50-e4bf-4a6e-b6d6-4f7228cecfb8,Análise de Perfil,Conversa com o Cliente,2025-01-17,1,6,6,13275,Serviços,Média,pouco provável
4c0b772c-abd6-4ea1-ab3a-ca26731e1c09,Conversa com o Cliente,Negociação,2025-01-18,2,7,1,13275,Serviços,Média,provável
9f59de85-8df4-4421-ba2b-884aa72019eb,Negociação,Fechamento,2025-01-29,3,18,11,13275,Serviços,Média,muito provável
9e90f244-b714-4f29-8c5e-8ab5265ce6a9,Análise de Perfil,Conversa com o Cliente,2025-01-18,1,10,10,42969,Comércio,Média,provável
3529459b-3d57-4a69-bf6e-6541d9a5b468,Conversa com o Cliente,Negociação,2025-01-22,2,14,4,42969,Comércio,Média,provável
e070a2fa-4328-47a7-8190-7f745fdcdf93,Negociação,Fechamento,2025-01-23,3,15,1,42969,Comércio,Média,provável
c314546c-8266-47b4-981f-49e869760d39,Análise de Perfil,Conversa com o Cliente,2025-09-12,1,7,7,26680,Tecnologia,Média,provável
8cd93169-e99f-44a6-b72f-420fa837b207,Conversa com o Cliente,Negociação,2025-09-18,2,13,6,26680,Tecnologia,Média,provável
5cd78e10-b879-410e-a736-59cc3e87e48f,Negociação,Fechamento,2025-10-01,3,26,13,26680,Tecnologia,Média,provável
7c81b140-22e1-4f47-b4ac-bc2cf2d98de3,Fechamento,Fechamento,2025-10-06,4,31,5,26680,Tecnologia,Média,provável
62db8b16-019f-4ae4-83a0-da619f10d46b,Fechamento,Fechamento,2025-10-19,5,44,13,26680,Tecnologia,Média,provável
35bad4db-784e-41a3-9564-0508e090f76f,Fechamento,Fechamento,2025-10-28,6,53,9,26680,Tecnologia,Média,provável
031a01e4-3287-4f5e-bedb-0cebd5a6ed08,Fechamento,Fechamento,2025-11-03,7,59,6,26680,Tecnologia,Média,muito provável
9af98b70-d77e-45bf-9379-c2b96d0cebc1,Análise de Perfil,Conversa com o Cliente,2025-03-24,1,1,1,9892,Saúde,Média,pouco provável
b90c3208-49f8-4ed3-affa-b748940a31ea,Conversa com o Cliente,Negociação,2025-04-06,2,14,13,9892,Saúde,Média,provável
989bb4c7-a6b8-4267-b7e4-fa786f8d325e,Negociação,Fechamento,2025-04-14,3,22,8,9892,Saúde,Média,muito provável
b291f7f5-d3b9-4d8d-b1c1-2416e48da57a,Análise de Perfil,Conversa com o Cliente,2025-11-18,1,5,5,30738,Saúde,Média,pouco provável
1a5d86a9-5955-4c4a-90e3-87d5bee1d8a7,Conversa com o Cliente,Negociação,2025-11-24,2,11,6,30738,Saúde,Média,provável
e7e10b5c-05b5-42d2-af4e-6dfe9a44a803,Negociação,Fechamento,2025-11-27,3,14,3,30738,Saúde,Média,provável
845a8174-09a1-473f-b862-4da7f12aacc8,Análise de Perfil,Conversa com o Cliente,2025-07-05,1,10,10,47281,Tecnologia,Baixa,pouco provável
e81a6c0a-1179-4e6b-9dda-a6492c973c87,Conversa com o Cliente,Negociação,2025-07-18,2,23,13,47281,Tecnologia,Baixa,pouco provável
6185c2db-1db3-4202-ba6a-01c9c6525ae1,Negociação,Fechamento,2025-07-23,3,28,5,47281,Tecnologia,Baixa,provável
d7bfaf9a-d3fc-4be0-b003-121ef02e4131,Análise de Perfil,Análise de Perfil,2025-07-14,1,5,5,14413,Tecnologia,Média,pouco provável
b844511f-11af-457d-8f0d-3dea3daaa568,Análise de Perfil,Conversa com o Cliente,2025-07-18,2,9,4,14413,Tecnologia,Média,pouco provável
5ae92a75-487c-4ac3-b68b-18908eb4a892,Conversa com o Cliente,Negociação,2025-07-21,3,12,3,14413,Tecnologia,Média,provável
74ad9365-7b77-4a37-b93d-6889db1d54a1,Negociação,Fechamento,2025-07-25,4,16,4,14413,Tecnologia,Média,provável
410cde0b-fa39-4d2b-a61b-5b66e9099a3b,Fechamento,Fechamento,2025-08-02,5,24,8,14413,Tecnologia,Média,provável
ca5ebeed-23ef-4055-9195-bc12a83c2d8a,Fechamento,Fechamento,2025-08-15,6,37,13,14413,Tecnologia,Média,muito provável
36610014-00dc-4590-a79f-116fa3925061,Análise de Perfil,Conversa com o Cliente,2025-06-30,1,8,8,8374,Serviços,Média,pouco provável
01260c8e-98c8-4762-92e1-105c83eebfc4,Conversa com o Cliente,Negociação,2025-07-14,2,22,14,8374,Serviços,Média,provável
0cd9374f-906e-4b5c-81c4-4a70655356a1,Negociação,Fechamento,2025-07-29,3,37,15,8374,Serviços,Média,provável
33a4dfd8-fd3e-4841-b1dc-dab0c134ad5f,Fechamento,Fechamento,2025-08-01,4,40,3,8374,Serviços,Média,muito provável
3a3f5611-6b4f-44ae-a79c-ff8680257e7a,Análise de Perfil,Conversa com o Cliente,2025-08-04,1,7,7,20368,Serviços,Média,provável
ac0e5895-8c53-4b81-a760-1be91bfbf41b,Conversa com o Cliente,Negociação,2025-08-06,2,9,2,20368,Serviços,Média,provável
00ea5b9d-2d04-4d4a-8466-3601c1a10925,Negociação,Fechamento,2025-08-21,3,24,15,20368,Serviços,Média,provável
ce66a8c8-5f54-4c90-b26c-423ba8a57938,Fechamento,Fechamento,2025-08-31,4,34,10,20368,Serviços,Média,muito provável
3d861cb2-aa1b-4e3e-b9dd-407a68803b40,Análise de Perfil,Conversa com o Cliente,2025-11-29,1,2,2,21523,Tecnologia,Média,provável
3455debe-74da-41df-bec3-8ee3c1a76c1d,Conversa com o Cliente,Negociação,2025-12-11,2,14,12,21523,Tecnologia,Média,provável
a83c4e3a-8eb4-4091-b653-50e584e4d098,Análise de Perfil,Conversa com o Cliente,2025-03-18,1,8,8,38301,Indústria,Alta,provável
cf9f3e03-d287-4e39-a4b0-431d9d5335ec,Conversa com o Cliente,Negociação,2025-03-25,2,15,7,38301,Indústria,Alta,muito provável
be78dfc9-3faa-4627-b76c-e3f237591d63,Negociação,Fechamento,2025-04-03,3,24,9,38301,Indústria,Alta,muito provável
4c0406e2-570c-4c96-b4d8-d39007d20692,Análise de Perfil,Conversa com o Cliente,2025-01-21,1,4,4,37418,Tecnologia,Média,provável
e22dbb69-b963-4f1d-8e3f-ca5d9331e6f7,Conversa com o Cliente,Negociação,2025-01-27,2,10,6,37418,Tecnologia,Média,provável
55ea2930-b581-4f8d-bb0f-0d173321bc81,Negociação,Negociação,2025-02-10,3,24,14,37418,Tecnologia,Média,provável
3e796754-9df9-447e-ac3a-7a4fbb9189fb,Negociação,Fechamento,2025-02-12,4,26,2,37418,Tecnologia,Média,provável
8fa6490e-0cc7-4914-ac29-9620b9344b15,Análise de Perfil,Conversa com o Cliente,2025-07-14,1,11,11,29465,Saúde,Alta,muito provável
2470509d-e585-4c5b-89fc-8a532942a267,Conversa com o Cliente,Negociação,2025-07-29,2,26,15,29465,Saúde,Alta,provável
34e6e08c-6343-4d03-8467-a8830cbc5c82,Negociação,Fechamento,2025-08-06,3,34,8,29465,Saúde,Alta,muito provável
43e52a8b-a990-46bf-bf50-8ebc0fff7785,Análise de Perfil,Conversa com o Cliente,2025-02-15,1,4,4,18501,Indústria,Média,provável
de4c0605-2156-4512-b113-f0e393008987,Conversa com o Cliente,Negociação,2025-02-16,2,5,1,18501,Indústria,Média,provável
c799d953-1750-4f24-8134-f69c8f5fb2ac,Negociação,Fechamento,2025-02-24,3,13,8,18501,Indústria,Média,muito provável
da0aa968-247a-4852-81e1-52c3c96a3550,Análise de Perfil,Análise de Perfil,2025-03-12,1,14,14,11710,Indústria,Média,provável
eddedc46-66e1-49fe-9c72-9dc5a371c59f,Análise de Perfil,Conversa com o Cliente,2025-03-15,2,17,3,11710,Indústria,Média,provável
5827da89-434c-4774-961f-c3646b6def17,Conversa com o Cliente,Negociação,2025-03-22,3,24,7,11710,Indústria,Média,provável
5733f96f-d416-417c-9330-9364c6b87994,Negociação,Fechamento,2025-03-24,4,26,2,11710,Indústria,Média,provável
93b18df2-4364-4c8d-8a45-f70518ef7bd2,Fechamento,Fechamento,2025-03-28,5,30,4,11710,Indústria,Média,provável
71e40f28-2ac0-4e80-a1fb-7d07a752bb6a,Fechamento,Fechamento,2025-04-03,6,36,6,11710,Indústria,Média,provável
e2ddeadc-469d-46cb-8b4a-e52804fe0d71,Fechamento,Fechamento,2025-04-08,7,41,5,11710,Indústria,Média,muito provável
b023b31e-8a57-4b0d-bd1b-f5b0f31c89c5,Análise de Perfil,Conversa com o Cliente,2025-08-12,1,9,9,48228,Indústria,Média,pouco provável
4d3f8854-4171-48b7-ac86-b79be7939b53,Conversa com o Cliente,Negociação,2025-08-14,2,11,2,48228,Indústria,Média,provável
5c72f23c-91a1-4970-aeb7-f0cb56f1e2f9,Negociação,Fechamento,2025-08-22,3,19,8,48228,Indústria,Média,muito provável
ec7ebaf4-8eeb-4dcf-abfd-f7b255f95ec1,Análise de Perfil,Conversa com o Cliente,2025-10-18,1,1,1,12453,Saúde,Alta,provável
d8a140b6-6ff1-4b62-8c64-5fe2faf747c7,Conversa com o Cliente,Negociação,2025-11-01,2,15,14,12453,Saúde,Alta,muito provável
5bdba15b-6d68-41d8-9422-c6aebee24d2b,Análise de Perfil,Conversa com o Cliente,2025-12-03,1,12,12,45423,Educação,Média,provável
e5493c97-1822-4376-9a3f-8d0c6ed26299,Conversa com o Cliente,Negociação,2025-12-18,2,27,15,45423,Educação,Média,provável
065cd19d-7ef7-499e-8222-c625fb7cb877,Análise de Perfil,Conversa com o Cliente,2025-10-27,1,10,10,47751,Serviços,Baixa,pouco provável
73397bf4-6d39-48f4-a73e-9b4c53fa6041,Conversa com o Cliente,Negociação,2025-11-07,2,21,11,47751,Serviços,Baixa,pouco provável
b39314b3-cdad-4793-9568-42915641907a,Negociação,Negociação,2025-11-18,3,32,11,47751,Serviços,Baixa,pouco provável
263140fd-26ab-495c-ad7a-af7e2c807f96,Negociação,Fechamento,2025-11-29,4,43,11,47751,Serviços,Baixa,pouco provável
512c3c8b-1fdf-41de-9095-4966b782a255,Fechamento,Fechamento,2025-12-07,5,51,8,47751,Serviços,Baixa,provável
58ebb9cc-bfa8-4a47-812e-83b1e9e29785,Fechamento,Fechamento,2025-12-16,6,60,9,47751,Serviços,Baixa,provável
37ac3cf0-c21f-4f75-8d6a-732e449d2fca,Análise de Perfil,Análise de Perfil,2025-01-30,1,8,8,46191,Tecnologia,Média,pouco provável
2147ff6e-089f-4328-b8cf-b7118599b203,Análise de Perfil,Conversa com o Cliente,2025-02-03,2,12,4,46191,Tecnologia,Média,pouco provável
65a205be-de48-4ec7-850f-b33c7b645c7b,Conversa com o Cliente,Negociação,2025-02-16,3,25,13,46191,Tecnologia,Média,provável
6752703c-cbbd-4e1f-9d8f-d954b6b3375f,Análise de Perfil,Análise de Perfil,2025-06-06,1,13,13,45907,Comércio,Baixa,pouco provável
9b5aae4a-3f5c-48e1-b553-d61b1e56bba7,Análise de Perfil,Conversa com o Cliente,2025-06-07,2,14,1,45907,Comércio,Baixa,pouco provável
0156bad1-e415-46fa-8f7c-ebb71acfc025,Conversa com o Cliente,Negociação,2025-06-21,3,28,14,45907,Comércio,Baixa,pouco provável
c1fcfccd-3053-4abf-a7ad-13259f0d0d49,Análise de Perfil,Conversa com o Cliente,2025-05-25,1,2,2,35943,Saúde,Baixa,pouco provável
9966904b-ad7e-4f27-b5d2-88b75c67d0e0,Conversa com o Cliente,Negociação,2025-06-05,2,13,11,35943,Saúde,Baixa,pouco provável
e8f17e6c-203e-45ba-9624-cd3a696a15a5,Análise de Perfil,Conversa com o Cliente,2025-09-24,1,1,1,44443,Comércio,Baixa,pouco provável
c28dcc68-fbb5-426b-934d-85110a223665,Conversa com o Cliente,Negociação,2025-10-02,2,9,8,44443,Comércio,Baixa,pouco provável
bcc1a630-d5dc-43b3-83d0-f9e72fa7f2d5,Análise de Perfil,Conversa com o Cliente,2025-03-17,1,6,6,11632,Serviços,Alta,provável
bb0a7de4-aaf3-41ec-af4b-1691afc12dc4,Conversa com o Cliente,Negociação,2025-03-20,2,9,3,11632,Serviços,Alta,muito provável
d7b071a3-5693-442b-b0cc-3159efd9a8a8,Negociação,Fechamento,2025-04-04,3,24,15,11632,Serviços,Alta,muito provável
7fb473c7-6a4f-44aa-90b7-1f3229ef0ee1,Análise de Perfil,Análise de Perfil,2025-05-31,1,3,3,38460,Tecnologia,Média,provável
8c4ef541-c2cc-4eb6-8b33-95638084598d,Análise de Perfil,Conversa com o Cliente,2025-06-12,2,15,12,38460,Tecnologia,Média,provável
5d46dd82-162f-4183-8825-e4fe59932553,Conversa com o Cliente,Conversa com o Cliente,2025-06-14,3,17,2,38460,Tecnologia,Média,provável
09d2d156-e247-49ea-9985-27d9e9d9be39,Conversa com o Cliente,Negociação,2025-06-29,4,32,15,38460,Tecnologia,Média,provável
4772d169-e9e9-4e27-90ef-9537629d2686,Negociação,Fechamento,2025-07-04,5,37,5,38460,Tecnologia,Média,provável
d1d74e6d-b861-4ffc-9b32-dc255ed622ff,Análise de Perfil,Análise de Perfil,2025-06-09,1,7,7,12880,Indústria,Média,provável
2859ac32-a93e-4057-801c-5a8dd045b4d2,Análise de Perfil,Análise de Perfil,2025-06-21,2,19,12,12880,Indústria,Média,pouco provável
c7fed113-6ddb-485d-a8b4-09189e3581b8,Análise de Perfil,Análise de Perfil,2025-07-06,3,34,15,12880,Indústria,Média,pouco provável
f6bd4258-68a2-4cb7-9856-0e96ec7ffccd,Análise de Perfil,Análise de Perfil,2025-07-21,4,49,15,12880,Indústria,Média,pouco provável
8e92d20c-2fb5-4dd8-9b77-87506f9917dc,Análise de Perfil,Análise de Perfil,2025-07-24,5,52,3,12880,Indústria,Média,pouco provável
e064b51f-ab64-46c6-9f0b-e39900a23e66,Análise de Perfil,Conversa com o Cliente,2025-08-08,6,67,15,12880,Indústria,Média,pouco provável
2526b708-de9b-4ca9-b360-1a2b0c517d80,Análise de Perfil,Conversa com o Cliente,2025-03-20,1,14,14,22859,Serviços,Média,provável
9dd3fbbd-46d2-417d-9c4f-282020faf8c1,Conversa com o Cliente,Negociação,2025-03-24,2,18,4,22859,Serviços,Média,provável
1c87a7d6-ab1c-4e0b-87e9-2a7dadccacc9,Negociação,Negociação,2025-04-07,3,32,14,22859,Serviços,Média,provável
cff89a6b-32cc-43af-b83b-374ff40f4a1f,Análise de Perfil,Conversa com o Cliente,2025-11-06,1,1,1,18958,Saúde,Alta,muito provável
db91a6df-53e9-464d-a21e-28c2239dd1d7,Conversa com o Cliente,Negociação,2025-11-21,2,16,15,18958,Saúde,Alta,muito provável
5d666864-ed69-4acc-8403-de6822297a4c,Negociação,Fechamento,2025-12-01,3,26,10,18958,Saúde,Alta,muito provável
780c1f98-0e5d-436d-80ca-f61169657fdc,Análise de Perfil,Conversa com o Cliente,2025-10-31,1,15,15,5070,Educação,Baixa,pouco provável
e81ca914-d6d9-4f70-ba5b-bd492401e06b,Conversa com o Cliente,Negociação,2025-11-08,2,23,8,5070,Educação,Baixa,pouco provável
1a1eb5b4-2e72-493c-87e6-5239b252333d,Negociação,Fechamento,2025-11-15,3,30,7,5070,Educação,Baixa,pouco provável
823bce15-0617-418c-8427-ebc29f167f3a,Fechamento,Fechamento,2025-11-24,4,39,9,5070,Educação,Baixa,pouco provável
83d57638-b37b-4a64-8f9a-0177c812d329,Fechamento,Fechamento,2025-12-02,5,47,8,5070,Educação,Baixa,pouco provável
b1e56c90-1644-48c1-96b1-a813074964d4,Análise de Perfil,Conversa com o Cliente,2025-06-22,1,4,4,5901,Indústria,Baixa,pouco provável
ac3194d0-760a-4d2a-990b-80135102505b,Conversa com o Cliente,Conversa com o Cliente,2025-06-30,2,12,8,5901,Indústria,Baixa,pouco provável
2459a115-9776-43ec-99ef-87bb74a18417,Conversa com o Cliente,Negociação,2025-07-14,3,26,14,5901,Indústria,Baixa,provável
868f6c4f-6f44-434b-883b-3d14b72a9e2e,Negociação,Negociação,2025-07-23,4,35,9,5901,Indústria,Baixa,provável
7aa711ef-9ee1-4066-94f6-384b2588bb1c,Negociação,Fechamento,2025-07-30,5,42,7,5901,Indústria,Baixa,pouco provável
faecd1b8-2fad-468a-84d6-0a999b57bd91,Fechamento,Fechamento,2025-08-02,6,45,3,5901,Indústria,Baixa,pouco provável
84c94142-f4ba-4374-a345-81e06b6abd53,Análise de Perfil,Análise de Perfil,2025-02-28,1,9,9,19782,Educação,Média,pouco provável
4b61a5a2-6bf1-45c0-ac2b-887aeecbba53,Análise de Perfil,Conversa com o Cliente,2025-03-05,2,14,5,19782,Educação,Média,pouco provável
c6d92e9a-4a91-4e73-869e-6aa2e7c2df7d,Conversa com o Cliente,Negociação,2025-03-13,3,22,8,19782,Educação,Média,provável
be3cd781-b8c0-485e-bb9b-584919c41b2c,Análise de Perfil,Conversa com o Cliente,2025-08-26,1,14,14,42631,Educação,Média,pouco provável
4fe71407-7b7d-483b-b6aa-fde60ab562ee,Conversa com o Cliente,Negociação,2025-09-02,2,21,7,42631,Educação,Média,provável
3e427faf-58ef-4a65-9d47-1187c52c61df,Negociação,Negociação,2025-09-10,3,29,8,42631,Educação,Média,provável
f3e8c7c6-ed0c-44ae-b8aa-182f9e4aa06e,Negociação,Fechamento,2025-09-12,4,31,2,42631,Educação,Média,muito provável
93d216de-17e0-4473-ab61-3558c5aa3082,Análise de Perfil,Análise de Perfil,2025-06-16,1,9,9,9877,Saúde,Baixa,pouco provável
1df85f75-4f31-48bc-b8e6-f3dec73560c8,Análise de Perfil,Conversa com o Cliente,2025-06-19,2,12,3,9877,Saúde,Baixa,pouco provável
172b5c1b-edde-4fe3-a9b8-58af79df44c0,Conversa com o Cliente,Negociação,2025-06-21,3,14,2,9877,Saúde,Baixa,provável
94de166c-ea75-4575-8419-3d68643cb833,Negociação,Fechamento,2025-07-03,4,26,12,9877,Saúde,Baixa,provável
9734b930-00c3-4427-879b-fc421070f46d,Fechamento,Fechamento,2025-07-09,5,32,6,9877,Saúde,Baixa,pouco provável
e02d1589-22c8-45f9-9e36-9dbc81f54f53,Análise de Perfil,Conversa com o Cliente,2025-02-07,1,14,14,35416,Serviços,Baixa,pouco provável
d8dba1c1-0408-4a5d-817a-b2466bf715a0,Conversa com o Cliente,Negociação,2025-02-09,2,16,2,35416,Serviços,Baixa,pouco provável
00f6060d-320b-45be-bc2f-82b78fe71864,Negociação,Fechamento,2025-02-18,3,25,9,35416,Serviços,Baixa,pouco provável
49e5d600-edaf-45a2-a795-008dce5a65dc,Fechamento,Fechamento,2025-02-21,4,28,3,35416,Serviços,Baixa,pouco provável
ffef0a9a-d199-4e39-ab42-2193ace12437,Fechamento,Fechamento,2025-03-03,5,38,10,35416,Serviços,Baixa,provável
d919b4fc-2751-47e9-b7bd-9cfb898507eb,Análise de Perfil,Conversa com o Cliente,2025-02-28,1,12,12,36267,Tecnologia,Média,pouco provável
2d96ed98-99fe-4b6e-bd89-931c2719f9f6,Conversa com o Cliente,Conversa com o Cliente,2025-03-05,2,17,5,36267,Tecnologia,Média,pouco provável
f4d5f947-9d3e-4a01-999b-32ea0c300be5,Conversa com o Cliente,Negociação,2025-03-18,3,30,13,36267,Tecnologia,Média,provável
7a874284-1f2a-4a9a-8cf6-cfc82a6d30f9,Negociação,Negociação,2025-04-02,4,45,15,36267,Tecnologia,Média,provável
306e1e3e-b217-40d7-9f96-d14b8f38cb64,Negociação,Negociação,2025-04-06,5,49,4,36267,Tecnologia,Média,provável
9575ffc6-658d-442e-97e1-b7ed8017cd72,Negociação,Fechamento,2025-04-09,6,52,3,36267,Tecnologia,Média,muito provável
44596716-6a18-429a-887b-291251e22f06,Análise de Perfil,Conversa com o Cliente,2025-11-06,1,5,5,12513,Saúde,Média,pouco provável
8359a54a-6454-4fc8-a30f-630bd596a9ed,Conversa com o Cliente,Negociação,2025-11-10,2,9,4,12513,Saúde,Média,provável
c4a449d8-c844-44a5-b5af-0a89d751a54f,Negociação,Fechamento,2025-11-23,3,22,13,12513,Saúde,Média,provável
99e6c473-e7e3-4172-9ce5-41ba3f2a8acb,Fechamento,Fechamento,2025-11-28,4,27,5,12513,Saúde,Média,muito provável
e769403e-4495-4a31-a219-8903036ff6fa,Análise de Perfil,Análise de Perfil,2025-08-10,1,8,8,30214,Serviços,Baixa,pouco provável
f996ad6e-07fd-4e28-be8e-36ceecbf3b86,Análise de Perfil,Conversa com o Cliente,2025-08-18,2,16,8,30214,Serviços,Baixa,pouco provável
ba87d424-89cb-4d5e-a25c-6d28fd8e4031,Conversa com o Cliente,Negociação,2025-08-19,3,17,1,30214,Serviços,Baixa,provável
56899226-9758-4bcc-8ab4-cf414f033413,Negociação,Fechamento,2025-08-30,4,28,11,30214,Serviços,Baixa,provável
4208a893-8709-4473-83ac-0e14316573ed,Análise de Perfil,Conversa com o Cliente,2025-03-08,1,2,2,26643,Saúde,Média,pouco provável
be71fac9-2cf6-4ce7-813a-fb724b384f90,Conversa com o Cliente,Conversa com o Cliente,2025-03-19,2,13,11,26643,Saúde,Média,pouco provável
83a308f4-bc0d-4f1f-aff2-e3b5471db53a,Conversa com o Cliente,Negociação,2025-03-22,3,16,3,26643,Saúde,Média,provável
a7c12e5d-8af6-4d9c-a946-d5dff7cf1413,Negociação,Fechamento,2025-04-05,4,30,14,26643,Saúde,Média,provável
62e8b712-7c25-47f9-88c7-714cc28fba39,Fechamento,Fechamento,2025-04-17,5,42,12,26643,Saúde,Média,provável
ab488798-9660-496a-a486-8803487ee79d,Análise de Perfil,Conversa com o Cliente,2025-03-04,1,14,14,12120,Tecnologia,Média,provável
522a3b0f-4be4-4271-823c-db6f545f48e3,Conversa com o Cliente,Conversa com o Cliente,2025-03-15,2,25,11,12120,Tecnologia,Média,pouco provável
74771c73-6be0-4b1d-a4af-684a24c114dc,Conversa com o Cliente,Conversa com o Cliente,2025-03-19,3,29,4,12120,Tecnologia,Média,provável
9ef5aaa1-37ee-4039-8d60-bef6dec7791d,Análise de Perfil,Conversa com o Cliente,2025-06-21,1,6,6,47449,Saúde,Média,pouco provável
7509e587-b6c5-4b2f-9d1f-be84e1a6c9ec,Conversa com o Cliente,Negociação,2025-06-23,2,8,2,47449,Saúde,Média,provável
2ecde8e3-d1a1-48e0-adfc-ac19841c1e8d,Negociação,Fechamento,2025-06-28,3,13,5,47449,Saúde,Média,muito provável
f2f4e1d1-72ac-4972-9ebc-99c2e3993ef8,Análise de Perfil,Conversa com o Cliente,2025-11-04,1,15,15,32101,Comércio,Média,provável
3966749b-31bf-4c89-8f73-a24f213b1c2a,Conversa com o Cliente,Negociação,2025-11-16,2,27,12,32101,Comércio,Média,provável
f0d7f843-ae79-46dd-83e3-81b8262b7956,Negociação,Fechamento,2025-11-22,3,33,6,32101,Comércio,Média,provável
03c8f172-c70b-4f43-8c18-a94b069f765c,Análise de Perfil,Conversa com o Cliente,2025-09-17,1,13,13,22784,Serviços,Baixa,pouco provável
af92cdf1-ada4-4d4d-8189-7a014277491b,Conversa com o Cliente,Negociação,2025-09-25,2,21,8,22784,Serviços,Baixa,pouco provável
3779ff5a-154b-4efa-b7b7-13d2c185be67,Negociação,Fechamento,2025-10-02,3,28,7,22784,Serviços,Baixa,provável
5a5e296a-c065-4dfa-9cb4-a615c234ee21,Fechamento,Fechamento,2025-10-03,4,29,1,22784,Serviços,Baixa,pouco provável
9ca4fcb1-5e2b-4b26-9dbc-790008070c31,Fechamento,Fechamento,2025-10-12,5,38,9,22784,Serviços,Baixa,provável
b7a8a176-43dc-49f3-bae4-95813f165cf5,Fechamento,Fechamento,2025-10-22,6,48,10,22784,Serviços,Baixa,provável
8770d782-1449-4616-9341-5c1c50c492f3,Análise de Perfil,Conversa com o Cliente,2025-03-30,1,4,4,23312,Serviços,Média,provável
ce329b22-dabd-4a98-9d3a-da76dbe99196,Conversa com o Cliente,Negociação,2025-04-09,2,14,10,23312,Serviços,Média,provável
5a212d2d-7078-4085-aed0-0be050f0204f,Negociação,Fechamento,2025-04-16,3,21,7,23312,Serviços,Média,provável
3ac1d17a-00a7-4bbf-a8dc-bcfc8359a34a,Fechamento,Fechamento,2025-04-17,4,22,1,23312,Serviços,Média,provável
e157b662-7be9-4e66-93f7-1c2c88f43b73,Fechamento,Fechamento,2025-04-21,5,26,4,23312,Serviços,Média,muito provável
529826db-e94d-400c-afb6-e522f832a256,Análise de Perfil,Conversa com o Cliente,2025-07-05,1,12,12,49890,Tecnologia,Baixa,pouco provável
7bfeddc4-531f-4c2d-9a95-6679e59f8d21,Conversa com o Cliente,Negociação,2025-07-20,2,27,15,49890,Tecnologia,Baixa,pouco provável
b6fb97fc-9e06-49e7-8da6-a939d058017f,Negociação,Fechamento,2025-07-26,3,33,6,49890,Tecnologia,Baixa,pouco provável
42c03f71-cdef-4cd3-a227-cdf8cb578324,Fechamento,Fechamento,2025-08-08,4,46,13,49890,Tecnologia,Baixa,pouco provável
f7756c11-10c2-4634-b447-11e090275ec8,Análise de Perfil,Conversa com o Cliente,2025-06-22,1,11,11,9978,Comércio,Média,provável
2373d133-a324-4898-a4fa-b8908789b68c,Conversa com o Cliente,Negociação,2025-06-26,2,15,4,9978,Comércio,Média,provável
f5fe5ffc-fee9-49db-b70e-e3900eb691ea,Negociação,Fechamento,2025-07-04,3,23,8,9978,Comércio,Média,muito provável
1845f580-4dfd-46a5-87f0-9d4fefe1aba6,Análise de Perfil,Conversa com o Cliente,2025-02-26,1,11,11,48830,Tecnologia,Média,provável
315f7230-f4b9-416b-ba91-04243d590397,Conversa com o Cliente,Conversa com o Cliente,2025-03-12,2,25,14,48830,Tecnologia,Média,pouco provável
73cbbf68-ac74-4a7b-9b20-2ba146fcd362,Conversa com o Cliente,Negociação,2025-03-27,3,40,15,48830,Tecnologia,Média,provável
57362981-c3be-4051-ab1d-7aed82bd8486,Análise de Perfil,Conversa com o Cliente,2025-02-12,1,5,5,7743,Indústria,Alta,provável
1af45dcf-ba3b-4bde-be76-405753fb17b6,Conversa com o Cliente,Negociação,2025-02-24,2,17,12,7743,Indústria,Alta,provável
d0fb773b-e1be-40da-812d-5c76fc44c60d,Negociação,Fechamento,2025-03-04,3,25,8,7743,Indústria,Alta,muito provável
7e817dcd-9d0b-4b79-b07c-04204907af6f,Análise de Perfil,Conversa com o Cliente,2025-10-23,1,8,8,49186,Saúde,Média,provável
867f564d-c5ac-480a-93ce-82d94fdf7940,Conversa com o Cliente,Negociação,2025-10-31,2,16,8,49186,Saúde,Média,provável
64fcee2f-cb01-434d-8747-17e55d461d90,Negociação,Fechamento,2025-11-15,3,31,15,49186,Saúde,Média,muito provável
f575de07-076e-4230-8185-f99b89f79fbb,Análise de Perfil,Conversa com o Cliente,2025-03-22,1,13,13,48960,Saúde,Baixa,pouco provável
daa81f33-b8cd-4256-ae7c-e00a02afb9b1,Conversa com o Cliente,Negociação,2025-03-28,2,19,6,48960,Saúde,Baixa,pouco provável
38baabd0-2fb8-4d81-855f-99d32403d91d,Negociação,Negociação,2025-04-12,3,34,15,48960,Saúde,Baixa,pouco provável
36f9221f-e95c-4a6e-b9a6-da2f2a3763d6,Negociação,Fechamento,2025-04-13,4,35,1,48960,Saúde,Baixa,pouco provável
86ea1f42-43fe-40fe-a12d-7a75896a5988,Fechamento,Fechamento,2025-04-22,5,44,9,48960,Saúde,Baixa,pouco provável
a84c3a52-06b8-4699-adce-c576d46edf84,Análise de Perfil,Conversa com o Cliente,2025-09-16,1,9,9,9364,Educação,Alta,provável
dfe96766-e797-497a-85bb-ec5f74a75d05,Conversa com o Cliente,Negociação,2025-09-30,2,23,14,9364,Educação,Alta,muito provável
a5fee929-16b3-4a3a-a787-d017d5311ffa,Negociação,Fechamento,2025-10-09,3,32,9,9364,Educação,Alta,muito provável
305574b3-efa3-402d-8da7-df7049789c61,Análise de Perfil,Conversa com o Cliente,2025-01-24,1,14,14,43107,Tecnologia,Baixa,pouco provável
10044e79-a646-465a-aa1a-28bb4ad31321,Conversa com o Cliente,Negociação,2025-02-05,2,26,12,43107,Tecnologia,Baixa,pouco provável
489a3916-b08b-4f0e-af8f-c1cabad0b7c0,Negociação,Negociação,2025-02-08,3,29,3,43107,Tecnologia,Baixa,pouco provável
dd8212eb-a81a-4aa3-b6b4-16fcd01cade7,Negociação,Fechamento,2025-02-16,4,37,8,43107,Tecnologia,Baixa,pouco provável
06b350c4-1db4-4658-93f5-ef00d3fb7753,Fechamento,Fechamento,2025-02-20,5,41,4,43107,Tecnologia,Baixa,provável
470328ca-0005-410f-a576-6d24cebe1b90,Fechamento,Fechamento,2025-02-24,6,45,4,43107,Tecnologia,Baixa,pouco provável
1dbda3a8-df6c-49e2-a719-15b7483357e3,Análise de Perfil,Conversa com o Cliente,2025-06-02,1,15,15,33909,Serviços,Baixa,pouco provável
6c3dfa5b-32df-4ee8-bb3b-6875b2574139,Conversa com o Cliente,Negociação,2025-06-07,2,20,5,33909,Serviços,Baixa,pouco provável
e207eeb1-7884-400e-92fe-2259528b2702,Negociação,Fechamento,2025-06-08,3,21,1,33909,Serviços,Baixa,pouco provável
b4a1bd52-aedd-4c1b-a8ee-4cac10b6d845,Fechamento,Fechamento,2025-06-10,4,23,2,33909,Serviços,Baixa,pouco provável
f1cfbc04-babd-46bf-adef-f0be70670dbf,Fechamento,Fechamento,2025-06-21,5,34,11,33909,Serviços,Baixa,provável
24b6cd09-8861-4d86-a118-886890a958e1,Fechamento,Fechamento,2025-07-02,6,45,11,33909,Serviços,Baixa,pouco provável
6fc1584f-81b8-4e9a-9863-0ae8f883d76a,Fechamento,Fechamento,2025-07-04,7,47,2,33909,Serviços,Baixa,pouco provável
5d5b9f84-f226-4a63-8afe-ec020cfebae1,Análise de Perfil,Análise de Perfil,2025-03-08,1,15,15,8605,Tecnologia,Média,provável
d1ac6f44-4a0f-408c-b64b-096ebd87e6e4,Análise de Perfil,Conversa com o Cliente,2025-03-16,2,23,8,8605,Tecnologia,Média,pouco provável
7c85e695-c2d7-43ba-a35e-37bf5362dadb,Análise de Perfil,Análise de Perfil,2025-09-13,1,7,7,23532,Comércio,Média,provável
199161b0-da69-4374-b832-b92d1a3b5b3f,Análise de Perfil,Conversa com o Cliente,2025-09-27,2,21,14,23532,Comércio,Média,provável
a897e724-34a5-4618-953c-c3c22d7a6bb4,Conversa com o Cliente,Conversa com o Cliente,2025-10-02,3,26,5,23532,Comércio,Média,pouco provável
6bead53f-3fd1-4235-ac8e-e9cf8c21b71e,Conversa com o Cliente,Negociação,2025-10-07,4,31,5,23532,Comércio,Média,provável
6230e5e6-3e5f-4b32-9df5-890d5bc2fd9c,Análise de Perfil,Conversa com o Cliente,2025-06-02,1,8,8,38383,Saúde,Alta,provável
a5f380ae-8dfc-495d-a808-1f2e7e58a10a,Conversa com o Cliente,Negociação,2025-06-13,2,19,11,38383,Saúde,Alta,muito provável
00dad006-bb8e-4ad4-9e75-ae5618ad1179,Negociação,Negociação,2025-06-18,3,24,5,38383,Saúde,Alta,provável
dede5693-ad29-4b8d-a742-207c0ba04a44,Negociação,Fechamento,2025-06-25,4,31,7,38383,Saúde,Alta,muito provável
c87132a4-dab0-435d-b01c-c4ef8493c0c2,Análise de Perfil,Análise de Perfil,2025-09-03,1,8,8,46314,Saúde,Média,pouco provável
6cb67cb2-1e74-4715-a8d8-80c9a3ce6b9a,Análise de Perfil,Conversa com o Cliente,2025-09-05,2,10,2,46314,Saúde,Média,provável
fd656f06-b44d-4e3c-9c70-74d3a38e286d,Conversa com o Cliente,Negociação,2025-09-10,3,15,5,46314,Saúde,Média,provável
e78be1d8-ea56-4bfe-a9e6-d200ff820b02,Negociação,Fechamento,2025-09-14,4,19,4,46314,Saúde,Média,provável
f00cd6d4-d34f-4acc-a761-7ec7dc9c3a10,Fechamento,Fechamento,2025-09-16,5,21,2,46314,Saúde,Média,provável
6a5780c6-505b-4d17-871d-24b141b737e5,Fechamento,Fechamento,2025-09-24,6,29,8,46314,Saúde,Média,muito provável
cf8dd483-bc5c-41a7-a526-19ad37ab6daf,Análise de Perfil,Conversa com o Cliente,2025-08-22,1,4,4,11284,Tecnologia,Média,pouco provável
fd67765e-4ecf-47b2-ae60-5fca744d6452,Conversa com o Cliente,Negociação,2025-09-01,2,14,10,11284,Tecnologia,Média,provável
5fe9301a-2e55-472a-8336-91bc3fb8fee7,Negociação,Negociação,2025-09-11,3,24,10,11284,Tecnologia,Média,provável
b476bc4e-7f5e-473c-a814-6cfe5c36cc96,Negociação,Fechamento,2025-09-12,4,25,1,11284,Tecnologia,Média,muito provável
8fe9fc67-2d0c-4907-b3c5-a7217a491fa6,Análise de Perfil,Conversa com o Cliente,2025-02-24,1,12,12,43844,Tecnologia,Média,provável
a146ca69-9a8d-4a12-84b5-d48090c4a2e6,Conversa com o Cliente,Conversa com o Cliente,2025-03-01,2,17,5,43844,Tecnologia,Média,pouco provável
8774e25c-a926-4f3b-b79f-bd31c40c14f9,Conversa com o Cliente,Negociação,2025-03-09,3,25,8,43844,Tecnologia,Média,provável
6f202870-4d93-4a8d-ac9f-d189650fe5ac,Negociação,Fechamento,2025-03-24,4,40,15,43844,Tecnologia,Média,muito provável
efade3ac-1a57-4d62-ba31-85b9bc2ecd57,Análise de Perfil,Conversa com o Cliente,2025-02-23,1,6,6,33156,Comércio,Média,provável
92bdc290-4c2e-4005-8064-d99949a37566,Conversa com o Cliente,Negociação,2025-03-02,2,13,7,33156,Comércio,Média,provável
67d20834-a2e0-4639-8935-0731ac55385e,Análise de Perfil,Conversa com o Cliente,2025-02-12,1,10,10,35138,Serviços,Baixa,pouco provável
baf4a4b6-42e2-44f1-b4a7-0d9680c056ba,Conversa com o Cliente,Conversa com o Cliente,2025-02-17,2,15,5,35138,Serviços,Baixa,pouco provável
40760db9-44bd-42b2-9c63-952eb4b814d1,Conversa com o Cliente,Negociação,2025-02-21,3,19,4,35138,Serviços,Baixa,pouco provável
68398b71-62ff-4ada-afa0-529404f65c8b,Análise de Perfil,Conversa com o Cliente,2025-08-16,1,10,10,29379,Comércio,Alta,muito provável
5ed5cf1e-3ace-4b59-b283-a812ad262dc4,Conversa com o Cliente,Conversa com o Cliente,2025-08-17,2,11,1,29379,Comércio,Alta,muito provável
c39fad8b-7bd1-47b1-bb2d-bda03e09e20b,Conversa com o Cliente,Negociação,2025-08-31,3,25,14,29379,Comércio,Alta,muito provável
86164e2b-7553-4f54-9d7b-845795daecf6,Negociação,Fechamento,2025-09-05,4,30,5,29379,Comércio,Alta,muito provável
199e2482-53aa-4929-9c05-1dfde9706094,Análise de Perfil,Conversa com o Cliente,2025-06-20,1,5,5,34699,Serviços,Baixa,pouco provável
894e7738-e03c-457b-85a0-14701042c308,Conversa com o Cliente,Negociação,2025-06-26,2,11,6,34699,Serviços,Baixa,pouco provável
136e8de3-9fa0-4ea1-b04c-755acccf0c55,Negociação,Fechamento,2025-06-28,3,13,2,34699,Serviços,Baixa,pouco provável
55ce0844-3d05-472f-9c55-a4a141641538,Fechamento,Fechamento,2025-07-08,4,23,10,34699,Serviços,Baixa,provável
c287c297-14d0-4214-8885-b7cb26ba7d6f,Fechamento,Fechamento,2025-07-13,5,28,5,34699,Serviços,Baixa,pouco provável
03d2f3a3-7bbb-4725-9364-c19a2a8ff56f,Fechamento,Fechamento,2025-07-20,6,35,7,34699,Serviços,Baixa,pouco provável
06b10490-9dd3-4ae0-b3c6-6a685dd04f78,Fechamento,Fechamento,2025-07-29,7,44,9,34699,Serviços,Baixa,pouco provável
37f81965-7c61-4d88-99ac-84f00e4daba8,Análise de Perfil,Conversa com o Cliente,2025-10-12,1,2,2,15354,Educação,Baixa,pouco provável
1868d255-eec4-4dfc-a15e-9ca7c8816f58,Conversa com o Cliente,Conversa com o Cliente,2025-10-25,2,15,13,15354,Educação,Baixa,pouco provável
6d3fa292-8b54-45ed-aaa8-9170c7fc6c1e,Conversa com o Cliente,Conversa com o Cliente,2025-11-09,3,30,15,15354,Educação,Baixa,pouco provável
93912da1-807e-4998-b275-4d6ba5f8cfff,Conversa com o Cliente,Negociação,2025-11-23,4,44,14,15354,Educação,Baixa,pouco provável
8d65924c-cafa-467f-a73e-e5a8791a6dbb,Negociação,Fechamento,2025-12-01,5,52,8,15354,Educação,Baixa,pouco provável
5735b8ca-445a-4a10-991d-27702fa7ee5f,Análise de Perfil,Análise de Perfil,2025-08-12,1,5,5,35188,Comércio,Alta,provável
a507aa57-3743-4336-88cb-c00090f9c528,Análise de Perfil,Análise de Perfil,2025-08-17,2,10,5,35188,Comércio,Alta,muito provável
498d3fbb-8a08-4707-a509-f5b36f0c633c,Análise de Perfil,Análise de Perfil,2025-08-19,3,12,2,35188,Comércio,Alta,provável
1a6f3d1a-1a66-4d12-a9c1-aec5f8ef1af0,Análise de Perfil,Conversa com o Cliente,2025-09-03,4,27,15,35188,Comércio,Alta,provável
b7937049-9f72-4715-a331-210e4a6bfc6e,Conversa com o Cliente,Negociação,2025-09-17,5,41,14,35188,Comércio,Alta,muito provável
54e59733-cda4-4034-a675-aa1502be80d5,Negociação,Fechamento,2025-09-28,6,52,11,35188,Comércio,Alta,muito provável
a3fd5418-1c4b-4f05-aa62-bc952fbb64bf,Análise de Perfil,Conversa com o Cliente,2025-05-14,1,9,9,36227,Comércio,Alta,provável
418b0556-13aa-46cd-aefc-f7b004b14fc8,Conversa com o Cliente,Negociação,2025-05-20,2,15,6,36227,Comércio,Alta,muito provável
ded78c55-dd4e-4453-a8ce-ed68a968a627,Negociação,Fechamento,2025-05-26,3,21,6,36227,Comércio,Alta,muito provável
bfda8ba0-f963-4ea5-978c-dce6cb9211be,Análise de Perfil,Análise de Perfil,2025-09-16,1,14,14,46469,Tecnologia,Média,pouco provável
521f158e-9f45-41c3-b21e-65fb74f90c90,Análise de Perfil,Conversa com o Cliente,2025-10-01,2,29,15,46469,Tecnologia,Média,pouco provável
c8a630d1-9d1e-44d3-91cd-37667abed544,Conversa com o Cliente,Negociação,2025-10-10,3,38,9,46469,Tecnologia,Média,provável
9eeb0da0-93dc-4c5b-b543-106503d6e781,Negociação,Fechamento,2025-10-14,4,42,4,46469,Tecnologia,Média,provável
72d9c55a-aa60-499f-8ff8-565cecf9f0f7,Fechamento,Fechamento,2025-10-22,5,50,8,46469,Tecnologia,Média,muito provável
473a3a9e-098d-499c-bbda-253622bb7bff,Análise de Perfil,Conversa com o Cliente,2025-03-09,1,6,6,12984,Serviços,Média,provável
b85c837f-6d5f-40d5-8613-87a22ae7a798,Conversa com o Cliente,Negociação,2025-03-18,2,15,9,12984,Serviços,Média,provável
825855bc-2f0b-4956-b14e-bb24d1f8f3ab,Negociação,Fechamento,2025-03-22,3,19,4,12984,Serviços,Média,muito provável
c863b14d-62c9-4a33-8387-403eb7170aec,Análise de Perfil,Conversa com o Cliente,2025-06-13,1,6,6,48116,Indústria,Baixa,pouco provável
36fbd74d-5c68-413f-bc6f-cf3f19269674,Conversa com o Cliente,Negociação,2025-06-14,2,7,1,48116,Indústria,Baixa,pouco provável
ff35f980-bfa8-4933-931a-e501aef88a81,Negociação,Fechamento,2025-06-17,3,10,3,48116,Indústria,Baixa,pouco provável
e39358a1-4c52-4c99-be5c-e7100ee7e2f5,Fechamento,Fechamento,2025-06-30,4,23,13,48116,Indústria,Baixa,pouco provável
e4f871e7-a467-429f-b27c-ab312a3300cd,Análise de Perfil,Conversa com o Cliente,2025-05-15,1,10,10,42921,Educação,Média,pouco provável
bd151257-fd56-44b0-9a9a-ab7ac2f98c08,Conversa com o Cliente,Negociação,2025-05-25,2,20,10,42921,Educação,Média,provável
52a64543-6c78-4223-ba89-3f3613f23a6b,Negociação,Fechamento,2025-05-31,3,26,6,42921,Educação,Média,provável
4e9d2dc8-e1ff-47c4-992a-8682ceb6a706,Fechamento,Fechamento,2025-06-10,4,36,10,42921,Educação,Média,provável
a4322982-6b5a-41f6-9e7e-1684da1b1693,Fechamento,Fechamento,2025-06-25,5,51,15,42921,Educação,Média,muito provável
93a3210b-cc67-4fe4-88ca-e318e2424d50,Análise de Perfil,Conversa com o Cliente,2025-08-15,1,11,11,12078,Indústria,Média,provável
534e7b19-1497-451f-91f9-a8f0050bb37f,Conversa com o Cliente,Conversa com o Cliente,2025-08-28,2,24,13,12078,Indústria,Média,provável
3f49a76c-7a8b-4b3d-9ec9-60d1f41eef60,Análise de Perfil,Conversa com o Cliente,2025-08-30,1,6,6,32768,Tecnologia,Alta,muito provável
44ebfb28-e54b-4267-b436-b2537d1dcf05,Conversa com o Cliente,Conversa com o Cliente,2025-09-03,2,10,4,32768,Tecnologia,Alta,muito provável
a0fc994a-04aa-4356-93d9-70f8cf2bbfff,Conversa com o Cliente,Negociação,2025-09-17,3,24,14,32768,Tecnologia,Alta,muito provável
ab945e2f-c28b-41e5-8989-0bbf679041c4,Negociação,Fechamento,2025-09-30,4,37,13,32768,Tecnologia,Alta,muito provável
956a26ec-2ae8-469f-955a-27c79f9f0967,Análise de Perfil,Análise de Perfil,2025-09-03,1,1,1,20472,Comércio,Baixa,pouco provável
7c8d6ec2-c9a2-48c3-bc1f-89eef3c8977f,Análise de Perfil,Conversa com o Cliente,2025-09-08,2,6,5,20472,Comércio,Baixa,pouco provável
e88c604c-39f4-4f92-bb6d-3d2e39854094,Conversa com o Cliente,Conversa com o Cliente,2025-09-12,3,10,4,20472,Comércio,Baixa,pouco provável
59ab1519-870a-4eb0-9731-e983ac71566c,Conversa com o Cliente,Negociação,2025-09-23,4,21,11,20472,Comércio,Baixa,pouco provável
88357ae8-6d15-4938-aa3f-a52ebadd964c,Negociação,Fechamento,2025-10-04,5,32,11,20472,Comércio,Baixa,provável
07e29ef9-ab1c-466f-907d-6fd07729144f,Análise de Perfil,Conversa com o Cliente,2025-01-29,1,14,14,19187,Comércio,Média,provável
2b26067d-2c22-4b20-b303-7ce958f69cba,Conversa com o Cliente,Negociação,2025-02-03,2,19,5,19187,Comércio,Média,provável
6ab3e393-100c-4411-9097-d322464fac71,Negociação,Fechamento,2025-02-13,3,29,10,19187,Comércio,Média,provável
59974225-a28f-48a2-80f9-c2e21c7d498f,Fechamento,Fechamento,2025-02-14,4,30,1,19187,Comércio,Média,provável
077ceb64-009e-4628-a960-8f987fb83b2c,Fechamento,Fechamento,2025-02-18,5,34,4,19187,Comércio,Média,muito provável
a215c580-8b43-4b1a-a655-b172506b87f8,Análise de Perfil,Conversa com o Cliente,2025-07-27,1,4,4,35543,Indústria,Baixa,pouco provável
9be6535e-e858-4284-9a05-eeea6ea99fd3,Conversa com o Cliente,Negociação,2025-08-09,2,17,13,35543,Indústria,Baixa,pouco provável
77cd24eb-a376-4f2a-b6a5-4b021e4dd2c8,Negociação,Fechamento,2025-08-17,3,25,8,35543,Indústria,Baixa,pouco provável
6fee153d-ddf2-4b39-aeb6-75805a613cb8,Fechamento,Fechamento,2025-08-23,4,31,6,35543,Indústria,Baixa,pouco provável
da9f8ad0-098d-4ed1-abbd-fc8c60c41351,Fechamento,Fechamento,2025-08-26,5,34,3,35543,Indústria,Baixa,pouco provável
cd526b13-f6ad-4f69-954c-d3e163193ea3,Fechamento,Fechamento,2025-08-27,6,35,1,35543,Indústria,Baixa,provável
72add1cf-ea94-4f8d-a9fa-cc4d6df810a6,Análise de Perfil,Conversa com o Cliente,2025-10-07,1,1,1,28227,Educação,Baixa,pouco provável
60a481b9-f44d-4e56-848f-62f8cbcc8671,Conversa com o Cliente,Negociação,2025-10-10,2,4,3,28227,Educação,Baixa,pouco provável
1769f1ae-2ac9-4f32-9763-7de5e7b2d6f5,Negociação,Fechamento,2025-10-21,3,15,11,28227,Educação,Baixa,pouco provável
ba063010-84e4-4827-b8cb-0b482acad050,Fechamento,Fechamento,2025-10-22,4,16,1,28227,Educação,Baixa,provável
91d724a5-c357-4455-a3d2-936f5c29f264,Fechamento,Fechamento,2025-11-01,5,26,10,28227,Educação,Baixa,pouco provável
51f42e1e-5d81-4aed-a66a-17d422d23aac,Fechamento,Fechamento,2025-11-15,6,40,14,28227,Educação,Baixa,pouco provável
999df2b5-51de-40bd-ab1f-5e8083dcc058,Fechamento,Fechamento,2025-11-19,7,44,4,28227,Educação,Baixa,pouco provável
6082fa29-fe7d-4ef2-9f2a-0943b3f57b5d,Análise de Perfil,Conversa com o Cliente,2025-09-02,1,1,1,21885,Serviços,Baixa,pouco provável
d7bfc501-d682-43c5-9661-4fbd241559b6,Conversa com o Cliente,Negociação,2025-09-06,2,5,4,21885,Serviços,Baixa,pouco provável
92414b9e-07b0-4fe4-9d1c-f52920899814,Negociação,Fechamento,2025-09-08,3,7,2,21885,Serviços,Baixa,pouco provável
5ea65601-98b2-4faf-a977-32a761e7335d,Fechamento,Fechamento,2025-09-21,4,20,13,21885,Serviços,Baixa,pouco provável
6fc398ad-3c2a-49ec-bf28-e89c95590bba,Fechamento,Fechamento,2025-09-25,5,24,4,21885,Serviços,Baixa,provável
95e37ef5-4f84-47a0-8eef-17232eac58ea,Fechamento,Fechamento,2025-10-02,6,31,7,21885,Serviços,Baixa,pouco provável
fa53253b-5b7c-411a-bf41-1b659afae456,Análise de Perfil,Análise de Perfil,2025-03-28,1,14,14,19744,Educação,Alta,provável
ab215d37-7ece-4e38-bb6e-ffd3952f5c21,Análise de Perfil,Análise de Perfil,2025-03-30,2,16,2,19744,Educação,Alta,provável
1aca020e-e3d5-42b0-9be7-48dcda8ad048,Análise de Perfil,Análise de Perfil,2025-06-23,1,6,6,10298,Indústria,Média,provável
8abed1c1-39c4-4794-9604-5bd6ae8cf306,Análise de Perfil,Conversa com o Cliente,2025-06-27,2,10,4,10298,Indústria,Média,pouco provável
34de9706-9c26-4e73-bbb5-b30c4d5287f3,Conversa com o Cliente,Negociação,2025-07-05,3,18,8,10298,Indústria,Média,provável
179bb07a-bc87-4240-b228-50694e023a1e,Negociação,Fechamento,2025-07-20,4,33,15,10298,Indústria,Média,muito provável
a85144b5-0965-46a7-a396-8999fa972da7,Análise de Perfil,Conversa com o Cliente,2025-08-21,1,11,11,47299,Comércio,Média,pouco provável
4dd88a8d-bac6-43a5-b0ad-f333230d7b7b,Conversa com o Cliente,Negociação,2025-08-24,2,14,3,47299,Comércio,Média,provável
20b4b6c6-887a-4ca3-9fd4-59abae94e06d,Negociação,Fechamento,2025-09-04,3,25,11,47299,Comércio,Média,provável
3c4833cf-04ba-4d08-ad9a-2a1675c4f69b,Análise de Perfil,Conversa com o Cliente,2025-11-02,1,7,7,36693,Educação,Média,provável
d4f9dae8-d4ca-4457-a74d-e86c8fb7d51c,Conversa com o Cliente,Negociação,2025-11-16,2,21,14,36693,Educação,Média,provável
ddd84ae2-bd60-4f9b-8d0e-c2b6c8df2f17,Negociação,Fechamento,2025-11-27,3,32,11,36693,Educação,Média,provável
ced8afd9-2b18-42f8-aeef-bbeb99996981,Fechamento,Fechamento,2025-12-08,4,43,11,36693,Educação,Média,provável
043ebf18-0d6f-4f98-a975-1b51bdb656c0,Fechamento,Fechamento,2025-12-09,5,44,1,36693,Educação,Média,muito provável
8a75232d-cbe4-4256-bf2b-89cc2c45df9a,Análise de Perfil,Conversa com o Cliente,2025-11-24,1,2,2,39482,Tecnologia,Média,pouco provável
63507e7b-1fbe-4263-8250-fa6fec8fb63e,Conversa com o Cliente,Negociação,2025-12-05,2,13,11,39482,Tecnologia,Média,provável
40eb3191-b418-4113-9704-2ce6abf1a347,Negociação,Negociação,2025-12-13,3,21,8,39482,Tecnologia,Média,provável
870583cf-9deb-406b-9739-678c49245a40,Negociação,Fechamento,2025-12-22,4,30,9,39482,Tecnologia,Média,provável
15348252-7c61-4546-a08a-9b50a9f1367f,Fechamento,Fechamento,2025-12-25,5,33,3,39482,Tecnologia,Média,muito provável
3bcdfd0a-0424-4ddd-b0cf-84d55d8a6002,Análise de Perfil,Conversa com o Cliente,2025-07-30,1,9,9,35600,Comércio,Média,pouco provável
f1d54454-c0ef-4983-8228-2b72d99dc048,Conversa com o Cliente,Negociação,2025-08-03,2,13,4,35600,Comércio,Média,provável
a79b6b20-f0ca-47ef-a8bb-eebe180476bd,Negociação,Fechamento,2025-08-14,3,24,11,35600,Comércio,Média,provável
97c5e8d8-99f6-4a27-8798-070272e5a867,Fechamento,Fechamento,2025-08-27,4,37,13,35600,Comércio,Média,provável
3fbd72df-a87f-4e58-8e16-e20aad044dc7,Fechamento,Fechamento,2025-08-29,5,39,2,35600,Comércio,Média,provável
6a591f26-2515-4f87-9a99-7825f96b5ba0,Análise de Perfil,Conversa com o Cliente,2025-10-28,1,3,3,46775,Serviços,Média,pouco provável
14416bf2-bc29-4825-b856-96b73eabd8f4,Conversa com o Cliente,Conversa com o Cliente,2025-11-02,2,8,5,46775,Serviços,Média,pouco provável
a07677db-0963-47b0-a8df-befca7135625,Conversa com o Cliente,Negociação,2025-11-13,3,19,11,46775,Serviços,Média,provável
92ab00c1-7eb8-4bab-8114-da33f18bc765,Negociação,Fechamento,2025-11-14,4,20,1,46775,Serviços,Média,provável
3bda6037-0918-43cd-8d8b-d94f74608814,Análise de Perfil,Conversa com o Cliente,2025-02-12,1,6,6,41791,Saúde,Média,provável
c33982fe-ec99-4b9c-b692-0ee529db7e82,Conversa com o Cliente,Conversa com o Cliente,2025-02-26,2,20,14,41791,Saúde,Média,pouco provável
4edae3dc-501b-4bf5-ae69-1c0474a9b247,Conversa com o Cliente,Negociação,2025-03-05,3,27,7,41791,Saúde,Média,provável
d4581fe9-3a31-4c0f-aac2-03a2c2bf34f4,Negociação,Fechamento,2025-03-09,4,31,4,41791,Saúde,Média,provável
5db0e930-17ac-43db-8107-6bcb35c7c444,Fechamento,Fechamento,2025-03-13,5,35,4,41791,Saúde,Média,muito provável
81aaa222-3aab-455a-9b12-9049d1ef3b19,Análise de Perfil,Conversa com o Cliente,2025-08-29,1,13,13,5850,Serviços,Baixa,pouco provável
28c5eed5-555c-49ef-8ac7-d4f26190bf7e,Conversa com o Cliente,Negociação,2025-09-06,2,21,8,5850,Serviços,Baixa,pouco provável
9120fa0e-7aef-4004-9c8e-183a5dd9387c,Negociação,Negociação,2025-09-15,3,30,9,5850,Serviços,Baixa,pouco provável
e94e2436-7cb0-4bbc-bdc0-bb3efa553e31,Negociação,Negociação,2025-09-20,4,35,5,5850,Serviços,Baixa,pouco provável
5b8ae95a-3a3b-41a7-bff5-07c9cd385775,Negociação,Fechamento,2025-09-22,5,37,2,5850,Serviços,Baixa,pouco provável
14db9b17-a504-4cff-83f2-56a3bd6feeed,Análise de Perfil,Conversa com o Cliente,2025-11-08,1,4,4,17527,Serviços,Média,pouco provável
2726cf43-a7b1-4d8c-b9da-ebfd10bf3a23,Conversa com o Cliente,Conversa com o Cliente,2025-11-16,2,12,8,17527,Serviços,Média,provável
bd7aee72-9c25-4860-aff1-2aeb1e4761b4,Conversa com o Cliente,Negociação,2025-11-21,3,17,5,17527,Serviços,Média,provável
7c9a3514-5adf-43ee-97dc-f840772e45d4,Análise de Perfil,Conversa com o Cliente,2025-06-15,1,8,8,22684,Educação,Baixa,pouco provável
cf91ac49-87f0-4cec-b666-bba195f50a92,Conversa com o Cliente,Negociação,2025-06-19,2,12,4,22684,Educação,Baixa,pouco provável
63ab6a28-df3b-49f1-84ac-e1d28a983da7,Negociação,Negociação,2025-06-23,3,16,4,22684,Educação,Baixa,pouco provável
4e99455d-46e8-4da3-a970-d1580859b324,Negociação,Fechamento,2025-06-29,4,22,6,22684,Educação,Baixa,pouco provável
4c87c081-830c-4fc7-81bc-682f05c85521,Fechamento,Fechamento,2025-07-01,5,24,2,22684,Educação,Baixa,pouco provável
9b7342d5-b458-4b41-8dda-a81689e6361e,Fechamento,Fechamento,2025-07-13,6,36,12,22684,Educação,Baixa,pouco provável
c84d569f-76a8-44f1-8360-dbe247c3631c,Análise de Perfil,Conversa com o Cliente,2025-04-08,1,15,15,23658,Saúde,Média,provável
238f5616-2f70-45a4-b06b-94ed03e33c33,Conversa com o Cliente,Negociação,2025-04-17,2,24,9,23658,Saúde,Média,provável
e35e7ada-dd52-4cc2-9ff1-a37e62fcf894,Negociação,Fechamento,2025-05-02,3,39,15,23658,Saúde,Média,muito provável
50958b98-ecfc-4006-944b-fc6ada39ae83,Análise de Perfil,Conversa com o Cliente,2025-03-17,1,11,11,43956,Comércio,Baixa,pouco provável
31cdc4c3-1269-4e2c-b562-fe78e3c5f2ec,Conversa com o Cliente,Conversa com o Cliente,2025-03-31,2,25,14,43956,Comércio,Baixa,pouco provável
fdefae5c-da0d-41b1-a428-3c90b0fc2d04,Conversa com o Cliente,Negociação,2025-04-14,3,39,14,43956,Comércio,Baixa,pouco provável
d16a136b-1c82-4958-914d-03bbba4da313,Negociação,Fechamento,2025-04-26,4,51,12,43956,Comércio,Baixa,pouco provável
18f100cb-a328-46f9-b95b-01c65d0cc033,Fechamento,Fechamento,2025-04-30,5,55,4,43956,Comércio,Baixa,provável
9bb1b3f0-2d40-44b7-9438-f031455e08fe,Fechamento,Fechamento,2025-05-04,6,59,4,43956,Comércio,Baixa,pouco provável
fab1ce6b-3be6-475a-86ea-cd33f382fa43,Fechamento,Fechamento,2025-05-09,7,64,5,43956,Comércio,Baixa,pouco provável
30bc876f-ba28-4ae4-bfe5-6f41e2257b11,Fechamento,Fechamento,2025-05-17,8,72,8,43956,Comércio,Baixa,pouco provável
d7fa03f9-36c2-4dc1-98bb-f8818fa96380,Análise de Perfil,Conversa com o Cliente,2025-09-06,1,15,15,16880,Saúde,Média,provável
fef853f4-8311-4e0e-94a2-22e320fe3587,Conversa com o Cliente,Negociação,2025-09-14,2,23,8,16880,Saúde,Média,provável
3e1f0acf-477f-4777-a2b7-ecb2af1bd644,Análise de Perfil,Análise de Perfil,2025-10-26,1,9,9,38152,Tecnologia,Média,provável
154dcf95-eb92-4339-9258-3bd9e1f5e36e,Análise de Perfil,Conversa com o Cliente,2025-11-05,2,19,10,38152,Tecnologia,Média,provável
43afaea1-7ff4-4b86-a560-78cf33bf3cc1,Conversa com o Cliente,Negociação,2025-11-14,3,28,9,38152,Tecnologia,Média,provável
1bbab08f-0fd4-42f9-a8b7-741a510c74a4,Negociação,Fechamento,2025-11-19,4,33,5,38152,Tecnologia,Média,provável
e9d510e8-5eb1-4026-b025-dfeaadeca6fb,Fechamento,Fechamento,2025-12-02,5,46,13,38152,Tecnologia,Média,provável
b6f12333-b8f8-4802-b358-c6302f488831,Fechamento,Fechamento,2025-12-16,6,60,14,38152,Tecnologia,Média,muito provável
14b98854-3a1f-4fe3-9751-97b813228383,Análise de Perfil,Conversa com o Cliente,2025-02-14,1,11,11,48294,Indústria,Alta,muito provável
05fb3b19-d810-46bf-a7da-167b4763e438,Conversa com o Cliente,Negociação,2025-02-27,2,24,13,48294,Indústria,Alta,muito provável
7e505787-49a8-42e4-803e-52b57493e987,Negociação,Fechamento,2025-03-10,3,35,11,48294,Indústria,Alta,muito provável
fdb557dc-8ded-462b-be09-30bf218cc787,Análise de Perfil,Conversa com o Cliente,2025-12-05,1,8,8,46992,Serviços,Média,provável
5c136dc8-4f89-451b-ac8d-f6b1b7cdd9fc,Conversa com o Cliente,Negociação,2025-12-13,2,16,8,46992,Serviços,Média,provável
a47685b9-1125-4242-8f21-c97ccdeb2f85,Análise de Perfil,Conversa com o Cliente,2025-05-04,1,2,2,15009,Saúde,Alta,muito provável
20b03e90-7e11-4677-a481-ee7cbc78cbb4,Conversa com o Cliente,Conversa com o Cliente,2025-05-14,2,12,10,15009,Saúde,Alta,provável
e7c480bf-3f6f-47a9-9f53-4706bb348658,Conversa com o Cliente,Negociação,2025-05-23,3,21,9,15009,Saúde,Alta,provável
49457258-1f38-4d64-a52e-b90515be405a,Análise de Perfil,Análise de Perfil,2025-04-05,1,11,11,5403,Serviços,Média,provável
8c896665-2186-4e4e-93c2-187c08909633,Análise de Perfil,Conversa com o Cliente,2025-04-13,2,19,8,5403,Serviços,Média,provável
ee6b6e7b-98f7-4216-b865-d38b798eae8c,Conversa com o Cliente,Negociação,2025-04-22,3,28,9,5403,Serviços,Média,provável
9fa9975d-f615-4c9c-aea2-d53d712a1c4a,Negociação,Fechamento,2025-04-26,4,32,4,5403,Serviços,Média,provável
f7758922-b777-4d60-85e2-e6a92623d795,Fechamento,Fechamento,2025-05-07,5,43,11,5403,Serviços,Média,provável
7f626e73-9de6-4b4d-b804-02e1791684db,Fechamento,Fechamento,2025-05-22,6,58,15,5403,Serviços,Média,muito provável
ae78fffe-8305-4d3d-8ed9-831eb7469598,Análise de Perfil,Conversa com o Cliente,2025-03-07,1,10,10,45020,Tecnologia,Baixa,pouco provável
a55dd1a5-68e1-48c9-9233-43dcd2f62a1e,Conversa com o Cliente,Negociação,2025-03-12,2,15,5,45020,Tecnologia,Baixa,pouco provável
e217a28d-bfa3-412b-9676-188917aeb53a,Negociação,Fechamento,2025-03-18,3,21,6,45020,Tecnologia,Baixa,provável
90c86a7d-dcb3-4ff8-96e2-fcd45d94789c,Fechamento,Fechamento,2025-03-28,4,31,10,45020,Tecnologia,Baixa,provável
c60a31e9-4adf-4370-bee0-c9367edd9108,Fechamento,Fechamento,2025-04-05,5,39,8,45020,Tecnologia,Baixa,pouco provável
96baec19-84ec-4f66-aef1-ccda2978a6a4,Fechamento,Fechamento,2025-04-06,6,40,1,45020,Tecnologia,Baixa,pouco provável
0ede9546-e280-4700-b62a-678478b506b0,Fechamento,Fechamento,2025-04-12,7,46,6,45020,Tecnologia,Baixa,pouco provável
e177a33b-5479-4403-bd8f-4c2e37d2ec50,Análise de Perfil,Conversa com o Cliente,2025-09-16,1,2,2,42095,Indústria,Alta,provável
fdc1a3b4-24c2-47ca-a069-facc1b6ad131,Conversa com o Cliente,Negociação,2025-09-19,2,5,3,42095,Indústria,Alta,muito provável
a49903bc-7c66-499c-87dc-50e3167d23cf,Negociação,Negociação,2025-10-02,3,18,13,42095,Indústria,Alta,provável
78872383-ff63-4fc6-8fac-199e07fb9064,Negociação,Fechamento,2025-10-17,4,33,15,42095,Indústria,Alta,muito provável
2ece6f5d-c4fd-414a-9853-b90651e618f4,Análise de Perfil,Análise de Perfil,2025-05-05,1,1,1,29285,Serviços,Baixa,pouco provável
cc55b4de-1342-4989-95f2-a6f3e98b2429,Análise de Perfil,Conversa com o Cliente,2025-05-20,2,16,15,29285,Serviços,Baixa,pouco provável
698b837b-5ed0-43cb-8141-710d3bd04a91,Conversa com o Cliente,Negociação,2025-06-04,3,31,15,29285,Serviços,Baixa,pouco provável
da966fae-356e-4ca6-9590-a6147bde93d6,Negociação,Fechamento,2025-06-07,4,34,3,29285,Serviços,Baixa,pouco provável
f66273cd-e21f-4112-9017-f19994b68c8a,Fechamento,Fechamento,2025-06-20,5,47,13,29285,Serviços,Baixa,provável
7d8c614c-feac-4f14-91d0-cfa7139c76e8,Fechamento,Fechamento,2025-07-05,6,62,15,29285,Serviços,Baixa,pouco provável
d0915d5f-9c61-4106-be9d-037dd8b1891f,Fechamento,Fechamento,2025-07-19,7,76,14,29285,Serviços,Baixa,provável
bb6466d1-7e95-4afd-b430-0a8a707f09f4,Fechamento,Fechamento,2025-08-01,8,89,13,29285,Serviços,Baixa,pouco provável
17a3d528-6276-4e7f-8b1e-80b5d2dc203d,Análise de Perfil,Conversa com o Cliente,2025-04-24,1,13,13,41292,Saúde,Alta,muito provável
d5a29ef4-a32c-4f72-9fd6-91dae6ed444b,Conversa com o Cliente,Negociação,2025-04-28,2,17,4,41292,Saúde,Alta,muito provável
bc6e2625-f4c3-4dc0-943d-4eef9402f78f,Análise de Perfil,Conversa com o Cliente,2025-07-03,1,8,8,29761,Tecnologia,Baixa,pouco provável
1de48e16-06f3-4bdb-8528-2163f79735c7,Conversa com o Cliente,Negociação,2025-07-04,2,9,1,29761,Tecnologia,Baixa,pouco provável
0a6d791c-2012-48ee-9751-4547827400e6,Análise de Perfil,Conversa com o Cliente,2025-10-24,1,12,12,49370,Comércio,Média,provável
6476c72b-92c9-4100-b827-7bce351d16ef,Conversa com o Cliente,Negociação,2025-10-25,2,13,1,49370,Comércio,Média,provável
9684acf3-bf00-44c9-900d-6698ceb908c4,Análise de Perfil,Conversa com o Cliente,2025-11-26,1,15,15,17779,Serviços,Alta,provável
a9e1a2a5-9c7d-4395-b9d7-2058430ae4a6,Conversa com o Cliente,Negociação,2025-12-02,2,21,6,17779,Serviços,Alta,provável
d3768556-541d-4257-9e97-81ab39cc7d2c,Negociação,Fechamento,2025-12-17,3,36,15,17779,Serviços,Alta,muito provável
e5cf6da0-2607-40f1-b6e9-05cb8bbb3fa3,Análise de Perfil,Análise de Perfil,2025-08-29,1,7,7,46708,Indústria,Média,provável
6280a246-e4f2-48a4-a248-ed41051edb9b,Análise de Perfil,Análise de Perfil,2025-09-03,2,12,5,46708,Indústria,Média,provável
5b72836e-75e5-49a1-96c3-5c222fca0e80,Análise de Perfil,Conversa com o Cliente,2025-09-10,3,19,7,46708,Indústria,Média,pouco provável
854bc3cc-a738-4049-9965-244d758843b3,Conversa com o Cliente,Conversa com o Cliente,2025-09-20,4,29,10,46708,Indústria,Média,pouco provável
9475a68e-36f9-4298-b814-b9795e5fba89,Análise de Perfil,Conversa com o Cliente,2025-04-29,1,15,15,17815,Educação,Baixa,pouco provável
2a618c5c-ed5a-4a7b-9861-750f87db155e,Conversa com o Cliente,Negociação,2025-05-11,2,27,12,17815,Educação,Baixa,pouco provável
8ea09f77-5cbf-41d8-b1f6-e770b62b1930,Análise de Perfil,Conversa com o Cliente,2025-10-10,1,13,13,25924,Comércio,Média,provável
e33399c4-da1f-4430-9e9a-01bd9a9b90f0,Conversa com o Cliente,Negociação,2025-10-19,2,22,9,25924,Comércio,Média,provável
4fa75868-a9c7-4d33-9b8a-25c19e17dbf2,Negociação,Fechamento,2025-10-20,3,23,1,25924,Comércio,Média,provável
451a0b77-c48c-41d3-a0e1-5718764ca2d5,Fechamento,Fechamento,2025-11-03,4,37,14,25924,Comércio,Média,muito provável
180bac08-96c0-4e93-9f3d-2043bf7d90bb,Análise de Perfil,Conversa com o Cliente,2025-09-16,1,13,13,34263,Comércio,Baixa,pouco provável
9ecee65a-891f-45da-81cf-51a416cb6efd,Conversa com o Cliente,Conversa com o Cliente,2025-10-01,2,28,15,34263,Comércio,Baixa,pouco provável
9557d822-d58e-4820-92fa-3c146def5a05,Conversa com o Cliente,Negociação,2025-10-10,3,37,9,34263,Comércio,Baixa,pouco provável
d7796524-da7e-4080-8967-b3c966898431,Negociação,Fechamento,2025-10-21,4,48,11,34263,Comércio,Baixa,provável
e964d24e-454d-40f1-9047-f6526293feb4,Análise de Perfil,Análise de Perfil,2025-04-27,1,5,5,30584,Indústria,Alta,provável
d6f22e19-4668-4d46-8bee-471d35707da1,Análise de Perfil,Conversa com o Cliente,2025-05-07,2,15,10,30584,Indústria,Alta,provável
9f8ead24-db61-4761-bd66-1060423b13f8,Conversa com o Cliente,Conversa com o Cliente,2025-05-14,3,22,7,30584,Indústria,Alta,muito provável
95b39a92-4d50-4a6d-bb88-6d4545ab2838,Análise de Perfil,Conversa com o Cliente,2025-01-14,1,4,4,20639,Educação,Baixa,pouco provável
bfef9900-5d2a-4d76-a205-4ce69786fd84,Conversa com o Cliente,Negociação,2025-01-23,2,13,9,20639,Educação,Baixa,pouco provável
c3947c34-840c-4100-9fd0-d4238e5a3d8b,Negociação,Fechamento,2025-02-06,3,27,14,20639,Educação,Baixa,provável
71c264be-f3ef-4c6d-8af2-8f3c45d4a3dc,Fechamento,Fechamento,2025-02-18,4,39,12,20639,Educação,Baixa,provável
6a1dc9b3-0f5b-44d4-a738-9724640606d3,Fechamento,Fechamento,2025-03-04,5,53,14,20639,Educação,Baixa,provável
7af67eb1-b307-4cd5-8081-77923025e33f,Análise de Perfil,Conversa com o Cliente,2025-05-23,1,2,2,48176,Educação,Alta,provável
f7ee8cc0-a02f-4474-becb-683f3c4ae71e,Conversa com o Cliente,Negociação,2025-06-04,2,14,12,48176,Educação,Alta,provável
e27e0d22-ca2f-413d-8e26-0840d7dcd4d1,Análise de Perfil,Conversa com o Cliente,2025-11-22,1,3,3,31451,Serviços,Média,provável
fe2f531f-5924-4672-a0a4-5294b7c87e0e,Conversa com o Cliente,Negociação,2025-11-29,2,10,7,31451,Serviços,Média,provável
44d5de3c-fea1-4a20-8b5c-5db3f9f757e0,Negociação,Fechamento,2025-12-03,3,14,4,31451,Serviços,Média,provável
aaf42b73-5505-4c87-a5cf-7d37c1747031,Fechamento,Fechamento,2025-12-07,4,18,4,31451,Serviços,Média,muito provável
1535fa98-f6ae-4ae3-88f9-e34ddbbf4f6a,Análise de Perfil,Conversa com o Cliente,2025-10-30,1,14,14,33678,Tecnologia,Média,pouco provável
4b014743-6adf-4d09-82d5-560ae49d09f7,Conversa com o Cliente,Conversa com o Cliente,2025-11-06,2,21,7,33678,Tecnologia,Média,provável
c63dddce-2cd7-4ea8-9f3a-aa5ae36a7a49,Conversa com o Cliente,Conversa com o Cliente,2025-11-15,3,30,9,33678,Tecnologia,Média,pouco provável
49730ad2-a097-420c-b2d4-f18f35c0b677,Conversa com o Cliente,Negociação,2025-11-23,4,38,8,33678,Tecnologia,Média,provável
9270e43a-5757-4985-b9db-edba1632a416,Análise de Perfil,Análise de Perfil,2025-11-23,1,9,9,47763,Saúde,Média,pouco provável
768f77ef-e95c-4f90-9b2a-b563c5da6f64,Análise de Perfil,Conversa com o Cliente,2025-11-30,2,16,7,47763,Saúde,Média,pouco provável
e3e23daf-98b2-4ac5-8649-d26928cb0194,Conversa com o Cliente,Conversa com o Cliente,2025-12-07,3,23,7,47763,Saúde,Média,provável
5955331a-d175-4e5d-a9b7-8da96cb8fb5c,Conversa com o Cliente,Negociação,2025-12-11,4,27,4,47763,Saúde,Média,provável
d5b1b6a4-1303-4d73-a3bd-9855d699c642,Negociação,Negociação,2025-12-19,5,35,8,47763,Saúde,Média,provável
19670e9c-7962-48ca-a9a0-754b4848c24a,Negociação,Fechamento,2025-12-28,6,44,9,47763,Saúde,Média,muito provável
9c8eb417-4aa8-437d-8549-e8c6873fc4fd,Análise de Perfil,Conversa com o Cliente,2025-11-21,1,9,9,35888,Tecnologia,Média,provável
94f0d565-179c-4015-9aa0-9c1b5f6edd8e,Conversa com o Cliente,Conversa com o Cliente,2025-12-02,2,20,11,35888,Tecnologia,Média,provável
01164a96-fcab-4b2f-8a3d-6a833aeaaa80,Conversa com o Cliente,Negociação,2025-12-11,3,29,9,35888,Tecnologia,Média,provável
cf22fe14-ed77-4040-9b0c-578dece0cac6,Análise de Perfil,Conversa com o Cliente,2025-11-20,1,1,1,49415,Comércio,Baixa,pouco provável
df79d95d-5bb5-495c-b028-68a848d9b6c8,Conversa com o Cliente,Negociação,2025-11-26,2,7,6,49415,Comércio,Baixa,provável
d123c148-956a-4816-848b-1fbca5f058ae,Negociação,Negociação,2025-12-09,3,20,13,49415,Comércio,Baixa,pouco provável
3169d71f-24d6-413f-b8fa-a5c178264ba2,Negociação,Fechamento,2025-12-12,4,23,3,49415,Comércio,Baixa,pouco provável
41a4d255-df13-4139-86fe-8d38be5790c4,Fechamento,Fechamento,2025-12-16,5,27,4,49415,Comércio,Baixa,pouco provável
cad3b5ed-f1f2-4aa1-a744-ca0ca2039238,Fechamento,Fechamento,2025-12-30,6,41,14,49415,Comércio,Baixa,pouco provável
f1cf0017-39be-4349-a1a1-631f423dcd45,Fechamento,Fechamento,2026-01-03,7,45,4,49415,Comércio,Baixa,pouco provável
0ea18467-f95e-4633-8ab5-c8cd5f064379,Análise de Perfil,Conversa com o Cliente,2025-03-04,1,10,10,17542,Indústria,Baixa,pouco provável
3fcfd3f8-91a3-4b41-ba01-c4372c82c74c,Conversa com o Cliente,Negociação,2025-03-06,2,12,2,17542,Indústria,Baixa,pouco provável
eae4454f-5198-40d1-bbed-c6afa821c57f,Negociação,Negociação,2025-03-07,3,13,1,17542,Indústria,Baixa,pouco provável
780276c6-e5c2-4d0e-851f-90d6295ad475,Negociação,Fechamento,2025-03-12,4,18,5,17542,Indústria,Baixa,pouco provável
375b7b75-e0cc-4786-a702-6df57b9e39a4,Análise de Perfil,Conversa com o Cliente,2025-01-05,1,3,3,49204,Serviços,Média,pouco provável
a73307e1-ea1b-4954-aede-b1de094010f6,Conversa com o Cliente,Negociação,2025-01-08,2,6,3,49204,Serviços,Média,provável
4f0360d3-1927-4c32-8ba5-6cd7a3449ddf,Negociação,Fechamento,2025-01-18,3,16,10,49204,Serviços,Média,provável
e913e50c-1b3b-403a-bcda-fc0454429008,Análise de Perfil,Conversa com o Cliente,2025-11-20,1,12,12,15293,Serviços,Baixa,pouco provável
959c4ef3-70e2-4626-888c-c1bf4a5230d5,Conversa com o Cliente,Conversa com o Cliente,2025-11-27,2,19,7,15293,Serviços,Baixa,pouco provável
427736a2-ea12-447c-b677-6e2c081b42f2,Conversa com o Cliente,Negociação,2025-12-07,3,29,10,15293,Serviços,Baixa,pouco provável
e3c00020-33ab-4757-92c2-a59f8268ba40,Negociação,Negociação,2025-12-22,4,44,15,15293,Serviços,Baixa,pouco provável
081913d9-f3c8-493b-b7ab-afa6e9b335f9,Negociação,Fechamento,2025-12-26,5,48,4,15293,Serviços,Baixa,pouco provável
db5a9a3a-18dc-46f4-b494-a05239816523,Análise de Perfil,Conversa com o Cliente,2025-06-12,1,7,7,14952,Comércio,Média,provável
ba9de45b-34c6-4b48-b05d-427911d35f5c,Conversa com o Cliente,Negociação,2025-06-22,2,17,10,14952,Comércio,Média,provável
37b41496-41f2-4d1e-8c1c-d9412dd01ff7,Negociação,Fechamento,2025-07-02,3,27,10,14952,Comércio,Média,muito provável
23d0c666-77e3-4e24-8975-6c3e78b4a7ef,Análise de Perfil,Conversa com o Cliente,2025-05-07,1,6,6,42979,Indústria,Alta,muito provável
31a5c98a-1dfd-4942-ad8e-fda5149b9e7d,Conversa com o Cliente,Negociação,2025-05-11,2,10,4,42979,Indústria,Alta,muito provável
6a6d487c-a4ae-4902-a5d8-84f9f9a13412,Negociação,Fechamento,2025-05-19,3,18,8,42979,Indústria,Alta,muito provável
2b17c08f-145b-4800-97cd-b44d2b8f0d88,Análise de Perfil,Conversa com o Cliente,2025-04-12,1,1,1,46276,Educação,Média,pouco provável
a70641d9-60de-4979-b4f9-216ee462e0ae,Conversa com o Cliente,Negociação,2025-04-24,2,13,12,46276,Educação,Média,provável
7e9de073-894f-4b9f-99de-ccf65b3b1921,Negociação,Fechamento,2025-04-29,3,18,5,46276,Educação,Média,muito provável
b44547b9-4f84-4095-99e1-fae28c83c422,Análise de Perfil,Conversa com o Cliente,2025-02-15,1,10,10,5025,Tecnologia,Alta,muito provável
9c055163-202e-42b5-b165-dccf80969c4f,Conversa com o Cliente,Negociação,2025-03-02,2,25,15,5025,Tecnologia,Alta,muito provável
18f0352d-add1-436d-9570-d4564c2314db,Negociação,Fechamento,2025-03-14,3,37,12,5025,Tecnologia,Alta,muito provável
6165395d-55b3-418d-9239-71c463474445,Análise de Perfil,Conversa com o Cliente,2025-03-03,1,5,5,13446,Educação,Média,provável
1fedbc3c-e118-4391-8e19-803ffad677df,Conversa com o Cliente,Conversa com o Cliente,2025-03-05,2,7,2,13446,Educação,Média,provável
228daa13-d5df-43dd-9908-4a223fc18f94,Conversa com o Cliente,Conversa com o Cliente,2025-03-18,3,20,13,13446,Educação,Média,pouco provável
6e045c7e-a761-48ca-8f27-aa1d3d3a29eb,Conversa com o Cliente,Negociação,2025-03-26,4,28,8,13446,Educação,Média,provável
e9f7dbaa-a74f-4df2-bd08-79766d07dd6c,Negociação,Negociação,2025-03-29,5,31,3,13446,Educação,Média,provável
a2c30de3-6d2f-43ca-8175-8dfea0d5e35d,Análise de Perfil,Análise de Perfil,2025-06-24,1,5,5,5970,Comércio,Baixa,pouco provável
ec4ff616-f22d-47cb-b40e-9c5a815ea46b,Análise de Perfil,Conversa com o Cliente,2025-06-29,2,10,5,5970,Comércio,Baixa,pouco provável
34115970-3efd-4a4a-990d-1608497649b8,Conversa com o Cliente,Conversa com o Cliente,2025-07-02,3,13,3,5970,Comércio,Baixa,pouco provável
5aaf2b19-f6eb-47fc-9df5-77ba21cf5931,Conversa com o Cliente,Negociação,2025-07-07,4,18,5,5970,Comércio,Baixa,provável
a5e0ec62-34d4-4fd3-9d26-b0a6d227f458,Negociação,Fechamento,2025-07-14,5,25,7,5970,Comércio,Baixa,pouco provável
0614bd91-e0df-4375-83e9-f108d1a47167,Fechamento,Fechamento,2025-07-24,6,35,10,5970,Comércio,Baixa,pouco provável
355475e1-7fa4-487f-b476-3a622882b7ac,Análise de Perfil,Análise de Perfil,2025-06-01,1,12,12,30700,Serviços,Média,pouco provável
42f58590-1b10-4615-92a1-b2effd32e6d7,Análise de Perfil,Conversa com o Cliente,2025-06-07,2,18,6,30700,Serviços,Média,pouco provável
f24f335b-3b27-4c7c-a4d7-6ecc3ac65e3b,Conversa com o Cliente,Negociação,2025-06-20,3,31,13,30700,Serviços,Média,provável
3d3d9430-a3b2-4e3f-a97a-2848a661fb03,Negociação,Fechamento,2025-06-21,4,32,1,30700,Serviços,Média,muito provável
d52f7ad5-1ee6-4ba1-8d94-d07fb0f330f8,Análise de Perfil,Análise de Perfil,2025-07-01,1,4,4,19184,Saúde,Média,pouco provável
955a7116-25f8-4dd9-9338-c73456942d7b,Análise de Perfil,Análise de Perfil,2025-07-14,2,17,13,19184,Saúde,Média,pouco provável
1d4b8cf7-390e-4c73-aed2-24c85a0ea226,Análise de Perfil,Análise de Perfil,2025-07-29,3,32,15,19184,Saúde,Média,provável
907cb288-7e50-42a4-92b8-04b2dd800198,Análise de Perfil,Conversa com o Cliente,2025-08-09,4,43,11,19184,Saúde,Média,provável
03216517-b073-4dca-8058-005aa10da30b,Análise de Perfil,Análise de Perfil,2025-01-17,1,1,1,6820,Indústria,Baixa,pouco provável
0cdcbfd0-0912-49a6-b3b3-85acb0facd6a,Análise de Perfil,Análise de Perfil,2025-02-01,2,16,15,6820,Indústria,Baixa,pouco provável
2ebb6b40-28d0-4845-856f-5006a253de5d,Análise de Perfil,Conversa com o Cliente,2025-02-03,3,18,2,6820,Indústria,Baixa,pouco provável
43c4abf2-fceb-4330-bc38-6be87e93a7cd,Conversa com o Cliente,Negociação,2025-02-08,4,23,5,6820,Indústria,Baixa,pouco provável
268cef89-2667-439a-b507-18a998238aa5,Análise de Perfil,Conversa com o Cliente,2025-07-11,1,10,10,24062,Indústria,Média,pouco provável
36da7d3b-d796-486b-8cf5-10261c5c4c95,Conversa com o Cliente,Negociação,2025-07-19,2,18,8,24062,Indústria,Média,provável
1fa67c46-18b0-437d-ac77-a71f83b78e5a,Negociação,Fechamento,2025-07-25,3,24,6,24062,Indústria,Média,provável
fcff321e-1313-4f82-9f6e-070526bafae3,Fechamento,Fechamento,2025-08-08,4,38,14,24062,Indústria,Média,provável
37bd106f-d57b-4cec-a338-e85873020a58,Fechamento,Fechamento,2025-08-09,5,39,1,24062,Indústria,Média,provável
dfb6637c-3fbb-48fe-9ae0-0e3f4af7f9ca,Fechamento,Fechamento,2025-08-13,6,43,4,24062,Indústria,Média,muito provável
1a5f59e0-b23c-4309-8186-97bf9addddbf,Análise de Perfil,Conversa com o Cliente,2025-08-25,1,14,14,7349,Saúde,Média,pouco provável
7f4895b3-ec5d-493d-996b-aba2cb1be77d,Conversa com o Cliente,Negociação,2025-09-04,2,24,10,7349,Saúde,Média,provável
350884cf-7611-49e9-b005-0d89c9b440b6,Negociação,Fechamento,2025-09-06,3,26,2,7349,Saúde,Média,provável
7c2f9b81-6cd8-42a1-92e4-1518d52fb472,Fechamento,Fechamento,2025-09-19,4,39,13,7349,Saúde,Média,muito provável
d31ed24d-7622-4e10-912d-562e708bce17,Análise de Perfil,Conversa com o Cliente,2025-04-15,1,12,12,38613,Comércio,Baixa,pouco provável
bd35b09a-9198-4201-9ea8-2375102aa8fa,Conversa com o Cliente,Negociação,2025-04-30,2,27,15,38613,Comércio,Baixa,pouco provável
14630ebb-8217-4db6-acd2-60cc15f79604,Negociação,Fechamento,2025-05-06,3,33,6,38613,Comércio,Baixa,pouco provável
72f47b6c-7fc0-481a-a3ce-d5cd48e310bb,Fechamento,Fechamento,2025-05-07,4,34,1,38613,Comércio,Baixa,pouco provável
4b243a5b-4415-4f1a-bdc0-393859c8d164,Fechamento,Fechamento,2025-05-13,5,40,6,38613,Comércio,Baixa,pouco provável
ade24b5b-6efa-4468-b21f-8ae2429146b3,Fechamento,Fechamento,2025-05-22,6,49,9,38613,Comércio,Baixa,provável
73749622-6feb-4bb8-a409-99194f11267f,Fechamento,Fechamento,2025-05-27,7,54,5,38613,Comércio,Baixa,pouco provável
8b48918c-5f21-41ff-87a1-f390b0f32f84,Fechamento,Fechamento,2025-05-30,8,57,3,38613,Comércio,Baixa,pouco provável
c7e28541-be1e-4277-8a13-74d41dcfc943,Análise de Perfil,Conversa com o Cliente,2025-01-31,1,13,13,18758,Indústria,Média,provável
a54b521b-f9de-487e-ba20-3447669a978f,Conversa com o Cliente,Negociação,2025-02-11,2,24,11,18758,Indústria,Média,provável
4652b7bc-047f-4780-b1ce-62c7ea2485ef,Negociação,Fechamento,2025-02-24,3,37,13,18758,Indústria,Média,provável
d3ce2015-89f2-4010-8734-5fd51630cbda,Fechamento,Fechamento,2025-03-04,4,45,8,18758,Indústria,Média,muito provável
d779dba1-4792-4cda-891c-0f6b35058709,Análise de Perfil,Análise de Perfil,2025-07-17,1,1,1,8320,Comércio,Média,pouco provável
8471ff13-49f3-4769-8d58-679328de5515,Análise de Perfil,Análise de Perfil,2025-07-27,2,11,10,8320,Comércio,Média,provável
6e369ff4-ffdc-418a-bdca-37cabc196250,Análise de Perfil,Análise de Perfil,2025-08-07,3,22,11,8320,Comércio,Média,provável
10f0d42b-c7f0-4895-a611-db36185bf792,Análise de Perfil,Análise de Perfil,2025-02-14,1,2,2,25907,Tecnologia,Média,pouco provável
28257456-fb11-411c-afe1-c62fb9f89b20,Análise de Perfil,Conversa com o Cliente,2025-02-21,2,9,7,25907,Tecnologia,Média,provável
7da3e547-c620-4aa6-8f20-69762a4c8aa2,Conversa com o Cliente,Negociação,2025-03-04,3,20,11,25907,Tecnologia,Média,provável
b190b92a-5b7a-4bf0-a7cb-d009f3979687,Negociação,Fechamento,2025-03-10,4,26,6,25907,Tecnologia,Média,muito provável
25819b25-08db-43e6-bc2e-216427620889,Análise de Perfil,Conversa com o Cliente,2025-03-23,1,13,13,49104,Educação,Alta,provável
46cb39a5-b149-463c-99a7-9223e8f7d560,Conversa com o Cliente,Negociação,2025-04-02,2,23,10,49104,Educação,Alta,provável
d46488d2-a44d-4a08-9675-aedc0e33957d,Negociação,Fechamento,2025-04-03,3,24,1,49104,Educação,Alta,muito provável
ec57d37c-30e3-4f02-8017-aac559abc290,Análise de Perfil,Conversa com o Cliente,2025-05-01,1,14,14,25294,Saúde,Média,pouco provável
6eda1e2c-c5b3-401f-bc2a-de2ed9eaee8f,Conversa com o Cliente,Negociação,2025-05-09,2,22,8,25294,Saúde,Média,provável
b4a1bb66-a2e4-4383-8d9f-c366e5ee4913,Análise de Perfil,Análise de Perfil,2025-05-21,1,9,9,23188,Comércio,Média,provável
a0d34aa4-6995-49e3-9be9-f955d52bc918,Análise de Perfil,Análise de Perfil,2025-06-02,2,21,12,23188,Comércio,Média,pouco provável
0c1da2a0-4646-43bf-bfe9-b7d343982fea,Análise de Perfil,Conversa com o Cliente,2025-06-14,3,33,12,23188,Comércio,Média,provável
38b4a34c-9b41-4663-a1cf-eae2c71da406,Conversa com o Cliente,Negociação,2025-06-19,4,38,5,23188,Comércio,Média,provável
8559433a-485d-490c-b092-feb5c5ff71a5,Negociação,Fechamento,2025-06-30,5,49,11,23188,Comércio,Média,muito provável
2d6064a9-68b5-49e1-840f-1fd4e5b298fa,Análise de Perfil,Análise de Perfil,2025-06-17,1,4,4,26185,Serviços,Baixa,pouco provável
63e1fbfa-377b-42ac-89ea-46a7b115f0d9,Análise de Perfil,Conversa com o Cliente,2025-06-29,2,16,12,26185,Serviços,Baixa,pouco provável
cb946002-1a26-4fef-b50b-6c373e519f04,Conversa com o Cliente,Conversa com o Cliente,2025-07-04,3,21,5,26185,Serviços,Baixa,pouco provável
15de760f-192d-4df9-9072-e06fba757777,Conversa com o Cliente,Negociação,2025-07-05,4,22,1,26185,Serviços,Baixa,pouco provável
cb0bb689-001d-423e-a661-30db5b7251fe,Negociação,Negociação,2025-07-16,5,33,11,26185,Serviços,Baixa,pouco provável
16b91af4-09f8-4a53-ab44-ecb96e1879a4,Negociação,Fechamento,2025-07-28,6,45,12,26185,Serviços,Baixa,pouco provável
6f51c5fc-e456-48fd-80f4-4057b0fa7763,Fechamento,Fechamento,2025-08-05,7,53,8,26185,Serviços,Baixa,pouco provável
6d920240-aa5a-4c5b-9d1e-a51071117e6b,Fechamento,Fechamento,2025-08-10,8,58,5,26185,Serviços,Baixa,pouco provável
245fb905-2f0e-42ce-852f-fc65242570c9,Análise de Perfil,Conversa com o Cliente,2025-04-12,1,8,8,23528,Saúde,Média,pouco provável
ec52ec93-1de7-40c4-95bb-8b69915a3a53,Conversa com o Cliente,Negociação,2025-04-18,2,14,6,23528,Saúde,Média,provável
4af7923c-85b5-45ad-8f9a-76b83e8d01e9,Análise de Perfil,Conversa com o Cliente,2025-09-10,1,14,14,44515,Indústria,Média,pouco provável
bd1497f3-9ccb-4b0e-b444-b7041fb19d17,Conversa com o Cliente,Negociação,2025-09-15,2,19,5,44515,Indústria,Média,provável
033f5751-8e17-45e3-9241-8934d823652b,Negociação,Fechamento,2025-09-26,3,30,11,44515,Indústria,Média,muito provável
7b33845d-adb1-430a-a19f-a06fbf434c60,Análise de Perfil,Análise de Perfil,2025-10-09,1,3,3,32243,Indústria,Baixa,pouco provável
437b89b3-53bc-4a15-ba61-a46b9b8395af,Análise de Perfil,Conversa com o Cliente,2025-10-23,2,17,14,32243,Indústria,Baixa,pouco provável
f7e09dda-ac19-4372-b1b8-6d9b6d663ebd,Conversa com o Cliente,Negociação,2025-11-06,3,31,14,32243,Indústria,Baixa,pouco provável
ac7380d0-dfd0-4d6d-a5f4-efd76b67dd34,Negociação,Negociação,2025-11-20,4,45,14,32243,Indústria,Baixa,pouco provável
9a7579de-1ac8-47b7-b6b4-8ce876faa972,Análise de Perfil,Análise de Perfil,2025-11-19,1,7,7,39364,Serviços,Baixa,pouco provável
6a5c5fc2-5217-4b91-b4a6-5549daef3c7d,Análise de Perfil,Conversa com o Cliente,2025-12-02,2,20,13,39364,Serviços,Baixa,pouco provável
c42679cd-382b-4579-bba0-ef56dbd99e7b,Análise de Perfil,Conversa com o Cliente,2025-03-03,1,10,10,38773,Educação,Baixa,pouco provável
8d66d3c2-0e31-46ec-b5ed-278b63550d96,Conversa com o Cliente,Conversa com o Cliente,2025-03-12,2,19,9,38773,Educação,Baixa,pouco provável
55f28830-8c7c-4907-9003-549d487fe89f,Conversa com o Cliente,Conversa com o Cliente,2025-03-19,3,26,7,38773,Educação,Baixa,pouco provável
c679763f-0b36-4ae1-b492-4dd6548cff41,Conversa com o Cliente,Conversa com o Cliente,2025-03-25,4,32,6,38773,Educação,Baixa,pouco provável
6778ce20-3683-4306-b166-5ce1729059bd,Análise de Perfil,Conversa com o Cliente,2025-10-05,1,2,2,35257,Tecnologia,Baixa,pouco provável
7644f800-6536-4de5-9298-719371006bbd,Conversa com o Cliente,Negociação,2025-10-15,2,12,10,35257,Tecnologia,Baixa,pouco provável
a08de159-f629-43d3-9423-a034d4bd6d40,Negociação,Negociação,2025-10-29,3,26,14,35257,Tecnologia,Baixa,pouco provável
eb983bf4-951f-48c9-8a21-be5573d11648,Negociação,Fechamento,2025-11-03,4,31,5,35257,Tecnologia,Baixa,provável
85a53764-662a-47e3-af78-0a50328de3d9,Fechamento,Fechamento,2025-11-06,5,34,3,35257,Tecnologia,Baixa,pouco provável
0eeaa31d-b16d-4cc5-aacb-54a0e88f4965,Fechamento,Fechamento,2025-11-10,6,38,4,35257,Tecnologia,Baixa,provável
d6337531-3ba8-4f5f-b812-1c1578bd5099,Análise de Perfil,Análise de Perfil,2025-06-07,1,1,1,36519,Educação,Baixa,pouco provável
832a6f08-f92f-48bf-85ee-47ab03e8b25b,Análise de Perfil,Análise de Perfil,2025-06-18,2,12,11,36519,Educação,Baixa,pouco provável
74d27467-f04f-443a-b227-f35e72be21ec,Análise de Perfil,Conversa com o Cliente,2025-06-27,3,21,9,36519,Educação,Baixa,pouco provável
5834487e-b434-4131-baa5-df6e66e961fc,Conversa com o Cliente,Negociação,2025-07-05,4,29,8,36519,Educação,Baixa,provável
333ed525-a8e3-406c-a6bf-32f7cabc4156,Negociação,Fechamento,2025-07-16,5,40,11,36519,Educação,Baixa,pouco provável
06da6bd2-c84d-4232-afc7-f2063ae684fc,Fechamento,Fechamento,2025-07-31,6,55,15,36519,Educação,Baixa,pouco provável
323ada01-fec4-4e96-a4d5-ca3137df62d7,Fechamento,Fechamento,2025-08-07,7,62,7,36519,Educação,Baixa,pouco provável
1e78800f-eca0-444a-90a1-f6df43393ebb,Análise de Perfil,Conversa com o Cliente,2025-04-25,1,11,11,47396,Tecnologia,Média,provável
39b3eaab-5719-4fe7-88f6-564ff91041cf,Conversa com o Cliente,Conversa com o Cliente,2025-04-28,2,14,3,47396,Tecnologia,Média,provável
aef90a8d-5188-4cac-9c01-17286d21d44c,Análise de Perfil,Conversa com o Cliente,2025-01-18,1,10,10,16591,Indústria,Média,provável
5c74eac2-b913-43b9-be41-a2a413d35358,Conversa com o Cliente,Negociação,2025-01-22,2,14,4,16591,Indústria,Média,provável
1ff6dc96-d42d-4d90-80cf-072bb4024fec,Negociação,Fechamento,2025-02-04,3,27,13,16591,Indústria,Média,muito provável
5aafdb03-0cc3-4e88-ba72-f26e863640e4,Análise de Perfil,Conversa com o Cliente,2025-01-17,1,4,4,49469,Educação,Alta,provável
26e69823-1833-49c9-a379-cbd4f3f9d773,Conversa com o Cliente,Conversa com o Cliente,2025-01-28,2,15,11,49469,Educação,Alta,provável
07a0ca6a-d370-4f6d-bd02-7c73239abe14,Conversa com o Cliente,Conversa com o Cliente,2025-02-03,3,21,6,49469,Educação,Alta,muito provável
07c36008-a327-4095-bdcc-cd85db55169c,Conversa com o Cliente,Conversa com o Cliente,2025-02-13,4,31,10,49469,Educação,Alta,provável
d84be7ea-6985-4620-8e43-91acb30412f9,Conversa com o Cliente,Negociação,2025-02-21,5,39,8,49469,Educação,Alta,provável
2c4cd201-1498-412d-951b-8b666467a469,Análise de Perfil,Conversa com o Cliente,2025-12-04,1,6,6,26523,Serviços,Média,provável
7bc0d2be-d4ce-4d51-85f2-2521266ad368,Conversa com o Cliente,Negociação,2025-12-08,2,10,4,26523,Serviços,Média,provável
afff9b9e-c43f-43ec-b8b5-bfe63a1815ff,Negociação,Negociação,2025-12-23,3,25,15,26523,Serviços,Média,provável
b8a033e3-88c0-45a7-ac42-c4b190e7604a,Negociação,Fechamento,2026-01-04,4,37,12,26523,Serviços,Média,muito provável
76789093-a597-4a1c-b9d3-f7db3dea7d5b,Análise de Perfil,Análise de Perfil,2025-04-19,1,12,12,27362,Saúde,Baixa,pouco provável
53834da7-399d-4cb2-8414-30fa39e1e4d0,Análise de Perfil,Conversa com o Cliente,2025-04-27,2,20,8,27362,Saúde,Baixa,pouco provável
7a5f0060-cec6-4611-b478-c582658f662f,Conversa com o Cliente,Conversa com o Cliente,2025-05-10,3,33,13,27362,Saúde,Baixa,pouco provável
36e021d5-52a1-40d1-9acb-585bfefdef70,Conversa com o Cliente,Conversa com o Cliente,2025-05-18,4,41,8,27362,Saúde,Baixa,pouco provável
de43f930-1135-4f89-b220-f2b012b89302,Conversa com o Cliente,Negociação,2025-05-21,5,44,3,27362,Saúde,Baixa,pouco provável
1878bd98-e890-4fa6-a972-e670f1461e33,Análise de Perfil,Conversa com o Cliente,2025-10-19,1,13,13,7619,Educação,Alta,muito provável
fd33e3fb-faf2-4f58-822a-3e76786df507,Conversa com o Cliente,Negociação,2025-10-28,2,22,9,7619,Educação,Alta,provável
7afd4bf6-5e8c-4d67-a5da-ee1923c12c68,Negociação,Fechamento,2025-11-09,3,34,12,7619,Educação,Alta,muito provável
f3c8e45b-8eff-47ec-bf3b-1b8510d5c9cf,Análise de Perfil,Conversa com o Cliente,2025-08-26,1,10,10,20209,Saúde,Alta,provável
c45e30e2-da1e-4724-8307-f68a7097549a,Conversa com o Cliente,Negociação,2025-08-30,2,14,4,20209,Saúde,Alta,muito provável
030db5b4-5246-4ed0-a1bf-221cca97ca69,Análise de Perfil,Conversa com o Cliente,2025-08-04,1,15,15,34931,Serviços,Média,pouco provável
27dab535-d6e3-457d-8412-d8d0329df8c8,Conversa com o Cliente,Negociação,2025-08-14,2,25,10,34931,Serviços,Média,provável
cf604bdb-259f-4886-8ac8-fe2bc8db3e9f,Negociação,Fechamento,2025-08-29,3,40,15,34931,Serviços,Média,provável
da6a8937-c37a-4069-a874-11056a328c7e,Fechamento,Fechamento,2025-09-02,4,44,4,34931,Serviços,Média,muito provável
8bbb8196-111e-48fc-aa7d-8fc2b7a55285,Análise de Perfil,Conversa com o Cliente,2025-01-11,1,2,2,31555,Indústria,Média,pouco provável
4e90a2c8-81f8-4cd5-bb74-abe3f51bfb75,Conversa com o Cliente,Negociação,2025-01-13,2,4,2,31555,Indústria,Média,provável
a2bf6a8f-27ef-4dba-96af-9ad87c2283c5,Análise de Perfil,Conversa com o Cliente,2025-08-01,1,9,9,43523,Serviços,Média,pouco provável
c2f4d42a-13c7-4219-8df4-ba5e6aaf2ca3,Conversa com o Cliente,Conversa com o Cliente,2025-08-10,2,18,9,43523,Serviços,Média,pouco provável
a00b310b-871c-40ca-8406-fb61b3cf54d6,Conversa com o Cliente,Negociação,2025-08-20,3,28,10,43523,Serviços,Média,provável
2f0fde7c-e87a-4193-abb2-c051e82e6ade,Negociação,Negociação,2025-09-03,4,42,14,43523,Serviços,Média,provável
48475f95-4710-4a8c-a8f5-924526357f93,Negociação,Fechamento,2025-09-17,5,56,14,43523,Serviços,Média,provável
bf44001b-80e7-49d8-b63a-42a33fff1e2d,Fechamento,Fechamento,2025-09-24,6,63,7,43523,Serviços,Média,muito provável
7a967260-6a54-462c-9f8b-0ab1983e22b2,Análise de Perfil,Conversa com o Cliente,2025-09-15,1,9,9,25549,Educação,Média,provável
77b57d50-1135-41e6-9acc-34d21b6adc57,Conversa com o Cliente,Negociação,2025-09-28,2,22,13,25549,Educação,Média,provável
fa320edc-f6e0-4e50-a73b-0bf26b490883,Negociação,Fechamento,2025-10-13,3,37,15,25549,Educação,Média,muito provável
53c16354-be40-4eb6-9200-d32add283b4e,Análise de Perfil,Conversa com o Cliente,2025-07-07,1,12,12,34224,Indústria,Baixa,pouco provável
fce395f9-4af9-46bf-a592-582f48c1f144,Conversa com o Cliente,Negociação,2025-07-22,2,27,15,34224,Indústria,Baixa,pouco provável
4c4aaf2f-91c9-4b57-a9bb-76d833ebd1f6,Negociação,Fechamento,2025-08-04,3,40,13,34224,Indústria,Baixa,pouco provável
4239603b-580d-4e4d-bbac-f605e22c3148,Fechamento,Fechamento,2025-08-08,4,44,4,34224,Indústria,Baixa,pouco provável
2d3e248b-746c-4c96-b284-35fb83057751,Fechamento,Fechamento,2025-08-09,5,45,1,34224,Indústria,Baixa,provável
acb80f02-d632-4b70-a6d2-bba17be4121f,Fechamento,Fechamento,2025-08-23,6,59,14,34224,Indústria,Baixa,pouco provável
a3393717-46be-4ab6-8704-bc5d3ffce0dd,Análise de Perfil,Análise de Perfil,2025-01-11,1,2,2,45334,Tecnologia,Média,pouco provável
a659502b-0de3-4168-b032-bc349ac3b11b,Análise de Perfil,Conversa com o Cliente,2025-01-19,2,10,8,45334,Tecnologia,Média,provável
20210348-8639-4bac-9064-f2c0a9301f56,Conversa com o Cliente,Conversa com o Cliente,2025-01-26,3,17,7,45334,Tecnologia,Média,provável
0e615cf0-4d3c-4a2c-96c8-bfc3786e08fa,Conversa com o Cliente,Conversa com o Cliente,2025-02-03,4,25,8,45334,Tecnologia,Média,pouco provável
48af6ea6-0700-4bca-b850-1ece575f7a49,Conversa com o Cliente,Negociação,2025-02-08,5,30,5,45334,Tecnologia,Média,provável
4fb1f6cb-9b50-473b-84b6-8559c8b5c4ed,Análise de Perfil,Análise de Perfil,2025-02-19,1,15,15,27223,Educação,Baixa,pouco provável
98e1cd13-5785-4440-810a-dc3b5801eae7,Análise de Perfil,Conversa com o Cliente,2025-02-28,2,24,9,27223,Educação,Baixa,pouco provável
f672c466-008c-40cb-b16f-ed4d0f38f9c1,Conversa com o Cliente,Negociação,2025-03-01,3,25,1,27223,Educação,Baixa,provável
7cbc5bc0-a923-4133-8450-455c6d9e3251,Negociação,Negociação,2025-03-06,4,30,5,27223,Educação,Baixa,pouco provável
c45fc12e-33f8-4851-b33f-387ed3b58f66,Negociação,Fechamento,2025-03-07,5,31,1,27223,Educação,Baixa,provável
a7344ef9-0086-4747-bf04-90cd558d02ed,Fechamento,Fechamento,2025-03-20,6,44,13,27223,Educação,Baixa,pouco provável
fdfa8f55-8a01-4d66-9512-f74af195b167,Fechamento,Fechamento,2025-03-22,7,46,2,27223,Educação,Baixa,pouco provável
48060035-6319-4f39-9ba1-a704f5bb8bd2,Fechamento,Fechamento,2025-03-28,8,52,6,27223,Educação,Baixa,pouco provável
c92a5c45-4ba1-4d66-bc73-6091645a443c,Análise de Perfil,Análise de Perfil,2025-01-16,1,15,15,19933,Comércio,Baixa,pouco provável
b011ab6a-d698-4c88-ac56-d33d99a3268f,Análise de Perfil,Conversa com o Cliente,2025-01-28,2,27,12,19933,Comércio,Baixa,pouco provável
4ff747a2-6443-4001-bb9c-623e4b966f06,Conversa com o Cliente,Negociação,2025-02-10,3,40,13,19933,Comércio,Baixa,pouco provável
cd016618-9bc3-4d6d-835e-aba3559f62b5,Negociação,Negociação,2025-02-13,4,43,3,19933,Comércio,Baixa,pouco provável
e734f5ae-2946-4e9d-86ab-da3d31a8f7d4,Negociação,Negociação,2025-02-28,5,58,15,19933,Comércio,Baixa,pouco provável
31db094a-abcb-4aa0-8a1f-09914bdce6a0,Negociação,Fechamento,2025-03-08,6,66,8,19933,Comércio,Baixa,pouco provável
9fc39e27-3372-447d-82a4-6fb6c05c1e48,Fechamento,Fechamento,2025-03-20,7,78,12,19933,Comércio,Baixa,pouco provável
062e567c-c093-45c5-8985-f48b1860b24a,Fechamento,Fechamento,2025-03-27,8,85,7,19933,Comércio,Baixa,pouco provável
23151359-fa85-4035-b913-b1012ae8c16c,Análise de Perfil,Análise de Perfil,2025-04-26,1,10,10,17282,Serviços,Média,pouco provável
f8a591f5-3044-4473-a197-50e9352599ce,Análise de Perfil,Conversa com o Cliente,2025-04-30,2,14,4,17282,Serviços,Média,provável
0c4da9d4-77cb-40e7-a276-283f9c77f05f,Análise de Perfil,Conversa com o Cliente,2025-02-22,1,9,9,15249,Serviços,Média,pouco provável
83c09fc3-4be9-495f-8c65-77c660f18a4b,Conversa com o Cliente,Negociação,2025-02-24,2,11,2,15249,Serviços,Média,provável
8212a899-d9a0-436c-b99a-777995722e1d,Negociação,Negociação,2025-03-05,3,20,9,15249,Serviços,Média,provável
6a230e65-55b1-4492-a33c-d9a9fddee3ef,Negociação,Fechamento,2025-03-16,4,31,11,15249,Serviços,Média,muito provável
be3d7d11-19cc-44fc-b283-3f3d65ecca77,Análise de Perfil,Conversa com o Cliente,2025-06-22,1,10,10,44928,Indústria,Baixa,pouco provável
830be3f6-58d9-4ebf-9664-abd94afaa67c,Conversa com o Cliente,Negociação,2025-07-07,2,25,15,44928,Indústria,Baixa,pouco provável
a33f4aeb-7c7f-4f74-bb69-a870cf9219cc,Negociação,Fechamento,2025-07-11,3,29,4,44928,Indústria,Baixa,pouco provável
55385d14-6d4f-44b0-8f11-440d130ca59b,Fechamento,Fechamento,2025-07-18,4,36,7,44928,Indústria,Baixa,pouco provável
f404e52c-bdb1-4d62-bc79-6277bf242bda,Fechamento,Fechamento,2025-08-01,5,50,14,44928,Indústria,Baixa,pouco provável
2b07a7e7-c953-4b32-939e-86bdd056522a,Fechamento,Fechamento,2025-08-07,6,56,6,44928,Indústria,Baixa,pouco provável
2e670046-59d3-4e15-937d-17f8ba46a975,Fechamento,Fechamento,2025-08-10,7,59,3,44928,Indústria,Baixa,pouco provável
d5bdac6a-af19-4eef-bb14-ab3374b12444,Fechamento,Fechamento,2025-08-21,8,70,11,44928,Indústria,Baixa,provável
256ff9ea-9bae-4dfb-b52e-5651c5050e84,Análise de Perfil,Conversa com o Cliente,2025-05-03,1,9,9,20059,Serviços,Média,pouco provável
55160fb1-fcfe-4a68-a7d5-5e01650939cf,Conversa com o Cliente,Negociação,2025-05-13,2,19,10,20059,Serviços,Média,provável
7be2653f-d4e1-4ae1-8c32-b0d62c1579ab,Negociação,Fechamento,2025-05-23,3,29,10,20059,Serviços,Média,muito provável
65ec5982-eefc-4c19-90d8-af787518f028,Análise de Perfil,Conversa com o Cliente,2025-02-02,1,15,15,36483,Comércio,Alta,provável
3a280e1a-f5e5-4f61-8c25-806da8ba045c,Conversa com o Cliente,Negociação,2025-02-09,2,22,7,36483,Comércio,Alta,muito provável
bd4fa7ee-64c3-4418-a12c-05a682fa3694,Negociação,Fechamento,2025-02-10,3,23,1,36483,Comércio,Alta,muito provável
dd55e24c-5a35-42bf-99de-071b24968b0f,Análise de Perfil,Conversa com o Cliente,2025-03-23,1,8,8,35216,Tecnologia,Média,pouco provável
fa18ba86-871a-453d-ae5f-093a081cb209,Conversa com o Cliente,Negociação,2025-04-04,2,20,12,35216,Tecnologia,Média,provável
e1874f3d-6af4-47f3-b65f-70926684027b,Negociação,Negociação,2025-04-15,3,31,11,35216,Tecnologia,Média,provável
0db050b3-5822-4dcb-9778-3af9ddc0502c,Análise de Perfil,Conversa com o Cliente,2025-04-25,1,13,13,44050,Serviços,Média,provável
08a9255b-07c0-4feb-993c-d89f57b5adf5,Conversa com o Cliente,Negociação,2025-05-07,2,25,12,44050,Serviços,Média,provável
c93826db-8f48-4f8b-bd8e-039afa0d8106,Negociação,Fechamento,2025-05-21,3,39,14,44050,Serviços,Média,muito provável
95b50953-de17-4fec-8097-2387b527314d,Análise de Perfil,Conversa com o Cliente,2025-04-20,1,13,13,34493,Educação,Média,pouco provável
07908c78-4bf6-44ea-9862-19ca5b134a36,Conversa com o Cliente,Negociação,2025-04-28,2,21,8,34493,Educação,Média,provável
bf410e2b-28ee-4bd3-81df-12f80cdcae8c,Negociação,Fechamento,2025-04-30,3,23,2,34493,Educação,Média,provável
ed20af63-dc9b-467a-a502-231c9faacfd7,Fechamento,Fechamento,2025-05-10,4,33,10,34493,Educação,Média,provável
ec81646f-bdc8-4d0b-b35c-a5afbbbf1042,Fechamento,Fechamento,2025-05-19,5,42,9,34493,Educação,Média,muito provável
5b72b68f-599d-48aa-b298-f7c0a5b3d575,Análise de Perfil,Análise de Perfil,2025-01-22,1,15,15,42272,Saúde,Média,provável
b6c84925-6621-42bb-b425-33736f0c8a14,Análise de Perfil,Análise de Perfil,2025-02-03,2,27,12,42272,Saúde,Média,provável
003149fa-e392-4d43-85e3-a8336a7c3b32,Análise de Perfil,Conversa com o Cliente,2025-02-15,3,39,12,42272,Saúde,Média,provável
1d3ea910-d89d-48a5-b566-7328ef797997,Conversa com o Cliente,Conversa com o Cliente,2025-02-19,4,43,4,42272,Saúde,Média,pouco provável
f7ead6b7-60b8-4f68-8e49-212a59fd3acc,Conversa com o Cliente,Negociação,2025-03-03,5,55,12,42272,Saúde,Média,provável
a23abac3-97ba-4a40-a4f1-f6b9315bcb5b,Negociação,Fechamento,2025-03-16,6,68,13,42272,Saúde,Média,provável
276bb0d0-0709-4cad-9bff-4216c3f22550,Análise de Perfil,Análise de Perfil,2025-05-07,1,13,13,24145,Educação,Alta,muito provável
c50f2e7b-496f-4338-be2a-edd9e9653a25,Análise de Perfil,Conversa com o Cliente,2025-05-14,2,20,7,24145,Educação,Alta,provável
62cc1b22-0070-455f-b21e-b2b6932fab1d,Conversa com o Cliente,Negociação,2025-05-21,3,27,7,24145,Educação,Alta,muito provável
c987510a-8b05-45f8-8bea-67ddaf8c09e8,Negociação,Fechamento,2025-05-25,4,31,4,24145,Educação,Alta,muito provável
aa83cef6-1b8f-4e24-a6e6-e20211423c5b,Análise de Perfil,Conversa com o Cliente,2025-06-18,1,5,5,28153,Comércio,Baixa,pouco provável
8991315b-1c32-4093-aaf5-eeac99f37a6b,Conversa com o Cliente,Conversa com o Cliente,2025-06-21,2,8,3,28153,Comércio,Baixa,pouco provável
6dbaa6a0-4dca-4353-b471-8a99a919ebd3,Análise de Perfil,Conversa com o Cliente,2025-06-05,1,10,10,38948,Indústria,Baixa,pouco provável
ddc200fc-80a8-4637-95e4-0ade27ad6002,Conversa com o Cliente,Negociação,2025-06-18,2,23,13,38948,Indústria,Baixa,provável
af4e654d-7cba-49ad-b58b-12ef7f8fb922,Negociação,Fechamento,2025-06-20,3,25,2,38948,Indústria,Baixa,pouco provável
59d90a30-d3f5-48f5-bb79-7e441ce14fe7,Fechamento,Fechamento,2025-06-27,4,32,7,38948,Indústria,Baixa,provável
45803844-7544-4a7d-b4a7-636f0840cacf,Análise de Perfil,Conversa com o Cliente,2025-02-16,1,14,14,24259,Educação,Média,pouco provável
c7e9aa6f-1508-478c-a49c-d75e75f5b682,Conversa com o Cliente,Negociação,2025-02-18,2,16,2,24259,Educação,Média,provável
89342faf-994c-4d8e-8878-c3b964f16e97,Negociação,Negociação,2025-02-20,3,18,2,24259,Educação,Média,provável
e50a91fa-7636-45a2-834e-c74424e5968f,Negociação,Fechamento,2025-03-07,4,33,15,24259,Educação,Média,muito provável
ce51ce4b-b082-4087-b84e-d94e02f09b0f,Análise de Perfil,Análise de Perfil,2025-02-21,1,12,12,16870,Comércio,Média,pouco provável
744ccee0-87b4-4c18-b788-57f59bb7d77d,Análise de Perfil,Análise de Perfil,2025-03-02,2,21,9,16870,Comércio,Média,pouco provável
eb5b4563-19d5-4910-abbe-4658e6a7ba9d,Análise de Perfil,Conversa com o Cliente,2025-03-14,3,33,12,16870,Comércio,Média,provável
1da81e18-2545-4199-bf0e-d73c06b2f3b8,Análise de Perfil,Conversa com o Cliente,2025-10-22,1,5,5,38858,Tecnologia,Alta,muito provável
53876147-accd-40dd-a3ef-cd744ab04ceb,Conversa com o Cliente,Conversa com o Cliente,2025-11-04,2,18,13,38858,Tecnologia,Alta,provável
151a01a9-d6f1-4f2f-b40d-85a15e92aec4,Conversa com o Cliente,Negociação,2025-11-17,3,31,13,38858,Tecnologia,Alta,provável
876f73d4-49f0-450f-817b-e49c98532f28,Análise de Perfil,Conversa com o Cliente,2025-02-19,1,13,13,27409,Comércio,Média,pouco provável
56711ef6-0061-4740-a522-d4e8aa8d8560,Conversa com o Cliente,Negociação,2025-02-26,2,20,7,27409,Comércio,Média,provável
4629171a-58fe-452a-8339-88ac4c8d6acd,Análise de Perfil,Análise de Perfil,2025-12-03,1,12,12,38871,Indústria,Alta,muito provável
37e776d2-1a83-410a-82bc-c1176e340e67,Análise de Perfil,Conversa com o Cliente,2025-12-18,2,27,15,38871,Indústria,Alta,muito provável
a40844a7-0340-4d9f-9952-3b91ba393f56,Conversa com o Cliente,Negociação,2025-12-31,3,40,13,38871,Indústria,Alta,provável
ac175e98-5e66-4c1c-9c0d-ecdf5fc86a02,Negociação,Fechamento,2026-01-09,4,49,9,38871,Indústria,Alta,muito provável
cd981a73-78d9-4f89-be96-c13dcbce5070,Análise de Perfil,Conversa com o Cliente,2025-05-22,1,10,10,5864,Saúde,Média,provável
56207fe6-123d-43cd-8d67-602dfe7e560e,Conversa com o Cliente,Negociação,2025-05-27,2,15,5,5864,Saúde,Média,provável
c5dcf9e8-b5ef-45fc-8f7b-bf5518736b2b,Negociação,Fechamento,2025-06-11,3,30,15,5864,Saúde,Média,provável
a00d0e46-def4-4e3e-bc22-d61aaf01174d,Fechamento,Fechamento,2025-06-12,4,31,1,5864,Saúde,Média,muito provável
994d6709-5173-4785-943a-b58ff0ea9f12,Análise de Perfil,Conversa com o Cliente,2025-06-02,1,6,6,21009,Tecnologia,Média,provável
b44a745b-36fa-4f76-bdaa-76202ab49c15,Conversa com o Cliente,Conversa com o Cliente,2025-06-04,2,8,2,21009,Tecnologia,Média,provável
125576bc-a4b5-4e66-9a35-52f6dcf1f9d3,Conversa com o Cliente,Conversa com o Cliente,2025-06-11,3,15,7,21009,Tecnologia,Média,pouco provável
b4e7a9f2-0bde-4ed1-ab11-3218fc943b9b,Conversa com o Cliente,Negociação,2025-06-22,4,26,11,21009,Tecnologia,Média,provável
2602760d-54c1-4998-8f42-8168e2e5a442,Análise de Perfil,Conversa com o Cliente,2025-11-26,1,5,5,38615,Educação,Alta,provável
e112bfab-e350-4633-80e1-acdd26d6728a,Conversa com o Cliente,Negociação,2025-12-03,2,12,7,38615,Educação,Alta,muito provável
0edba966-7347-4303-aa0e-ecc15428bd94,Negociação,Fechamento,2025-12-07,3,16,4,38615,Educação,Alta,muito provável
a786988b-29a9-4fa3-8b5d-c2a23a77fe86,Análise de Perfil,Análise de Perfil,2025-05-13,1,5,5,42872,Serviços,Média,pouco provável
7a771ec4-ab90-494d-b734-827b60b33d76,Análise de Perfil,Conversa com o Cliente,2025-05-24,2,16,11,42872,Serviços,Média,provável
845c15a8-ad16-4615-8416-3ec8b342ef1c,Conversa com o Cliente,Conversa com o Cliente,2025-05-29,3,21,5,42872,Serviços,Média,provável
35047119-05a7-4c35-8ab3-1fbfa5511077,Conversa com o Cliente,Negociação,2025-06-06,4,29,8,42872,Serviços,Média,provável
aed48cfb-339f-4558-a96d-780689c276e0,Negociação,Fechamento,2025-06-16,5,39,10,42872,Serviços,Média,provável
009cca4a-101f-446c-bc69-298f46b2d875,Análise de Perfil,Conversa com o Cliente,2025-12-04,1,15,15,48214,Comércio,Alta,muito provável
b37d52d3-caab-422c-af4a-7b2104b180a7,Conversa com o Cliente,Negociação,2025-12-12,2,23,8,48214,Comércio,Alta,muito provável
8dbac2ba-9e5d-4ca0-be6b-906f3cb60188,Negociação,Fechamento,2025-12-18,3,29,6,48214,Comércio,Alta,muito provável
a4548809-3e4c-4667-ae22-9a2d17d688f8,Análise de Perfil,Conversa com o Cliente,2025-03-19,1,14,14,7711,Educação,Média,provável
9392ecba-9d76-4a38-a73d-0ec7595f7853,Conversa com o Cliente,Negociação,2025-03-24,2,19,5,7711,Educação,Média,provável
4b12d0f0-d242-46ff-bc56-87485c62d4f4,Negociação,Negociação,2025-04-03,3,29,10,7711,Educação,Média,provável
4d09cdc1-853a-4d2f-999a-c15eadd0a0ee,Negociação,Negociação,2025-04-06,4,32,3,7711,Educação,Média,provável
a7c878e9-38fa-4d2d-8635-651a988a2bba,Negociação,Fechamento,2025-04-21,5,47,15,7711,Educação,Média,provável
8c083a5a-f4cc-4b7c-9e08-4d5e91b892fe,Análise de Perfil,Análise de Perfil,2025-05-15,1,13,13,35664,Educação,Baixa,pouco provável
0c75d3c5-4586-464a-8cd3-7c0324e5c986,Análise de Perfil,Conversa com o Cliente,2025-05-22,2,20,7,35664,Educação,Baixa,pouco provável
4a067a34-2779-40d4-ad8a-9cedc22a5381,Conversa com o Cliente,Conversa com o Cliente,2025-05-26,3,24,4,35664,Educação,Baixa,pouco provável
b8cd5370-c851-4428-ae4f-1da7797f6dce,Conversa com o Cliente,Negociação,2025-06-06,4,35,11,35664,Educação,Baixa,pouco provável
e1646fd1-6981-4d17-8842-17c65c24752c,Negociação,Fechamento,2025-06-18,5,47,12,35664,Educação,Baixa,pouco provável
ee36c513-6390-4bd7-b5a3-cfe6e00f11bf,Fechamento,Fechamento,2025-07-03,6,62,15,35664,Educação,Baixa,provável
42eb6855-be4b-4308-900f-d53fb9d9836e,Análise de Perfil,Análise de Perfil,2025-08-23,1,6,6,22501,Comércio,Média,pouco provável
7e761105-0b47-4a80-838f-3f53d67a1715,Análise de Perfil,Conversa com o Cliente,2025-09-07,2,21,15,22501,Comércio,Média,provável
4abc9865-9472-4b7d-b1f5-7f38ab335115,Conversa com o Cliente,Negociação,2025-09-09,3,23,2,22501,Comércio,Média,provável
90535b3f-31c8-40e8-ad83-074c602012cc,Negociação,Fechamento,2025-09-23,4,37,14,22501,Comércio,Média,provável
5232e446-0bb7-4970-82a6-0be8039732eb,Fechamento,Fechamento,2025-09-30,5,44,7,22501,Comércio,Média,provável
97bec8f1-562b-4791-9687-5572c43cfab5,Fechamento,Fechamento,2025-10-02,6,46,2,22501,Comércio,Média,muito provável
726d4db0-cd9a-4689-b618-50222d15d31c,Análise de Perfil,Conversa com o Cliente,2025-05-01,1,14,14,39578,Indústria,Média,provável
8da859d6-b3ed-40c0-8d49-e7ce50b993a1,Conversa com o Cliente,Negociação,2025-05-07,2,20,6,39578,Indústria,Média,provável
ea14c561-39a8-4a30-8746-46e04dd8dcfc,Negociação,Fechamento,2025-05-15,3,28,8,39578,Indústria,Média,muito provável
c9596201-a78f-43d4-87cc-0540afaeb278,Análise de Perfil,Análise de Perfil,2025-04-11,1,6,6,9245,Tecnologia,Baixa,pouco provável
7ccffcdd-2c6e-48fd-9455-37ae6881ecda,Análise de Perfil,Análise de Perfil,2025-04-18,2,13,7,9245,Tecnologia,Baixa,pouco provável
41c78407-a21b-46c8-96da-3a79881f91ef,Análise de Perfil,Conversa com o Cliente,2025-05-03,3,28,15,9245,Tecnologia,Baixa,pouco provável
487707a2-4f68-4537-835a-d62f15c68785,Conversa com o Cliente,Negociação,2025-05-05,4,30,2,9245,Tecnologia,Baixa,pouco provável
93c21289-4d85-4877-96a8-5b13914017a6,Negociação,Fechamento,2025-05-12,5,37,7,9245,Tecnologia,Baixa,pouco provável
0c715325-ed21-4fbb-b7fd-7af3e187be73,Fechamento,Fechamento,2025-05-17,6,42,5,9245,Tecnologia,Baixa,pouco provável
0d9b9845-1aef-41b8-8c60-aab63272c8d3,Análise de Perfil,Conversa com o Cliente,2025-12-05,1,14,14,9253,Educação,Baixa,pouco provável
c2faf67b-71b0-43c8-8476-a7aca1b1a62c,Conversa com o Cliente,Negociação,2025-12-15,2,24,10,9253,Educação,Baixa,provável
e9c8e1f6-2ebb-4a0a-928e-3b95a284cbb4,Negociação,Fechamento,2025-12-24,3,33,9,9253,Educação,Baixa,provável
dc8cb28c-9557-42fb-b582-45d9f96e430c,Fechamento,Fechamento,2026-01-06,4,46,13,9253,Educação,Baixa,pouco provável
049789b2-062c-4705-af62-04fd0f2378c5,Fechamento,Fechamento,2026-01-19,5,59,13,9253,Educação,Baixa,pouco provável
b335e360-61bf-4168-a8c7-2c7673ddeb8f,Análise de Perfil,Conversa com o Cliente,2025-05-01,1,13,13,19936,Indústria,Baixa,pouco provável
0747ba64-c340-48ab-adca-1790bc61fe04,Conversa com o Cliente,Conversa com o Cliente,2025-05-15,2,27,14,19936,Indústria,Baixa,pouco provável
c3a6d953-6a1d-4463-9e1e-7f3b03db03bb,Análise de Perfil,Conversa com o Cliente,2025-04-15,1,5,5,14073,Comércio,Alta,provável
8eccb86b-8260-4e03-8e8b-961f952c780e,Conversa com o Cliente,Negociação,2025-04-17,2,7,2,14073,Comércio,Alta,muito provável
f54c152c-20c2-40e6-a320-586cfacc1f9e,Negociação,Fechamento,2025-04-21,3,11,4,14073,Comércio,Alta,muito provável
088c31d7-f26f-429f-b8dd-2114f3149128,Análise de Perfil,Conversa com o Cliente,2025-06-28,1,1,1,7108,Educação,Média,provável
a66d1a85-e061-4ff6-bf6d-e0b9a3d5f7aa,Conversa com o Cliente,Negociação,2025-06-30,2,3,2,7108,Educação,Média,provável
2f0da8d6-d0fd-433b-893e-3fe7dfc0bdd3,Negociação,Negociação,2025-07-02,3,5,2,7108,Educação,Média,provável
379fd845-2b09-49ab-89e8-891a3c5329c3,Negociação,Fechamento,2025-07-08,4,11,6,7108,Educação,Média,provável
c31298fb-d194-4d1c-b550-a4b730787da2,Fechamento,Fechamento,2025-07-20,5,23,12,7108,Educação,Média,provável
63fc2f7a-0949-40f3-957b-005fa83060ab,Fechamento,Fechamento,2025-08-02,6,36,13,7108,Educação,Média,provável
0c96ddcd-d8d5-466a-b0bf-3f695fcf705d,Fechamento,Fechamento,2025-08-05,7,39,3,7108,Educação,Média,muito provável
8d9cacee-7cd8-4414-b492-b95a00a1ba77,Análise de Perfil,Conversa com o Cliente,2025-08-22,1,7,7,15106,Comércio,Alta,provável
fa8f348d-3058-419b-800f-2318c4594012,Conversa com o Cliente,Negociação,2025-08-28,2,13,6,15106,Comércio,Alta,muito provável
ebe75de2-3360-40ed-863f-70ed1ad18639,Análise de Perfil,Conversa com o Cliente,2025-05-23,1,11,11,19305,Saúde,Alta,muito provável
270b69cc-8d1f-44d2-9554-b1c4b1ea37fe,Conversa com o Cliente,Conversa com o Cliente,2025-06-07,2,26,15,19305,Saúde,Alta,provável
70e4566b-6d80-4bc6-9964-a108085f1a14,Conversa com o Cliente,Negociação,2025-06-09,3,28,2,19305,Saúde,Alta,muito provável
25276f1e-c69e-4913-9afa-9469b9dbfa22,Negociação,Fechamento,2025-06-13,4,32,4,19305,Saúde,Alta,muito provável
f3ef023f-9f93-4a90-92ce-1c9da6fed0a8,Análise de Perfil,Conversa com o Cliente,2025-11-18,1,2,2,41998,Saúde,Baixa,pouco provável
44d101d4-97c9-4c0a-bbe4-3da8741c707f,Conversa com o Cliente,Negociação,2025-11-24,2,8,6,41998,Saúde,Baixa,pouco provável
9f40ac6f-dee8-4aa6-805f-08cff0649825,Negociação,Fechamento,2025-11-29,3,13,5,41998,Saúde,Baixa,pouco provável
6f58000d-68cf-4751-ba86-bc74770c0834,Fechamento,Fechamento,2025-12-06,4,20,7,41998,Saúde,Baixa,pouco provável
fb200917-6729-4dd9-9574-f4e7fccdc350,Análise de Perfil,Análise de Perfil,2025-06-29,1,6,6,18671,Tecnologia,Alta,provável
0381f1c2-07dd-4ce1-81bb-36c4501e6cb3,Análise de Perfil,Conversa com o Cliente,2025-07-08,2,15,9,18671,Tecnologia,Alta,provável
a9e549e5-bfb2-4f88-abbc-bb77d48c7f71,Conversa com o Cliente,Negociação,2025-07-18,3,25,10,18671,Tecnologia,Alta,provável
40a97d23-ccbe-44e2-8b31-60c9f82e8824,Negociação,Fechamento,2025-07-27,4,34,9,18671,Tecnologia,Alta,muito provável
7f1c1d16-1ea2-4cbf-8642-fd3bfa97da31,Análise de Perfil,Conversa com o Cliente,2025-01-20,1,11,11,30365,Serviços,Alta,provável
b2a971c6-682c-46d9-83eb-b78ce0fbd361,Conversa com o Cliente,Negociação,2025-01-28,2,19,8,30365,Serviços,Alta,muito provável
bc92d7e5-d771-476b-8d13-1301df5374af,Negociação,Fechamento,2025-02-11,3,33,14,30365,Serviços,Alta,muito provável
56889609-2592-4864-add5-2f778e1f6467,Análise de Perfil,Análise de Perfil,2025-05-22,1,12,12,47257,Serviços,Média,provável
64a355e1-153b-4a72-a5da-5c41101d0b42,Análise de Perfil,Conversa com o Cliente,2025-05-28,2,18,6,47257,Serviços,Média,provável
4704b3a1-4781-4790-81b3-ba1646ac33c8,Análise de Perfil,Conversa com o Cliente,2025-09-24,1,3,3,22973,Saúde,Média,pouco provável
5367b633-415b-4282-9c8d-e045bd8f6f80,Conversa com o Cliente,Conversa com o Cliente,2025-10-01,2,10,7,22973,Saúde,Média,pouco provável
d01ee1fb-ee5e-429e-92e0-15501e2f7cc4,Conversa com o Cliente,Conversa com o Cliente,2025-10-15,3,24,14,22973,Saúde,Média,provável
ced5ba34-099a-4e12-9c8a-db15f0bf83df,Conversa com o Cliente,Conversa com o Cliente,2025-10-28,4,37,13,22973,Saúde,Média,provável
c5ee41a6-7a3c-4545-9153-54df87881c4b,Conversa com o Cliente,Negociação,2025-10-30,5,39,2,22973,Saúde,Média,provável
25e87bca-0b01-4eab-8db9-a0468bf2fad9,Análise de Perfil,Conversa com o Cliente,2025-07-27,1,14,14,18955,Comércio,Alta,muito provável
c184b1b7-2316-460e-92bd-97532bb74686,Conversa com o Cliente,Negociação,2025-08-08,2,26,12,18955,Comércio,Alta,muito provável
ee7c0226-86f9-4942-93fe-869e4e4b16bc,Negociação,Fechamento,2025-08-12,3,30,4,18955,Comércio,Alta,muito provável
de79a82b-b6df-40e2-973f-1ad044397748,Análise de Perfil,Análise de Perfil,2025-08-05,1,9,9,36555,Comércio,Média,pouco provável
768a2f60-7d3b-4e93-9607-8516fa7eb24a,Análise de Perfil,Conversa com o Cliente,2025-08-20,2,24,15,36555,Comércio,Média,pouco provável
f5e4a009-2c9e-4dd6-b04f-18225535347d,Conversa com o Cliente,Conversa com o Cliente,2025-09-04,3,39,15,36555,Comércio,Média,pouco provável
802693a2-9a22-4f10-baf1-457c0f1bec53,Conversa com o Cliente,Conversa com o Cliente,2025-09-14,4,49,10,36555,Comércio,Média,pouco provável
6be53e21-40e7-4457-9dd6-d9206c59d082,Conversa com o Cliente,Negociação,2025-09-27,5,62,13,36555,Comércio,Média,provável
42c5a228-2f4d-4782-9b8f-33a44e261f72,Negociação,Negociação,2025-09-29,6,64,2,36555,Comércio,Média,provável
95bf146c-d96d-49aa-a369-11d29bd989f7,Negociação,Fechamento,2025-10-11,7,76,12,36555,Comércio,Média,provável
7d3f17fc-e818-4c7c-84ac-7612138660c3,Análise de Perfil,Análise de Perfil,2025-05-10,1,9,9,6235,Indústria,Baixa,pouco provável
b53626dc-c7c5-4033-b80f-43e0af9a7e0f,Análise de Perfil,Análise de Perfil,2025-05-11,2,10,1,6235,Indústria,Baixa,pouco provável
10400054-f23f-403c-9030-39fa83537dab,Análise de Perfil,Conversa com o Cliente,2025-05-18,3,17,7,6235,Indústria,Baixa,pouco provável
6e66c432-cae7-4e7d-901d-975ce8fe7a60,Conversa com o Cliente,Conversa com o Cliente,2025-05-19,4,18,1,6235,Indústria,Baixa,pouco provável
fe22887c-f0b4-417d-85fd-4c20a2818f8d,Conversa com o Cliente,Conversa com o Cliente,2025-05-21,5,20,2,6235,Indústria,Baixa,pouco provável
d6d3d3a4-49db-4523-88cb-cdfc9b49499d,Análise de Perfil,Conversa com o Cliente,2025-03-20,1,5,5,22918,Serviços,Média,pouco provável
5829b5aa-7fc4-484b-89f9-dd934a287235,Conversa com o Cliente,Negociação,2025-03-28,2,13,8,22918,Serviços,Média,provável
e54de3a1-4572-4e8c-8207-5fd746db25eb,Negociação,Fechamento,2025-04-08,3,24,11,22918,Serviços,Média,provável
927ab119-00e4-40d6-b714-67abc4727cbd,Fechamento,Fechamento,2025-04-14,4,30,6,22918,Serviços,Média,muito provável
129a02ee-0287-4472-8055-bda747e1006a,Análise de Perfil,Conversa com o Cliente,2025-05-11,1,14,14,35477,Tecnologia,Média,pouco provável
0ebe1d3c-d3c3-4e77-aaa7-c523a635f20a,Conversa com o Cliente,Conversa com o Cliente,2025-05-22,2,25,11,35477,Tecnologia,Média,pouco provável
04716394-fde9-4ba5-b2bd-5122207e3b76,Conversa com o Cliente,Negociação,2025-05-27,3,30,5,35477,Tecnologia,Média,provável
40b321fa-68ee-48b2-8f41-8ac9790d28e4,Negociação,Fechamento,2025-06-09,4,43,13,35477,Tecnologia,Média,muito provável
cc40db70-d433-4bb0-8004-40cdaf12b2fb,Análise de Perfil,Conversa com o Cliente,2025-05-16,1,12,12,12179,Tecnologia,Baixa,pouco provável
41d53204-b9f3-4085-ba39-db9ccf3c95d7,Conversa com o Cliente,Negociação,2025-05-17,2,13,1,12179,Tecnologia,Baixa,pouco provável
81535f64-35d6-4474-aa3b-0c75c733d173,Negociação,Negociação,2025-05-20,3,16,3,12179,Tecnologia,Baixa,pouco provável
140482e4-b1c8-4121-9735-698a45fe63ce,Negociação,Fechamento,2025-06-04,4,31,15,12179,Tecnologia,Baixa,pouco provável
d10ea77f-fc04-4126-a241-26c336c67b76,Fechamento,Fechamento,2025-06-09,5,36,5,12179,Tecnologia,Baixa,pouco provável
79cb96f6-b57a-48b8-a88f-8acbbe71d04b,Fechamento,Fechamento,2025-06-11,6,38,2,12179,Tecnologia,Baixa,provável
efdb98ce-112f-4d6e-ac58-b2727dce20e5,Análise de Perfil,Conversa com o Cliente,2025-11-20,1,3,3,35718,Tecnologia,Média,provável
abf7bb03-b89c-475a-a439-07e2cfdeeb57,Conversa com o Cliente,Negociação,2025-11-26,2,9,6,35718,Tecnologia,Média,provável
0233f9bc-1d99-4a2a-bce1-e84f108d7054,Negociação,Fechamento,2025-12-09,3,22,13,35718,Tecnologia,Média,muito provável
9e99f161-1197-4a63-adc5-174326b47373,Análise de Perfil,Análise de Perfil,2025-09-16,1,5,5,48738,Indústria,Baixa,pouco provável
7fa58b7e-1b7a-4929-9de6-e4bd9254a246,Análise de Perfil,Conversa com o Cliente,2025-09-17,2,6,1,48738,Indústria,Baixa,pouco provável
55c707bd-d25a-4c21-9beb-7355e072c5d3,Análise de Perfil,Conversa com o Cliente,2025-03-05,1,9,9,29138,Serviços,Média,pouco provável
ed0c6640-5337-4bed-91b2-b93e72c9dcc1,Conversa com o Cliente,Negociação,2025-03-08,2,12,3,29138,Serviços,Média,provável
7a6c4081-70af-43b2-bd0f-7d22d9c52c66,Negociação,Fechamento,2025-03-17,3,21,9,29138,Serviços,Média,provável
d940326f-de87-4ceb-9239-11d5b7d27162,Fechamento,Fechamento,2025-04-01,4,36,15,29138,Serviços,Média,muito provável
829c3b94-7abe-42c1-915e-bda86f4d9463,Análise de Perfil,Conversa com o Cliente,2025-03-20,1,9,9,8806,Saúde,Média,pouco provável
5f293cd5-2395-412f-af1e-0da744f78f44,Conversa com o Cliente,Negociação,2025-04-04,2,24,15,8806,Saúde,Média,provável
8f690bd1-5eb5-4a3f-b08f-d0972e2e7af0,Negociação,Fechamento,2025-04-13,3,33,9,8806,Saúde,Média,provável
c1f9e0e6-5f64-4e02-a2d8-876828ca7f84,Fechamento,Fechamento,2025-04-15,4,35,2,8806,Saúde,Média,muito provável
06ad95bc-a354-4e58-a17d-ce2b84848f62,Análise de Perfil,Conversa com o Cliente,2025-01-18,1,1,1,9666,Saúde,Alta,provável
e3465076-4cf0-445e-9fff-ce783c8a3eba,Conversa com o Cliente,Conversa com o Cliente,2025-01-25,2,8,7,9666,Saúde,Alta,provável
c75ffc75-1b45-403a-b331-8c5b8fec6c38,Conversa com o Cliente,Conversa com o Cliente,2025-02-04,3,18,10,9666,Saúde,Alta,provável
7936e305-055f-41e9-9f8c-20d0688be3b3,Conversa com o Cliente,Negociação,2025-02-15,4,29,11,9666,Saúde,Alta,provável
7b6aa08f-75cc-4623-83de-ce378dcd074d,Negociação,Fechamento,2025-02-21,5,35,6,9666,Saúde,Alta,muito provável
1854ca09-ab0c-4692-8635-520ca90b1c1b,Análise de Perfil,Conversa com o Cliente,2025-11-30,1,11,11,15556,Comércio,Baixa,pouco provável
5f1154b0-72ef-4d8f-90ea-b7f34fc3464a,Conversa com o Cliente,Conversa com o Cliente,2025-12-05,2,16,5,15556,Comércio,Baixa,pouco provável
8232f7da-611f-4572-bbad-6be2d4aa6611,Conversa com o Cliente,Negociação,2025-12-19,3,30,14,15556,Comércio,Baixa,pouco provável
fd6852d8-69aa-499b-8da0-8bf7a8c14fbd,Negociação,Negociação,2025-12-22,4,33,3,15556,Comércio,Baixa,pouco provável
cb7b1230-c8ec-4256-8f86-3f101fe98924,Negociação,Fechamento,2025-12-31,5,42,9,15556,Comércio,Baixa,provável
8645261a-a2e2-4b63-91bb-025c16e70729,Fechamento,Fechamento,2026-01-10,6,52,10,15556,Comércio,Baixa,pouco provável
49c468c6-e5ce-40b4-bf80-24b1cc6d028d,Fechamento,Fechamento,2026-01-16,7,58,6,15556,Comércio,Baixa,pouco provável
a42c47d7-128d-4ccd-a494-74fd56546b06,Fechamento,Fechamento,2026-01-24,8,66,8,15556,Comércio,Baixa,provável
6bc79f6b-3c52-47cb-9c67-38f5fdc93df9,Análise de Perfil,Conversa com o Cliente,2025-04-23,1,3,3,27751,Indústria,Baixa,pouco provável
127613e0-967a-4ded-be2f-f3a6f9cf80d1,Conversa com o Cliente,Negociação,2025-05-08,2,18,15,27751,Indústria,Baixa,provável
f43d8374-5035-4ff6-b6fe-18967eefe364,Negociação,Negociação,2025-05-20,3,30,12,27751,Indústria,Baixa,pouco provável
c2a2fcc7-bc14-40a0-9893-ebbcc4324375,Negociação,Negociação,2025-06-04,4,45,15,27751,Indústria,Baixa,pouco provável
2c619921-8a80-4100-ab90-8ffe74e0fcda,Negociação,Fechamento,2025-06-07,5,48,3,27751,Indústria,Baixa,pouco provável
4a01580b-bffb-419b-9d86-da8646412fb3,Fechamento,Fechamento,2025-06-22,6,63,15,27751,Indústria,Baixa,provável
e56c1fd2-f3b8-4590-9e3a-a3adac6a88f2,Análise de Perfil,Conversa com o Cliente,2025-06-01,1,14,14,16779,Indústria,Baixa,pouco provável
a95fc4cb-1f07-418c-bd41-1df433496082,Conversa com o Cliente,Negociação,2025-06-13,2,26,12,16779,Indústria,Baixa,provável
319fc5f6-ee61-48f9-98d4-9c791b317d7f,Negociação,Fechamento,2025-06-21,3,34,8,16779,Indústria,Baixa,pouco provável
27e10b51-9eec-401f-9fcb-8c32f7527533,Fechamento,Fechamento,2025-06-26,4,39,5,16779,Indústria,Baixa,pouco provável
51435692-201a-451b-943a-7922b4ac8d6e,Análise de Perfil,Conversa com o Cliente,2025-09-25,1,15,15,13691,Saúde,Baixa,pouco provável
1afa7c31-9043-4f3b-bee7-70946919e547,Conversa com o Cliente,Conversa com o Cliente,2025-10-06,2,26,11,13691,Saúde,Baixa,pouco provável
63323ae9-8d77-4d70-ab37-c6b778c25ebc,Análise de Perfil,Análise de Perfil,2025-08-10,1,2,2,17224,Serviços,Média,provável
5746e6a7-3eee-4bff-98ed-2fc9646943df,Análise de Perfil,Análise de Perfil,2025-08-15,2,7,5,17224,Serviços,Média,pouco provável
3fe06ade-e41a-4dbf-96bb-997f850d2615,Análise de Perfil,Conversa com o Cliente,2025-08-16,3,8,1,17224,Serviços,Média,pouco provável
fe424216-65a3-4a68-8c09-27f4a73d0cbd,Análise de Perfil,Análise de Perfil,2025-08-19,1,2,2,44934,Saúde,Média,pouco provável
abb3c6a5-a60b-456e-a65e-e4c8c46dae83,Análise de Perfil,Análise de Perfil,2025-08-24,2,7,5,44934,Saúde,Média,pouco provável
d2b653d3-d5a1-43fd-8107-1b232d4533c2,Análise de Perfil,Conversa com o Cliente,2025-09-05,3,19,12,44934,Saúde,Média,pouco provável
c646ba3e-e992-44c1-b97e-4e191f7b8aca,Conversa com o Cliente,Negociação,2025-09-10,4,24,5,44934,Saúde,Média,provável
9ecbc6ca-aa4c-4ea5-9aa7-fee4f4e10277,Análise de Perfil,Conversa com o Cliente,2025-08-17,1,15,15,25186,Serviços,Média,provável
0a6d2219-c939-4d93-a205-fc78a6614f6b,Conversa com o Cliente,Negociação,2025-08-21,2,19,4,25186,Serviços,Média,provável
ddee6650-89e0-42f2-953d-25239211cbea,Negociação,Fechamento,2025-09-01,3,30,11,25186,Serviços,Média,muito provável
25ad24de-c683-4818-9e8f-82d281eaa7a8,Análise de Perfil,Análise de Perfil,2025-10-18,1,10,10,38480,Tecnologia,Média,pouco provável
624e1fec-c522-4bac-a33d-418df75d6799,Análise de Perfil,Análise de Perfil,2025-10-24,2,16,6,38480,Tecnologia,Média,provável
2515f7a2-1a83-467f-b884-6a61d2394693,Análise de Perfil,Análise de Perfil,2025-10-26,3,18,2,38480,Tecnologia,Média,pouco provável
a40fea7d-a642-4fba-8197-5386a515060a,Análise de Perfil,Conversa com o Cliente,2025-11-04,4,27,9,38480,Tecnologia,Média,pouco provável
574e1e55-9277-460d-801b-c7c97a2c4b8b,Conversa com o Cliente,Conversa com o Cliente,2025-11-11,5,34,7,38480,Tecnologia,Média,provável
a44b9f9c-c867-4783-b7e7-1538637cf536,Análise de Perfil,Análise de Perfil,2025-11-07,1,10,10,12162,Indústria,Média,provável
f79a7975-1e7d-46b5-8a02-48a96d4d7367,Análise de Perfil,Análise de Perfil,2025-11-11,2,14,4,12162,Indústria,Média,pouco provável
d26e0d10-8c52-4c68-866c-e586f1551d74,Análise de Perfil,Conversa com o Cliente,2025-11-22,3,25,11,12162,Indústria,Média,pouco provável
32e6d7b9-122c-44f6-94af-45dff1fee00a,Conversa com o Cliente,Negociação,2025-11-25,4,28,3,12162,Indústria,Média,provável
765c1edd-0459-41d2-8253-b0ef7d1d1130,Negociação,Fechamento,2025-11-26,5,29,1,12162,Indústria,Média,muito provável
039a0023-4337-414b-83f6-d01976d42caa,Análise de Perfil,Análise de Perfil,2025-04-28,1,15,15,17955,Educação,Média,pouco provável
b5dcf7ef-2260-461b-be58-c3eaf1a49769,Análise de Perfil,Conversa com o Cliente,2025-05-04,2,21,6,17955,Educação,Média,provável
7d25d964-456a-468b-b5fa-55d5ae88a84e,Conversa com o Cliente,Negociação,2025-05-18,3,35,14,17955,Educação,Média,provável
7a54d9bd-c6d4-459a-9a96-39904506b725,Negociação,Fechamento,2025-05-24,4,41,6,17955,Educação,Média,provável
8a0e7a60-ee32-4ab2-8928-a0bfc049c68b,Fechamento,Fechamento,2025-05-27,5,44,3,17955,Educação,Média,provável
ea365c05-65f2-430b-a3e8-ff796f0daaeb,Análise de Perfil,Conversa com o Cliente,2025-09-22,1,12,12,36556,Tecnologia,Média,pouco provável
de2ff840-060c-485f-8e0d-6bd43be3e7e6,Conversa com o Cliente,Negociação,2025-09-23,2,13,1,36556,Tecnologia,Média,provável
5e216876-bc85-4684-805d-2eddff271a19,Negociação,Negociação,2025-10-05,3,25,12,36556,Tecnologia,Média,provável
8ce9ded1-f51c-459b-8ded-9f1a0d39f875,Negociação,Negociação,2025-10-07,4,27,2,36556,Tecnologia,Média,provável
a606356a-cd38-4b85-9e1a-b93e706e4624,Negociação,Negociação,2025-10-08,5,28,1,36556,Tecnologia,Média,provável
035d1ea2-feda-47bb-8624-7f0302dedf59,Análise de Perfil,Conversa com o Cliente,2025-08-05,1,4,4,47389,Indústria,Baixa,pouco provável
83c9a4be-c0e5-4074-b366-a839c6bb5a35,Conversa com o Cliente,Negociação,2025-08-07,2,6,2,47389,Indústria,Baixa,pouco provável
8fe01746-530d-4f41-80c8-f47e01ee7bab,Negociação,Fechamento,2025-08-09,3,8,2,47389,Indústria,Baixa,pouco provável
b8f14921-ab7f-481a-867d-d59b05b7748b,Fechamento,Fechamento,2025-08-16,4,15,7,47389,Indústria,Baixa,pouco provável
02c4aa27-c237-4190-85cf-f57e4a722deb,Fechamento,Fechamento,2025-08-17,5,16,1,47389,Indústria,Baixa,pouco provável
6ceaeeb2-4f16-4ced-a5be-fe8714df2b90,Fechamento,Fechamento,2025-08-20,6,19,3,47389,Indústria,Baixa,pouco provável
44872adf-8c96-4341-879b-61dcde7bb2fd,Análise de Perfil,Análise de Perfil,2025-06-26,1,12,12,32488,Educação,Média,provável
92478d94-368c-499a-9a77-1a2007ad2fea,Análise de Perfil,Análise de Perfil,2025-07-07,2,23,11,32488,Educação,Média,provável
cf7fc060-5283-4ebe-8407-83ece09cec9b,Análise de Perfil,Conversa com o Cliente,2025-07-11,3,27,4,32488,Educação,Média,provável
a72fdfd2-dc8d-4a99-b698-383c5e9a53e0,Análise de Perfil,Análise de Perfil,2025-03-26,1,6,6,9769,Educação,Alta,provável
012e9dda-db85-4af1-b3e1-0ca36ccc765f,Análise de Perfil,Conversa com o Cliente,2025-04-06,2,17,11,9769,Educação,Alta,provável
281ba6bb-051b-442b-8976-b54846c10c55,Conversa com o Cliente,Negociação,2025-04-13,3,24,7,9769,Educação,Alta,provável
f6d0e527-9491-4957-a900-dec1943a6ff7,Negociação,Fechamento,2025-04-17,4,28,4,9769,Educação,Alta,muito provável
a4ab21a6-41cf-4300-8283-c2268173b895,Análise de Perfil,Conversa com o Cliente,2025-03-15,1,13,13,33098,Comércio,Baixa,pouco provável
c32fede9-1fce-4b06-a2f8-b1c910564b82,Conversa com o Cliente,Negociação,2025-03-28,2,26,13,33098,Comércio,Baixa,pouco provável
7a947106-96ac-4a88-8110-d566f3cbad48,Negociação,Negociação,2025-04-06,3,35,9,33098,Comércio,Baixa,pouco provável
48a429f0-c43c-4d1d-8979-31e4132fd941,Análise de Perfil,Conversa com o Cliente,2025-08-11,1,5,5,39565,Educação,Alta,provável
cae1f374-65b7-4f4f-ade9-7aabf6d96987,Conversa com o Cliente,Negociação,2025-08-24,2,18,13,39565,Educação,Alta,provável
d4965ad7-8856-48b3-9779-83f07a14d2a0,Negociação,Fechamento,2025-09-07,3,32,14,39565,Educação,Alta,muito provável
fc3ea960-fb79-4354-8067-fc96ff0c528f,Análise de Perfil,Análise de Perfil,2025-07-22,1,7,7,24978,Comércio,Alta,provável
ef7b4e37-deb6-47c2-aead-21c899f84a86,Análise de Perfil,Análise de Perfil,2025-07-30,2,15,8,24978,Comércio,Alta,muito provável
c5e50505-7a57-4735-80fb-579edfb376a7,Análise de Perfil,Conversa com o Cliente,2025-08-12,3,28,13,24978,Comércio,Alta,provável
0c015c8d-9707-4cb8-936a-0ec55b9dfeea,Conversa com o Cliente,Conversa com o Cliente,2025-08-27,4,43,15,24978,Comércio,Alta,provável
476c7832-a559-43cb-a356-8f3b666d5b78,Conversa com o Cliente,Negociação,2025-09-07,5,54,11,24978,Comércio,Alta,provável
9bd01c14-bcfe-42e8-b834-90f1c0d37f7e,Negociação,Negociação,2025-09-17,6,64,10,24978,Comércio,Alta,muito provável
5f1083b4-6c36-4373-b36c-a47fbf56e549,Análise de Perfil,Conversa com o Cliente,2025-02-11,1,1,1,23952,Tecnologia,Média,provável
59f9d546-f92c-4ba9-8afe-9aaf1e37b225,Conversa com o Cliente,Conversa com o Cliente,2025-02-15,2,5,4,23952,Tecnologia,Média,provável
ff356ba2-4fc6-4654-8f32-de2eb3bf8a28,Conversa com o Cliente,Negociação,2025-02-21,3,11,6,23952,Tecnologia,Média,provável
88eb4dd1-7356-42a5-883d-dc46e7032d95,Negociação,Negociação,2025-02-26,4,16,5,23952,Tecnologia,Média,provável
ff3eb067-94a6-4703-95d1-da28e9325f50,Negociação,Fechamento,2025-03-03,5,21,5,23952,Tecnologia,Média,provável
8c8d37f3-b60b-4c81-8752-792c5b8e1ec5,Análise de Perfil,Análise de Perfil,2025-09-29,1,8,8,39964,Serviços,Média,pouco provável
be61d40e-cf40-49ca-9ed0-d8122befffbf,Análise de Perfil,Conversa com o Cliente,2025-10-02,2,11,3,39964,Serviços,Média,provável
40355756-2186-44c5-a3f4-4c5cc15b835e,Conversa com o Cliente,Negociação,2025-10-08,3,17,6,39964,Serviços,Média,provável
29223e78-0b29-4678-a8e7-24ee3bd4fa99,Análise de Perfil,Conversa com o Cliente,2025-11-05,1,15,15,12027,Saúde,Média,provável
b8b51c11-6726-4e7b-a0e7-9453d590dfff,Conversa com o Cliente,Negociação,2025-11-11,2,21,6,12027,Saúde,Média,provável
aaa3fe58-9b55-4847-a028-4facf8048fca,Negociação,Negociação,2025-11-19,3,29,8,12027,Saúde,Média,provável
1715c20d-b789-4a36-98b6-09c949d3a235,Negociação,Negociação,2025-11-28,4,38,9,12027,Saúde,Média,provável
6d70144e-3408-40c8-82a7-de9c44d5325f,Negociação,Negociação,2025-12-06,5,46,8,12027,Saúde,Média,provável
58064f1b-cc65-47cb-9081-76b8a267bcb8,Negociação,Negociação,2025-12-09,6,49,3,12027,Saúde,Média,provável
9443f1be-4a90-4973-b549-d50ba0ef0509,Negociação,Fechamento,2025-12-12,7,52,3,12027,Saúde,Média,muito provável
b0355500-951d-42e0-8aa1-773f0d301d58,Análise de Perfil,Conversa com o Cliente,2025-08-04,1,2,2,33924,Comércio,Média,provável
a233f682-8e4d-44c1-a022-7d2d19e90f00,Conversa com o Cliente,Negociação,2025-08-05,2,3,1,33924,Comércio,Média,provável
57568c4b-c0ff-48a0-b443-c9c98d2e3514,Negociação,Fechamento,2025-08-14,3,12,9,33924,Comércio,Média,provável
417e336b-4fd4-463e-b1b6-59ec43dfc305,Fechamento,Fechamento,2025-08-16,4,14,2,33924,Comércio,Média,provável
4499731e-5134-4507-a8ea-156e86d5ce33,Fechamento,Fechamento,2025-08-24,5,22,8,33924,Comércio,Média,provável
48aa6c89-c606-424d-b7a2-38bce38d6405,Análise de Perfil,Análise de Perfil,2025-02-21,1,6,6,10855,Educação,Baixa,pouco provável
c0a13598-9685-4cb1-8fe0-9d1f060d23ac,Análise de Perfil,Conversa com o Cliente,2025-03-05,2,18,12,10855,Educação,Baixa,pouco provável
cd5f1e4d-b208-456f-a329-51bc4d7ccd19,Conversa com o Cliente,Negociação,2025-03-15,3,28,10,10855,Educação,Baixa,pouco provável
3655acf5-36c4-4e14-8764-602cc281e2b7,Negociação,Negociação,2025-03-24,4,37,9,10855,Educação,Baixa,pouco provável
fbd97618-5c6c-4377-82f6-ebc9734db431,Análise de Perfil,Conversa com o Cliente,2025-08-25,1,1,1,30339,Serviços,Média,provável
a6e236ab-b050-442d-a7af-3ebc2b7cd90d,Conversa com o Cliente,Conversa com o Cliente,2025-08-27,2,3,2,30339,Serviços,Média,provável
d0168347-37f4-4ee8-a67e-7e8ea627fc34,Conversa com o Cliente,Negociação,2025-09-09,3,16,13,30339,Serviços,Média,provável
46e30f42-ac03-46f1-9700-c0308f8483c1,Negociação,Negociação,2025-09-11,4,18,2,30339,Serviços,Média,provável
e283a9d3-80e2-4a57-a7a2-37706cd0f57a,Negociação,Fechamento,2025-09-25,5,32,14,30339,Serviços,Média,provável
c81f2c67-6699-422b-820c-88a13c1a94fc,Fechamento,Fechamento,2025-10-09,6,46,14,30339,Serviços,Média,provável
fd7ab9ed-0bb2-47b7-9f60-0ae215006042,Análise de Perfil,Conversa com o Cliente,2025-03-31,1,15,15,30921,Indústria,Baixa,pouco provável
fc870406-ca94-4df4-aed3-36cd5f9d3c1e,Conversa com o Cliente,Negociação,2025-04-12,2,27,12,30921,Indústria,Baixa,pouco provável
ef92a336-cd2b-4f1d-9c89-3df7cfaf06bd,Negociação,Fechamento,2025-04-24,3,39,12,30921,Indústria,Baixa,provável
0fc91ee1-1f9e-46ef-8589-c7589a0bd9ae,Fechamento,Fechamento,2025-05-02,4,47,8,30921,Indústria,Baixa,pouco provável
68ae8f3e-eab1-46dc-821b-182db9546a24,Análise de Perfil,Análise de Perfil,2025-03-29,1,14,14,29919,Saúde,Baixa,pouco provável
4858f4a0-32b7-4977-8e84-a0dcae8cb3ba,Análise de Perfil,Análise de Perfil,2025-04-12,2,28,14,29919,Saúde,Baixa,pouco provável
9bc1bd3a-ea3c-45f4-b375-dca3b65e7179,Análise de Perfil,Análise de Perfil,2025-04-17,3,33,5,29919,Saúde,Baixa,pouco provável
a887eee9-9325-4ac5-a02a-c2575a567dd2,Análise de Perfil,Conversa com o Cliente,2025-05-02,4,48,15,29919,Saúde,Baixa,pouco provável
094cc24c-aaed-4c2e-ad62-064767ff6e29,Conversa com o Cliente,Negociação,2025-05-12,5,58,10,29919,Saúde,Baixa,provável
1e7ae26e-f5c3-4122-87cd-de862f17c85c,Negociação,Fechamento,2025-05-22,6,68,10,29919,Saúde,Baixa,provável
109b48c3-3770-4980-8323-58367b813cef,Análise de Perfil,Análise de Perfil,2025-10-16,1,11,11,16622,Saúde,Baixa,pouco provável
33d8c1f2-0434-4cae-8aa9-acaf374cc74e,Análise de Perfil,Conversa com o Cliente,2025-10-27,2,22,11,16622,Saúde,Baixa,pouco provável
a6fb3e20-ebce-42ea-85f1-5d9fffb01b42,Conversa com o Cliente,Negociação,2025-10-29,3,24,2,16622,Saúde,Baixa,pouco provável
698a863e-2eb2-4cc1-82db-06db108e624b,Negociação,Fechamento,2025-10-31,4,26,2,16622,Saúde,Baixa,pouco provável
5612de1f-b009-4a11-b501-0d41a2ec4ead,Fechamento,Fechamento,2025-11-13,5,39,13,16622,Saúde,Baixa,provável
e5c64b71-5695-4cf6-9677-91aac2e4fd75,Fechamento,Fechamento,2025-11-14,6,40,1,16622,Saúde,Baixa,pouco provável
53b337f3-ce6f-4561-a792-0d7885522675,Fechamento,Fechamento,2025-11-16,7,42,2,16622,Saúde,Baixa,provável
26dd3d0d-b260-47df-9106-f0eb425fa799,Análise de Perfil,Análise de Perfil,2025-11-24,1,11,11,40069,Comércio,Média,pouco provável
2a718b3b-a255-40b3-a21d-de25b23dcc35,Análise de Perfil,Conversa com o Cliente,2025-12-09,2,26,15,40069,Comércio,Média,provável
846f70da-4bcf-4e2f-b16b-3deed1444fd6,Conversa com o Cliente,Negociação,2025-12-14,3,31,5,40069,Comércio,Média,provável
964bd11f-dce6-4d25-96d8-764f44de436e,Negociação,Fechamento,2025-12-15,4,32,1,40069,Comércio,Média,muito provável
74ceaa12-9ec1-4b1b-aa29-f9802b7a0a5e,Análise de Perfil,Análise de Perfil,2025-06-07,1,11,11,35234,Educação,Baixa,pouco provável
f7dc3abc-19f8-4a7f-b6b2-f990e66842fe,Análise de Perfil,Conversa com o Cliente,2025-06-14,2,18,7,35234,Educação,Baixa,pouco provável
b2ae4d4e-da3f-4b77-a319-9b669547a466,Conversa com o Cliente,Negociação,2025-06-18,3,22,4,35234,Educação,Baixa,pouco provável
ceab7b5e-34af-46ca-b21d-5c96ba4a99fd,Negociação,Fechamento,2025-06-22,4,26,4,35234,Educação,Baixa,pouco provável
3e3abe85-5c33-4320-a8b1-9062aa983498,Fechamento,Fechamento,2025-07-03,5,37,11,35234,Educação,Baixa,pouco provável
ee59f7f4-b96c-4b39-83a0-a8259dc9d445,Fechamento,Fechamento,2025-07-15,6,49,12,35234,Educação,Baixa,pouco provável
9bd04b3a-4375-4948-b26e-47851bceccef,Fechamento,Fechamento,2025-07-20,7,54,5,35234,Educação,Baixa,provável
74747225-b6e8-49c6-a7ce-b42bb95942d5,Fechamento,Fechamento,2025-07-27,8,61,7,35234,Educação,Baixa,provável
e97b3180-424f-4a1e-ae48-3f3e5b809d17,Análise de Perfil,Conversa com o Cliente,2025-02-02,1,13,13,41564,Saúde,Baixa,pouco provável
4b6aefcf-cae0-42b9-ba3d-49cddf24a8c5,Conversa com o Cliente,Negociação,2025-02-13,2,24,11,41564,Saúde,Baixa,pouco provável
61993055-65b4-4e4e-9a58-1a343e0ccb0d,Análise de Perfil,Análise de Perfil,2025-04-16,1,13,13,19671,Saúde,Baixa,pouco provável
214c5347-ecdb-4c75-8675-7025551ce59c,Análise de Perfil,Conversa com o Cliente,2025-04-28,2,25,12,19671,Saúde,Baixa,pouco provável
6d9f2f13-5083-4893-a03a-df017d3313e1,Conversa com o Cliente,Negociação,2025-04-30,3,27,2,19671,Saúde,Baixa,pouco provável
6b53aaf5-c730-4d7e-b00d-a52696cab1a2,Negociação,Fechamento,2025-05-09,4,36,9,19671,Saúde,Baixa,pouco provável
bf789e32-7929-4fcc-a493-c3133e9b76d3,Fechamento,Fechamento,2025-05-24,5,51,15,19671,Saúde,Baixa,pouco provável
2ca70936-d638-4fbc-878b-35ea21be5d9c,Fechamento,Fechamento,2025-05-26,6,53,2,19671,Saúde,Baixa,provável
256c48f2-67c4-4b58-b204-74a507c917d5,Fechamento,Fechamento,2025-05-28,7,55,2,19671,Saúde,Baixa,provável
c435cbf3-97a9-4e91-b415-0d3847c2f5ca,Análise de Perfil,Conversa com o Cliente,2025-07-17,1,9,9,21389,Indústria,Baixa,pouco provável
d6d059f8-ddad-4546-8048-544902fe1bd4,Conversa com o Cliente,Negociação,2025-07-31,2,23,14,21389,Indústria,Baixa,provável
4b82b2f5-e9ed-4163-9659-efbe6e557dbf,Negociação,Negociação,2025-08-05,3,28,5,21389,Indústria,Baixa,pouco provável
a8dd4db2-b6d7-40d9-bfe6-a1ad2de4bfc4,Negociação,Negociação,2025-08-15,4,38,10,21389,Indústria,Baixa,pouco provável
73755489-9a33-45c5-8e6e-f0b6b276cf64,Negociação,Fechamento,2025-08-30,5,53,15,21389,Indústria,Baixa,provável
01b76d5e-7b9d-44c2-af39-2a224a5ab442,Fechamento,Fechamento,2025-09-03,6,57,4,21389,Indústria,Baixa,pouco provável
5b536ba7-fc06-4bc6-a071-5cc096122765,Fechamento,Fechamento,2025-09-07,7,61,4,21389,Indústria,Baixa,pouco provável
2b1298b7-8c4d-4d8c-99ad-b2cfb669cc8b,Análise de Perfil,Conversa com o Cliente,2025-03-22,1,11,11,41032,Educação,Alta,provável
7a13674e-33fc-4f10-88a5-9c252089a65b,Conversa com o Cliente,Conversa com o Cliente,2025-04-01,2,21,10,41032,Educação,Alta,provável
9f7c6a4b-d6d4-4956-8cbb-4b1f6de1266c,Análise de Perfil,Conversa com o Cliente,2025-03-22,1,11,11,18401,Serviços,Média,provável
2d30ac84-d1d4-4f28-b31a-193cad02570f,Conversa com o Cliente,Negociação,2025-04-04,2,24,13,18401,Serviços,Média,provável
18e6cff2-1ba6-4dc4-a4da-247879a2ae33,Negociação,Fechamento,2025-04-19,3,39,15,18401,Serviços,Média,provável
cbb97099-51eb-4cd5-8b68-ca3d79906a2c,Análise de Perfil,Conversa com o Cliente,2025-08-19,1,13,13,36370,Educação,Média,pouco provável
74e0c6c9-bcd5-4209-90d8-4fbec727608f,Conversa com o Cliente,Negociação,2025-08-20,2,14,1,36370,Educação,Média,provável
526ea02d-4d12-4d51-9103-a04d0b023412,Negociação,Negociação,2025-08-26,3,20,6,36370,Educação,Média,provável
b64fa565-7321-4c67-8890-d43ba3bde181,Negociação,Negociação,2025-09-03,4,28,8,36370,Educação,Média,provável
1d42f0ca-fc32-474f-ada3-19422e6d0af2,Negociação,Fechamento,2025-09-06,5,31,3,36370,Educação,Média,provável
42fa3b80-a0c5-4de8-b0bd-2647cae84fc1,Fechamento,Fechamento,2025-09-11,6,36,5,36370,Educação,Média,provável
b4febd75-16ea-4e15-96e9-6bd137e2b8d7,Análise de Perfil,Conversa com o Cliente,2025-08-14,1,3,3,30517,Indústria,Média,pouco provável
336429d0-1267-48ad-a333-7b3dda4792bb,Conversa com o Cliente,Negociação,2025-08-19,2,8,5,30517,Indústria,Média,provável
07bf56ff-ea74-4caa-b365-7bb64de93160,Análise de Perfil,Conversa com o Cliente,2025-01-22,1,3,3,24975,Tecnologia,Baixa,pouco provável
b76f55b4-9c39-43b0-9dca-f5b2654f8e06,Conversa com o Cliente,Conversa com o Cliente,2025-02-06,2,18,15,24975,Tecnologia,Baixa,pouco provável
f004aeeb-5516-4a63-9900-082ed7880b31,Conversa com o Cliente,Negociação,2025-02-16,3,28,10,24975,Tecnologia,Baixa,pouco provável
22c69c95-9160-4ce3-b778-18fd99ebc9f3,Negociação,Fechamento,2025-02-23,4,35,7,24975,Tecnologia,Baixa,provável
c73cb125-ed79-4f13-9d09-38328741a96c,Fechamento,Fechamento,2025-02-28,5,40,5,24975,Tecnologia,Baixa,pouco provável
abd0f591-bd90-4765-9ca0-0025598ab157,Fechamento,Fechamento,2025-03-12,6,52,12,24975,Tecnologia,Baixa,provável
e0860fb1-d7f2-4444-9c19-6791e18b0fc9,Fechamento,Fechamento,2025-03-24,7,64,12,24975,Tecnologia,Baixa,pouco provável
668146dc-693e-4942-88c5-5fdae2e17e63,Análise de Perfil,Análise de Perfil,2025-05-06,1,9,9,9619,Indústria,Média,provável
905a6aff-c253-4b4b-9aa8-ea0e16678d87,Análise de Perfil,Análise de Perfil,2025-05-09,2,12,3,9619,Indústria,Média,provável
60b99b93-db3a-4c79-92da-66a32eaddcda,Análise de Perfil,Análise de Perfil,2025-05-24,3,27,15,9619,Indústria,Média,provável
d467e78f-6192-4d49-8514-360b924d1cba,Análise de Perfil,Conversa com o Cliente,2025-06-05,4,39,12,9619,Indústria,Média,pouco provável
2ac60cd1-2ee6-4a5b-9fd1-616b81d6e4ff,Conversa com o Cliente,Conversa com o Cliente,2025-06-14,5,48,9,9619,Indústria,Média,provável
35b497a1-f359-43c2-98c5-08c6a447924f,Análise de Perfil,Análise de Perfil,2025-05-19,1,8,8,18718,Tecnologia,Baixa,pouco provável
f6633294-b5ae-40bf-acfc-31e9fbd45f66,Análise de Perfil,Conversa com o Cliente,2025-05-21,2,10,2,18718,Tecnologia,Baixa,pouco provável
06baba5b-b942-45ae-8628-38cf63b6ac3a,Análise de Perfil,Conversa com o Cliente,2025-06-27,1,12,12,9321,Educação,Alta,provável
4e8fc7af-8efc-4b94-bbe0-4c1e5cc56ad9,Conversa com o Cliente,Conversa com o Cliente,2025-06-28,2,13,1,9321,Educação,Alta,provável
e535e731-d48d-4912-bfbf-c71cb9cdfc53,Conversa com o Cliente,Negociação,2025-07-04,3,19,6,9321,Educação,Alta,provável
1e61c10a-1e80-49f8-82e4-051e4ebd2e4a,Negociação,Negociação,2025-07-15,4,30,11,9321,Educação,Alta,provável
f6bc505f-714b-4538-8695-22f4406cd72f,Negociação,Fechamento,2025-07-29,5,44,14,9321,Educação,Alta,muito provável
3953f33c-61aa-4c81-be89-daa700eb1067,Análise de Perfil,Conversa com o Cliente,2025-08-27,1,8,8,22413,Educação,Baixa,pouco provável
50a19f6a-2916-4d91-95c7-5e4ad3cbf06d,Conversa com o Cliente,Conversa com o Cliente,2025-09-11,2,23,15,22413,Educação,Baixa,pouco provável
d39ec5b9-47e3-4909-9b45-992c34f487e2,Conversa com o Cliente,Negociação,2025-09-13,3,25,2,22413,Educação,Baixa,pouco provável
5d597c6e-242c-4261-b85b-0f3f0d1f3676,Negociação,Negociação,2025-09-21,4,33,8,22413,Educação,Baixa,provável
a2af9952-91c5-41d0-af1e-ec1f8caa24fb,Negociação,Fechamento,2025-09-26,5,38,5,22413,Educação,Baixa,pouco provável
024e2e6b-7f23-475e-8b3f-d030011ebae9,Fechamento,Fechamento,2025-10-11,6,53,15,22413,Educação,Baixa,provável
1c24d3db-dfea-465e-b7ab-4941029eaf78,Fechamento,Fechamento,2025-10-16,7,58,5,22413,Educação,Baixa,pouco provável
fc10cd32-dcf4-4c21-b55a-e9fca03d498d,Análise de Perfil,Análise de Perfil,2025-04-19,1,3,3,15598,Educação,Média,pouco provável
f7098b74-f2be-41b5-939a-0a720ed7acc9,Análise de Perfil,Conversa com o Cliente,2025-05-03,2,17,14,15598,Educação,Média,provável
6b4e4f45-09fe-4dea-bd54-84ccf5d25ab6,Conversa com o Cliente,Conversa com o Cliente,2025-05-15,3,29,12,15598,Educação,Média,pouco provável
41803cd4-13da-4c0b-9c17-e8adbffa7bde,Conversa com o Cliente,Negociação,2025-05-28,4,42,13,15598,Educação,Média,provável
32199b71-6d17-4b87-b8e0-1e5571382c28,Negociação,Fechamento,2025-06-12,5,57,15,15598,Educação,Média,muito provável
4242d2fe-50af-4feb-9e97-cae5974c6d73,Análise de Perfil,Conversa com o Cliente,2025-07-03,1,5,5,40304,Educação,Média,provável
d20d9b39-18d6-4a7a-862f-21bda85f1f38,Conversa com o Cliente,Conversa com o Cliente,2025-07-18,2,20,15,40304,Educação,Média,pouco provável
54804f50-6112-419b-8320-b5b75f2d15ac,Conversa com o Cliente,Negociação,2025-07-22,3,24,4,40304,Educação,Média,provável
5457fab1-d9b4-4168-8b5d-50c17a8651d9,Negociação,Negociação,2025-07-29,4,31,7,40304,Educação,Média,provável
3849c8af-43a1-4c3f-80fe-3cfeb37ca333,Negociação,Negociação,2025-08-10,5,43,12,40304,Educação,Média,provável
0dad0dd0-31f6-49a6-a8fb-11629471154d,Análise de Perfil,Conversa com o Cliente,2025-08-08,1,7,7,14128,Educação,Alta,provável
cab1bddd-cfe9-4a3f-a7fb-8c929088fc6a,Conversa com o Cliente,Negociação,2025-08-13,2,12,5,14128,Educação,Alta,provável
9931ef33-83be-4e9d-93d4-df9422a16758,Negociação,Negociação,2025-08-28,3,27,15,14128,Educação,Alta,muito provável
1fcc3b6f-94bb-4412-b7e7-7032fb44411d,Negociação,Fechamento,2025-09-09,4,39,12,14128,Educação,Alta,muito provável
bbbac9c9-7ca2-4723-abbb-4516e86a1e89,Análise de Perfil,Conversa com o Cliente,2025-07-15,1,4,4,20720,Tecnologia,Média,provável
3e62e753-79ad-4ded-b9fe-d181be5af6a0,Conversa com o Cliente,Negociação,2025-07-21,2,10,6,20720,Tecnologia,Média,provável
2436fadb-e0ef-4809-b5bb-e8d720e0e9cc,Negociação,Fechamento,2025-08-04,3,24,14,20720,Tecnologia,Média,muito provável
c61ba3a9-1c45-4fb8-973b-50327949182d,Análise de Perfil,Conversa com o Cliente,2025-10-04,1,6,6,34314,Serviços,Média,provável
99fa36e1-98b1-4bc8-944d-3d5da238d405,Conversa com o Cliente,Negociação,2025-10-10,2,12,6,34314,Serviços,Média,provável
2a697ce6-4050-4c3a-addc-5f1be7fc8c12,Negociação,Fechamento,2025-10-24,3,26,14,34314,Serviços,Média,provável
95ba89f6-39e6-4d6c-96fb-bbd2149239b5,Análise de Perfil,Conversa com o Cliente,2025-06-07,1,11,11,31489,Indústria,Alta,provável
f6b94b47-0e89-436f-8148-065b21553d59,Conversa com o Cliente,Conversa com o Cliente,2025-06-12,2,16,5,31489,Indústria,Alta,provável
44690a25-dc5e-4673-8ddf-88050de7dd5a,Análise de Perfil,Conversa com o Cliente,2025-06-19,1,6,6,39011,Comércio,Média,pouco provável
732bba4e-1904-436f-807f-097aed15b2d1,Conversa com o Cliente,Negociação,2025-06-27,2,14,8,39011,Comércio,Média,provável
cf89fdc0-a737-4625-8523-dba85cc835be,Negociação,Fechamento,2025-07-02,3,19,5,39011,Comércio,Média,provável
5b583222-720e-4179-b2d9-900a3621c882,Fechamento,Fechamento,2025-07-17,4,34,15,39011,Comércio,Média,muito provável
f081c2ef-55d6-4f54-9df2-137d86e1f76c,Análise de Perfil,Análise de Perfil,2025-01-26,1,15,15,49914,Saúde,Média,pouco provável
ae0a9c65-2ab3-48ef-9bec-656c484385a0,Análise de Perfil,Conversa com o Cliente,2025-02-03,2,23,8,49914,Saúde,Média,pouco provável
a0281665-b697-46e6-9f34-fbb6b11619cb,Análise de Perfil,Conversa com o Cliente,2025-04-26,1,12,12,42382,Serviços,Média,provável
ccec6ceb-d129-4e4f-a488-8fc84af68c2f,Conversa com o Cliente,Conversa com o Cliente,2025-05-05,2,21,9,42382,Serviços,Média,pouco provável
7c078c89-532f-43c1-ba07-213dd9bd4df9,Conversa com o Cliente,Negociação,2025-05-16,3,32,11,42382,Serviços,Média,provável
6b2c6c62-4417-41a7-9179-1d127b5314ec,Negociação,Fechamento,2025-05-18,4,34,2,42382,Serviços,Média,muito provável
f664126a-cdb6-4fda-bcbb-9b3e9130c414,Análise de Perfil,Análise de Perfil,2025-02-21,1,13,13,12917,Comércio,Média,provável
219ed582-12f4-41f1-8a93-b4114b331ace,Análise de Perfil,Conversa com o Cliente,2025-02-26,2,18,5,12917,Comércio,Média,pouco provável
84a72e49-9a07-41bd-8d5c-694353a2aa06,Conversa com o Cliente,Negociação,2025-03-10,3,30,12,12917,Comércio,Média,provável
7d67055b-1d23-4f5e-91de-bcb2d8c413ff,Negociação,Fechamento,2025-03-24,4,44,14,12917,Comércio,Média,provável
cd78f6fc-1fc8-49e0-92ed-f728f11470a2,Fechamento,Fechamento,2025-03-26,5,46,2,12917,Comércio,Média,muito provável
435fc116-7914-4c4b-9153-9a0b154464e1,Análise de Perfil,Conversa com o Cliente,2025-08-14,1,3,3,9852,Serviços,Baixa,pouco provável
3a1cfb6f-bcdb-4d07-8852-6dbddbef1376,Conversa com o Cliente,Negociação,2025-08-24,2,13,10,9852,Serviços,Baixa,provável
5ae9f8d7-5b29-41ce-8c5c-250f11ee3aa2,Negociação,Negociação,2025-09-04,3,24,11,9852,Serviços,Baixa,provável
aaaf9d85-798a-4d31-a011-67f3e25b3974,Negociação,Fechamento,2025-09-17,4,37,13,9852,Serviços,Baixa,pouco provável
12293ef1-040f-44b2-8657-f29254b51242,Fechamento,Fechamento,2025-09-30,5,50,13,9852,Serviços,Baixa,pouco provável
df823df4-05dc-4d35-9a6d-05cae8464423,Fechamento,Fechamento,2025-10-13,6,63,13,9852,Serviços,Baixa,pouco provável
045480ac-5f3c-430a-af9b-9657dc97bb80,Análise de Perfil,Conversa com o Cliente,2025-11-06,1,11,11,29227,Educação,Baixa,pouco provável
e84c12ea-0813-480f-8c91-76a53d5c2b48,Conversa com o Cliente,Conversa com o Cliente,2025-11-13,2,18,7,29227,Educação,Baixa,pouco provável
539dcb48-2829-4742-9933-56ebf37346a4,Conversa com o Cliente,Negociação,2025-11-28,3,33,15,29227,Educação,Baixa,pouco provável
ac1feb27-1b85-4ee3-af14-1f6456f98f70,Negociação,Fechamento,2025-12-06,4,41,8,29227,Educação,Baixa,pouco provável
65e89b9b-08d8-4caf-b68b-94caafc42741,Fechamento,Fechamento,2025-12-17,5,52,11,29227,Educação,Baixa,provável
773d9cea-c2a2-4071-a916-a6cf274be265,Análise de Perfil,Conversa com o Cliente,2025-06-03,1,14,14,9620,Indústria,Média,pouco provável
ec8d7f4e-f70b-4273-ac1a-9e42b0ef1238,Conversa com o Cliente,Negociação,2025-06-07,2,18,4,9620,Indústria,Média,provável
fd2c191d-1420-4e39-9da1-9258be1aa796,Negociação,Fechamento,2025-06-20,3,31,13,9620,Indústria,Média,muito provável
75f6d42e-8c5d-48f1-aa77-fc14bb864366,Análise de Perfil,Conversa com o Cliente,2025-05-09,1,4,4,15832,Serviços,Média,pouco provável
e084d5a5-9fb7-42eb-a1f0-0b3f5bbcbd02,Conversa com o Cliente,Conversa com o Cliente,2025-05-13,2,8,4,15832,Serviços,Média,provável
35daf618-1045-42dd-8db1-01604ae108aa,Conversa com o Cliente,Negociação,2025-05-25,3,20,12,15832,Serviços,Média,provável
208f81a5-ed29-4276-8c43-3fe02c8ba56b,Negociação,Fechamento,2025-06-02,4,28,8,15832,Serviços,Média,muito provável
d8095edf-954b-418a-8fdd-ed02630568de,Análise de Perfil,Conversa com o Cliente,2025-11-10,1,15,15,23830,Tecnologia,Média,provável
aee71d75-c51b-425f-a818-189096f0f545,Conversa com o Cliente,Conversa com o Cliente,2025-11-19,2,24,9,23830,Tecnologia,Média,provável
64514510-ad46-4e93-8fb6-9162ff4f83aa,Conversa com o Cliente,Negociação,2025-11-29,3,34,10,23830,Tecnologia,Média,provável
f9bdddcf-accc-4367-a042-f8c9f13983aa,Análise de Perfil,Conversa com o Cliente,2025-11-15,1,14,14,28766,Educação,Média,provável
2a716588-68d4-42b2-8c6f-d90ea5dc9438,Conversa com o Cliente,Negociação,2025-11-25,2,24,10,28766,Educação,Média,provável
b8e0f854-0be4-4ae0-ae62-b76b9b5510b3,Negociação,Fechamento,2025-12-04,3,33,9,28766,Educação,Média,muito provável
5ee0a37a-7425-4511-8bb2-a2377fbe0d65,Análise de Perfil,Conversa com o Cliente,2025-04-14,1,6,6,7776,Serviços,Média,pouco provável
54f2e10f-fbb9-4288-aa22-3c043b173f4b,Conversa com o Cliente,Negociação,2025-04-23,2,15,9,7776,Serviços,Média,provável
dfc96d29-667d-4fff-9f8a-46322b9620e9,Análise de Perfil,Conversa com o Cliente,2025-07-05,1,8,8,30162,Serviços,Média,provável
6b537608-ff9e-48c8-ba69-805a3f09f63c,Conversa com o Cliente,Conversa com o Cliente,2025-07-13,2,16,8,30162,Serviços,Média,pouco provável
529afa59-bc4f-4b77-8cde-82d06bd5476f,Análise de Perfil,Conversa com o Cliente,2025-08-04,1,15,15,43698,Comércio,Média,provável
1595c184-3ddf-4eec-be8c-012fb3f485e4,Conversa com o Cliente,Negociação,2025-08-09,2,20,5,43698,Comércio,Média,provável
28027d8d-e4f2-4877-bb3a-80cda1ee5d75,Negociação,Negociação,2025-08-23,3,34,14,43698,Comércio,Média,provável
fda9045d-c524-407c-9983-29a42931f788,Negociação,Fechamento,2025-08-30,4,41,7,43698,Comércio,Média,muito provável
2382b367-5905-4d6d-a2de-439855d0f701,Análise de Perfil,Conversa com o Cliente,2025-07-21,1,5,5,48332,Tecnologia,Baixa,pouco provável
ee1ac722-6dc2-48b5-98d5-7de69c3d3bee,Conversa com o Cliente,Negociação,2025-07-29,2,13,8,48332,Tecnologia,Baixa,pouco provável
937348d5-e930-43ba-b9dd-9dbec378bb72,Negociação,Fechamento,2025-08-10,3,25,12,48332,Tecnologia,Baixa,pouco provável
7e6533fb-f3af-4bbf-9777-5656d7315580,Fechamento,Fechamento,2025-08-14,4,29,4,48332,Tecnologia,Baixa,pouco provável
94294be1-3511-4ca3-8fd6-6774b5a02e74,Análise de Perfil,Conversa com o Cliente,2025-08-20,1,8,8,27579,Serviços,Média,pouco provável
6ce46bb6-d52f-4400-8021-6e8aaf2c0a5d,Conversa com o Cliente,Negociação,2025-08-31,2,19,11,27579,Serviços,Média,provável
0a3a3ae9-af31-4f5d-8876-ea1e4a62c28e,Negociação,Fechamento,2025-09-11,3,30,11,27579,Serviços,Média,provável
1acc228a-83ee-4bbd-ab9c-ccddfedde6c7,Fechamento,Fechamento,2025-09-17,4,36,6,27579,Serviços,Média,muito provável
f4c8441a-4a92-4643-bacf-a8f1936cc5be,Análise de Perfil,Conversa com o Cliente,2025-06-13,1,2,2,38382,Tecnologia,Média,pouco provável
e33cc291-6a3a-48ec-9692-a11a19f6459a,Conversa com o Cliente,Negociação,2025-06-28,2,17,15,38382,Tecnologia,Média,provável
97d170ba-11fc-4088-b7a3-485dce198bc5,Análise de Perfil,Análise de Perfil,2025-03-20,1,13,13,19025,Saúde,Baixa,pouco provável
472f240f-2440-4bb5-ae6c-407161c679ea,Análise de Perfil,Conversa com o Cliente,2025-03-23,2,16,3,19025,Saúde,Baixa,pouco provável
8abad716-d169-4574-b3be-daf93ff51e95,Análise de Perfil,Conversa com o Cliente,2025-02-23,1,11,11,36526,Saúde,Média,provável
62bc90ce-7116-4d64-a08a-eae02e6dabf1,Conversa com o Cliente,Conversa com o Cliente,2025-02-24,2,12,1,36526,Saúde,Média,provável
9ab3b836-753a-4eef-9228-2a683914425a,Conversa com o Cliente,Conversa com o Cliente,2025-02-26,3,14,2,36526,Saúde,Média,provável
e790b5a2-9aea-4d8d-8e09-53a43aaa6671,Conversa com o Cliente,Negociação,2025-02-27,4,15,1,36526,Saúde,Média,provável
a36b89b7-4462-45b7-bf36-fc69c166ed19,Análise de Perfil,Conversa com o Cliente,2025-11-15,1,8,8,25009,Tecnologia,Baixa,pouco provável
af3ee226-a56e-48e4-b8e6-341171e63aee,Conversa com o Cliente,Negociação,2025-11-27,2,20,12,25009,Tecnologia,Baixa,pouco provável
ae80c5cc-1a8f-4f27-a969-abc26564d56b,Negociação,Fechamento,2025-11-30,3,23,3,25009,Tecnologia,Baixa,pouco provável
e65c2c1b-5283-463e-a19e-9c3833bf2fcb,Análise de Perfil,Análise de Perfil,2025-06-26,1,11,11,29908,Indústria,Alta,muito provável
e5482718-2002-4900-8d77-d26c5815dfde,Análise de Perfil,Conversa com o Cliente,2025-07-02,2,17,6,29908,Indústria,Alta,provável
617eed56-cb2b-49ac-abc5-b5810629748f,Conversa com o Cliente,Negociação,2025-07-08,3,23,6,29908,Indústria,Alta,provável
a182f6a6-59d1-4ca7-9424-21d7ee8c470b,Negociação,Fechamento,2025-07-14,4,29,6,29908,Indústria,Alta,muito provável
fb416ea1-92da-4ba7-b999-2778f8a74b4c,Análise de Perfil,Conversa com o Cliente,2025-08-16,1,12,12,32811,Comércio,Alta,provável
082d6ab7-3ea1-4f3e-acc4-e582fb185cda,Conversa com o Cliente,Negociação,2025-08-27,2,23,11,32811,Comércio,Alta,muito provável
0db5da15-884e-43c6-9279-606f8d1e5084,Negociação,Fechamento,2025-09-02,3,29,6,32811,Comércio,Alta,muito provável
e89ba8e1-92a3-4a00-a5b1-73fec6b19430,Análise de Perfil,Conversa com o Cliente,2025-04-16,1,8,8,48636,Serviços,Média,pouco provável
4e2ecffd-f2d2-4334-ae6b-9cad7b042a27,Conversa com o Cliente,Negociação,2025-04-23,2,15,7,48636,Serviços,Média,provável
6430f698-1a13-4b0b-9110-c74c2fa8ef20,Negociação,Fechamento,2025-04-25,3,17,2,48636,Serviços,Média,muito provável
15d9a4c8-c1cc-4cb6-b802-d639cb9cb401,Análise de Perfil,Conversa com o Cliente,2025-09-28,1,3,3,48180,Saúde,Baixa,pouco provável
d2a2a3a8-563b-4fb7-9e35-e8bcb7bf904a,Conversa com o Cliente,Negociação,2025-10-05,2,10,7,48180,Saúde,Baixa,provável
ebdc3454-013c-461c-a128-47cc2f541bf2,Negociação,Fechamento,2025-10-20,3,25,15,48180,Saúde,Baixa,provável
a78e68d9-f162-4c61-980b-1bd838e77c29,Análise de Perfil,Análise de Perfil,2025-11-30,1,15,15,49504,Indústria,Baixa,pouco provável
732a46a3-a20f-4bf7-9b2f-af5ac79c5297,Análise de Perfil,Conversa com o Cliente,2025-12-11,2,26,11,49504,Indústria,Baixa,pouco provável
f93984e6-cd07-4b46-9447-bb8d27c69968,Análise de Perfil,Análise de Perfil,2025-05-17,1,14,14,34559,Comércio,Alta,muito provável
6f3160fa-10e1-4194-812c-8a469494544f,Análise de Perfil,Conversa com o Cliente,2025-05-30,2,27,13,34559,Comércio,Alta,provável
28df7273-0dfb-4a3c-924f-4e56ce6b01a8,Conversa com o Cliente,Conversa com o Cliente,2025-06-06,3,34,7,34559,Comércio,Alta,provável
f8746034-65a0-46de-8e40-fa3b5dc5b665,Análise de Perfil,Conversa com o Cliente,2025-08-11,1,15,15,12834,Serviços,Média,pouco provável
97ea15f3-26f3-4686-aff8-2e16659aaab5,Conversa com o Cliente,Negociação,2025-08-12,2,16,1,12834,Serviços,Média,provável
3241b467-cc96-42ff-b4b6-c3bb0e5ae362,Negociação,Fechamento,2025-08-23,3,27,11,12834,Serviços,Média,provável
c3dc2190-962c-43a1-a72a-6c12f79016a2,Fechamento,Fechamento,2025-08-30,4,34,7,12834,Serviços,Média,muito provável
1247c59e-9cb6-47c4-8826-de3b9ca1aa7d,Análise de Perfil,Conversa com o Cliente,2025-03-16,1,12,12,27027,Indústria,Média,provável
d570658d-a707-43a8-91a6-050c968beaa0,Conversa com o Cliente,Negociação,2025-03-19,2,15,3,27027,Indústria,Média,provável
9be6b565-e137-4c07-b297-1156efeacc9d,Negociação,Fechamento,2025-03-30,3,26,11,27027,Indústria,Média,provável
e1bdb814-20ad-49cd-b424-34f915f7e272,Fechamento,Fechamento,2025-04-04,4,31,5,27027,Indústria,Média,provável
75dc6e20-56ac-4685-a175-6ae5f79aacac,Fechamento,Fechamento,2025-04-10,5,37,6,27027,Indústria,Média,provável
a5364f58-aec5-464d-9295-03871b55be1f,Análise de Perfil,Conversa com o Cliente,2025-09-10,1,8,8,45117,Tecnologia,Alta,muito provável
3c4c3d33-5e38-4787-9803-6953f8b12ba8,Conversa com o Cliente,Conversa com o Cliente,2025-09-18,2,16,8,45117,Tecnologia,Alta,provável
c12ee453-68a3-4952-8870-bc72537d861a,Conversa com o Cliente,Negociação,2025-09-25,3,23,7,45117,Tecnologia,Alta,muito provável
8b6e1c72-0ea9-41b8-b641-d95f6cd511c6,Negociação,Fechamento,2025-09-27,4,25,2,45117,Tecnologia,Alta,muito provável
c60e0c33-7984-46ba-abd6-1677a87cee9b,Análise de Perfil,Análise de Perfil,2025-05-20,1,6,6,29200,Educação,Alta,provável
5e0ed29a-587e-438b-9109-8d4a6b213347,Análise de Perfil,Conversa com o Cliente,2025-06-03,2,20,14,29200,Educação,Alta,muito provável
532e86dc-0b35-4368-b20d-539bf81f67bd,Conversa com o Cliente,Conversa com o Cliente,2025-06-18,3,35,15,29200,Educação,Alta,provável
91a8c720-1c20-42eb-a767-d8e422272d0a,Conversa com o Cliente,Negociação,2025-07-03,4,50,15,29200,Educação,Alta,provável
01394b4c-d135-4c1d-bd2e-271985535f2a,Análise de Perfil,Conversa com o Cliente,2025-10-08,1,6,6,15805,Tecnologia,Baixa,pouco provável
33dfc5a8-875d-4277-b790-83a06a61bfbf,Conversa com o Cliente,Conversa com o Cliente,2025-10-11,2,9,3,15805,Tecnologia,Baixa,pouco provável
b097619c-288e-451b-8157-c2316b073743,Conversa com o Cliente,Negociação,2025-10-12,3,10,1,15805,Tecnologia,Baixa,pouco provável
900a2bbe-457d-46f4-a17e-991b9c1c6326,Negociação,Fechamento,2025-10-18,4,16,6,15805,Tecnologia,Baixa,pouco provável
ea04bf8e-7faf-498a-adf5-98c10b3c91f0,Fechamento,Fechamento,2025-11-02,5,31,15,15805,Tecnologia,Baixa,pouco provável
10813056-9e47-4aaa-a763-e37dc10203f5,Fechamento,Fechamento,2025-11-06,6,35,4,15805,Tecnologia,Baixa,pouco provável
b27e12a3-5bab-4422-9e9b-a3cf48e7c30d,Fechamento,Fechamento,2025-11-19,7,48,13,15805,Tecnologia,Baixa,pouco provável
ecc6658c-e4b2-4c55-9359-469530f49621,Análise de Perfil,Análise de Perfil,2025-09-13,1,1,1,43140,Educação,Média,provável
30bc345c-ab13-4d3f-ac4d-103e14e165ab,Análise de Perfil,Análise de Perfil,2025-09-22,2,10,9,43140,Educação,Média,provável
a1c20cd4-da87-4e1b-9dd3-dcdbc553ce35,Análise de Perfil,Conversa com o Cliente,2025-09-25,3,13,3,43140,Educação,Média,pouco provável
145ffa08-0a5b-4636-acef-3f073dc87152,Análise de Perfil,Conversa com o Cliente,2025-05-08,1,10,10,35089,Indústria,Baixa,pouco provável
344017e8-9e65-4d4e-a286-76feb6f18d39,Conversa com o Cliente,Negociação,2025-05-13,2,15,5,35089,Indústria,Baixa,pouco provável
b0df17fa-0324-47a8-a64e-c9f739992a45,Negociação,Fechamento,2025-05-14,3,16,1,35089,Indústria,Baixa,pouco provável
9849ec0a-a1e1-4a3d-89f1-0b95ca938ecd,Fechamento,Fechamento,2025-05-28,4,30,14,35089,Indústria,Baixa,pouco provável
2de1f411-b6e6-45ac-87b1-85ae8e376d73,Fechamento,Fechamento,2025-06-11,5,44,14,35089,Indústria,Baixa,provável
57eabe08-e3f8-4b12-95db-71ecc2ffa1ea,Análise de Perfil,Conversa com o Cliente,2025-05-29,1,14,14,24263,Tecnologia,Média,provável
6cf7d285-e468-441f-8852-f5aa53decd9d,Conversa com o Cliente,Negociação,2025-06-11,2,27,13,24263,Tecnologia,Média,provável
9a925cc0-0e21-4a60-9fa0-f33e767475b2,Negociação,Fechamento,2025-06-17,3,33,6,24263,Tecnologia,Média,provável
5e065d32-dd2f-4c5f-98a3-d3d8461a996f,Análise de Perfil,Conversa com o Cliente,2025-11-07,1,12,12,6473,Tecnologia,Baixa,pouco provável
b72fcf71-1e0e-4c4b-96f0-b17624093171,Conversa com o Cliente,Negociação,2025-11-13,2,18,6,6473,Tecnologia,Baixa,pouco provável
8068b88a-7d37-459b-bec1-a34446bbd450,Negociação,Fechamento,2025-11-25,3,30,12,6473,Tecnologia,Baixa,pouco provável
7c21e846-f944-43c9-96d6-1f75a5786a64,Fechamento,Fechamento,2025-11-27,4,32,2,6473,Tecnologia,Baixa,pouco provável
aa3b517b-fb0d-40a0-9709-d2ee629f87c3,Fechamento,Fechamento,2025-12-06,5,41,9,6473,Tecnologia,Baixa,pouco provável
2001de48-3b3d-41ff-a029-4ddcd2e42c01,Análise de Perfil,Análise de Perfil,2025-06-24,1,1,1,35270,Serviços,Baixa,pouco provável
bb45f7ee-c07b-4d04-a0b8-7763f762d7ab,Análise de Perfil,Conversa com o Cliente,2025-07-04,2,11,10,35270,Serviços,Baixa,pouco provável
d1b76da2-49cb-4e6c-9391-6e296ce190ec,Conversa com o Cliente,Conversa com o Cliente,2025-07-07,3,14,3,35270,Serviços,Baixa,pouco provável
9f024b30-b283-4148-a335-0260d89099b5,Conversa com o Cliente,Negociação,2025-07-12,4,19,5,35270,Serviços,Baixa,pouco provável
0517f1d3-9565-48a0-94e7-5c7a083c8679,Negociação,Fechamento,2025-07-21,5,28,9,35270,Serviços,Baixa,pouco provável
d638fe39-3360-436f-beaf-011e0f20dc61,Fechamento,Fechamento,2025-07-23,6,30,2,35270,Serviços,Baixa,pouco provável
c92f324d-357c-4418-acc4-ba7dc0fd745d,Análise de Perfil,Conversa com o Cliente,2025-10-18,1,5,5,31072,Tecnologia,Baixa,pouco provável
a291a2b9-dea0-48fb-8078-483135c0d736,Conversa com o Cliente,Conversa com o Cliente,2025-10-20,2,7,2,31072,Tecnologia,Baixa,pouco provável
4e99f414-ea64-46c6-ad13-583a70001659,Conversa com o Cliente,Negociação,2025-10-29,3,16,9,31072,Tecnologia,Baixa,pouco provável
945ee1d6-e3af-48b4-99af-ce8d5d79ac01,Negociação,Fechamento,2025-11-13,4,31,15,31072,Tecnologia,Baixa,pouco provável
361d1080-6557-474e-ad09-9fb8deee71af,Fechamento,Fechamento,2025-11-19,5,37,6,31072,Tecnologia,Baixa,provável
d2917058-0042-4870-b6a5-5faf69bf552f,Fechamento,Fechamento,2025-11-25,6,43,6,31072,Tecnologia,Baixa,pouco provável
599dbaa6-e421-4f84-9e41-cdbb7cc4a76a,Análise de Perfil,Análise de Perfil,2025-12-01,1,13,13,47992,Indústria,Média,provável
faf23ca0-a429-4089-9e99-738b9018c455,Análise de Perfil,Conversa com o Cliente,2025-12-11,2,23,10,47992,Indústria,Média,pouco provável
b0468fa5-470d-49b7-9880-f3b98835a903,Análise de Perfil,Conversa com o Cliente,2025-10-28,1,4,4,35333,Tecnologia,Média,pouco provável
8dd7735c-72ff-42c0-8be0-6553bbb456d7,Conversa com o Cliente,Negociação,2025-11-07,2,14,10,35333,Tecnologia,Média,provável
84df5d06-b8bd-4b34-a2d9-9e9b9adbc8a0,Análise de Perfil,Conversa com o Cliente,2025-08-18,1,15,15,43940,Educação,Média,pouco provável
164e8f5d-0466-47e2-8352-f43363449e97,Conversa com o Cliente,Negociação,2025-08-20,2,17,2,43940,Educação,Média,provável
fcfde24a-99e9-4e50-83a2-d2866d5f8f73,Negociação,Fechamento,2025-09-03,3,31,14,43940,Educação,Média,provável
b1f7c299-7129-4889-9798-d0f3083a6ec1,Fechamento,Fechamento,2025-09-13,4,41,10,43940,Educação,Média,provável
250361c1-c8c4-44a2-a687-a3c506e535b7,Fechamento,Fechamento,2025-09-22,5,50,9,43940,Educação,Média,muito provável
d9b814d6-0270-4fe1-ab37-49d7f172a476,Análise de Perfil,Análise de Perfil,2025-12-01,1,14,14,24695,Comércio,Média,pouco provável
ed1b45ac-f36e-4b85-b49f-d55717ece171,Análise de Perfil,Conversa com o Cliente,2025-12-14,2,27,13,24695,Comércio,Média,pouco provável
0517ed80-3603-46b0-bf99-33bcb31a0ecf,Conversa com o Cliente,Conversa com o Cliente,2025-12-19,3,32,5,24695,Comércio,Média,provável
23600f30-54fc-4fa8-a6b9-05aacf13b524,Conversa com o Cliente,Conversa com o Cliente,2026-01-03,4,47,15,24695,Comércio,Média,provável
d91281e8-7c84-4429-bf74-c67af8b2db05,Análise de Perfil,Conversa com o Cliente,2025-09-26,1,3,3,32160,Comércio,Baixa,pouco provável
cc85b825-575d-47c3-834c-8486b2b9a5dd,Conversa com o Cliente,Negociação,2025-09-30,2,7,4,32160,Comércio,Baixa,pouco provável
805faee9-aaf9-49d3-938f-c84c63e9bcba,Negociação,Negociação,2025-10-10,3,17,10,32160,Comércio,Baixa,pouco provável
360b7c2d-e2f2-4fad-9d25-07ee12c7ebf6,Negociação,Fechamento,2025-10-19,4,26,9,32160,Comércio,Baixa,provável
77e708c6-01ce-415e-92e0-e4b9b7650467,Fechamento,Fechamento,2025-11-02,5,40,14,32160,Comércio,Baixa,pouco provável
16fec5a1-d683-41cf-ac14-51ad31f34994,Fechamento,Fechamento,2025-11-04,6,42,2,32160,Comércio,Baixa,provável
194470e8-cc80-4c10-af08-03664ce3e1ff,Fechamento,Fechamento,2025-11-09,7,47,5,32160,Comércio,Baixa,provável
b0b67e6c-0c92-4ab3-b6f7-4864a9c6c816,Fechamento,Fechamento,2025-11-12,8,50,3,32160,Comércio,Baixa,pouco provável
057ec945-7598-4272-8a14-52bddd083e07,Análise de Perfil,Conversa com o Cliente,2025-10-18,1,8,8,41535,Serviços,Média,provável
a319deac-a989-493d-892b-547c9e786b69,Conversa com o Cliente,Conversa com o Cliente,2025-10-23,2,13,5,41535,Serviços,Média,pouco provável
4a2b1d73-7a3c-4005-b9a0-63cf2ee29c0f,Conversa com o Cliente,Conversa com o Cliente,2025-11-06,3,27,14,41535,Serviços,Média,pouco provável
1114cad4-c37d-45f8-9ee7-71690732bc15,Conversa com o Cliente,Negociação,2025-11-07,4,28,1,41535,Serviços,Média,provável
582a9c42-c579-4d6c-9324-3eb03b25f987,Análise de Perfil,Conversa com o Cliente,2025-02-06,1,2,2,7613,Serviços,Média,pouco provável
7374ea0c-d807-4972-97d0-d039b64752a4,Conversa com o Cliente,Conversa com o Cliente,2025-02-17,2,13,11,7613,Serviços,Média,pouco provável
a3b55845-02c7-43bb-b43c-5d89b4214fd2,Conversa com o Cliente,Conversa com o Cliente,2025-02-22,3,18,5,7613,Serviços,Média,provável
5736bb6a-df57-4391-a260-7925e1dd60cc,Conversa com o Cliente,Negociação,2025-03-02,4,26,8,7613,Serviços,Média,provável
5e8a8a9d-7d91-4441-a69f-853e9e5065a2,Negociação,Negociação,2025-03-07,5,31,5,7613,Serviços,Média,provável
4f034efa-a706-4345-9e40-96af35cd2c2f,Negociação,Fechamento,2025-03-17,6,41,10,7613,Serviços,Média,provável
439210fb-6ba2-4583-a57d-5eb7ee943a3c,Fechamento,Fechamento,2025-03-20,7,44,3,7613,Serviços,Média,provável
694e951f-2f80-4ee4-a4d3-1f4dc110ed55,Fechamento,Fechamento,2025-03-21,8,45,1,7613,Serviços,Média,muito provável
30ab9842-2840-43fe-9909-b1ab036492cb,Análise de Perfil,Análise de Perfil,2025-08-27,1,4,4,29665,Serviços,Média,provável
f4e63249-8afa-4dde-a8de-83ecbf9382b0,Análise de Perfil,Análise de Perfil,2025-08-30,2,7,3,29665,Serviços,Média,provável
130fd141-6587-49e1-9148-6f1b8bf7b3e7,Análise de Perfil,Conversa com o Cliente,2025-09-11,3,19,12,29665,Serviços,Média,provável
6822396a-3a68-4a21-98cd-787ce0c36334,Conversa com o Cliente,Negociação,2025-09-25,4,33,14,29665,Serviços,Média,provável
eb868404-00d3-4068-bd05-63c122e3cf2b,Negociação,Fechamento,2025-09-29,5,37,4,29665,Serviços,Média,provável
57c0adc0-d4e4-451a-becf-588b313fcfa4,Fechamento,Fechamento,2025-09-30,6,38,1,29665,Serviços,Média,provável
5b724601-056a-4887-b723-16d5b37f179d,Fechamento,Fechamento,2025-10-03,7,41,3,29665,Serviços,Média,muito provável
5b108a2f-f50d-4cec-9f66-c745a11a4b04,Análise de Perfil,Análise de Perfil,2025-09-02,1,9,9,32698,Serviços,Baixa,pouco provável
424e1022-1881-4af6-80f7-bb4c83537588,Análise de Perfil,Conversa com o Cliente,2025-09-04,2,11,2,32698,Serviços,Baixa,pouco provável
beef7227-6c4f-47b4-8e9d-92b6d3c58b28,Conversa com o Cliente,Negociação,2025-09-09,3,16,5,32698,Serviços,Baixa,provável
53182f7b-28fa-4c84-b0f8-b72b0109a0a2,Negociação,Fechamento,2025-09-17,4,24,8,32698,Serviços,Baixa,pouco provável
a46eb11b-2842-4ac3-ad3f-94d693ba7495,Fechamento,Fechamento,2025-09-21,5,28,4,32698,Serviços,Baixa,pouco provável
01c7dc13-8b45-458e-997f-d54b2e929e05,Fechamento,Fechamento,2025-09-22,6,29,1,32698,Serviços,Baixa,pouco provável
b4343ea0-6b17-45f0-9199-b9cf91f646bd,Fechamento,Fechamento,2025-09-23,7,30,1,32698,Serviços,Baixa,provável
95058d16-8c07-4b31-9d79-efec04be2cbd,Análise de Perfil,Conversa com o Cliente,2025-10-13,1,2,2,10961,Educação,Média,pouco provável
767124b7-4917-449a-a68e-f91772f6f3eb,Conversa com o Cliente,Negociação,2025-10-18,2,7,5,10961,Educação,Média,provável
230c4f3b-58d4-4fb0-a5e0-9811d941da46,Negociação,Negociação,2025-10-31,3,20,13,10961,Educação,Média,provável
aaa382c3-297c-41c2-98a2-cc67f0982df2,Negociação,Negociação,2025-11-06,4,26,6,10961,Educação,Média,provável
0cffde24-e3d0-4be9-8714-cd07c7335ac7,Negociação,Fechamento,2025-11-20,5,40,14,10961,Educação,Média,muito provável
33710874-c41e-46d9-8c1f-c3425f721fd1,Análise de Perfil,Conversa com o Cliente,2025-03-26,1,5,5,23621,Indústria,Média,pouco provável
1d99929b-a8ce-4cdd-93cb-11d03a99552d,Conversa com o Cliente,Negociação,2025-03-30,2,9,4,23621,Indústria,Média,provável
3bc2c97b-c966-4eb2-8e0b-8cc0be87230c,Negociação,Fechamento,2025-04-13,3,23,14,23621,Indústria,Média,provável
79c00fb2-62cf-4604-bdba-1be2f87b0af2,Fechamento,Fechamento,2025-04-14,4,24,1,23621,Indústria,Média,provável
0d6749b7-2e00-4ea3-a9c3-5e9828325c50,Fechamento,Fechamento,2025-04-22,5,32,8,23621,Indústria,Média,muito provável
584b3fef-f3e0-4512-a431-251b308c9c37,Análise de Perfil,Análise de Perfil,2025-04-21,1,14,14,29535,Serviços,Média,pouco provável
73216460-acf8-4d5b-8c6c-17739adcd7ab,Análise de Perfil,Conversa com o Cliente,2025-04-30,2,23,9,29535,Serviços,Média,provável
0d3877e2-f18f-42e2-aa43-b757de16ff68,Conversa com o Cliente,Conversa com o Cliente,2025-05-14,3,37,14,29535,Serviços,Média,pouco provável
a30e190f-79a6-4eab-92d0-c1e81403a2a3,Conversa com o Cliente,Negociação,2025-05-15,4,38,1,29535,Serviços,Média,provável
afaf3013-1222-4517-ae69-358e1629cc96,Negociação,Fechamento,2025-05-26,5,49,11,29535,Serviços,Média,provável
fdb1666b-6b16-48d9-9394-57a39b7e1b64,Fechamento,Fechamento,2025-06-07,6,61,12,29535,Serviços,Média,muito provável
005cd297-abf3-4bf7-a340-0df08764f377,Análise de Perfil,Conversa com o Cliente,2025-03-14,1,12,12,9800,Educação,Alta,provável
ef733c02-e497-4877-87a0-ce0e33e4a044,Conversa com o Cliente,Negociação,2025-03-23,2,21,9,9800,Educação,Alta,provável
ef4f882c-41d4-4e32-a4e1-c787237c9378,Negociação,Fechamento,2025-04-01,3,30,9,9800,Educação,Alta,muito provável
69c743fc-ebd5-43b1-b01e-179f4dc8818f,Análise de Perfil,Conversa com o Cliente,2025-10-16,1,10,10,31617,Saúde,Média,pouco provável
35584cc7-a7ff-4b94-b8e9-c88a4b4a580d,Conversa com o Cliente,Negociação,2025-10-21,2,15,5,31617,Saúde,Média,provável
a7177608-c98a-4710-a504-8df68f900c4b,Negociação,Fechamento,2025-10-27,3,21,6,31617,Saúde,Média,muito provável
d978c405-c718-4281-8c57-fdcdc064bc98,Análise de Perfil,Conversa com o Cliente,2025-12-06,1,13,13,41873,Indústria,Baixa,pouco provável
1c588479-fca7-4a81-960b-a1d323fdcfde,Conversa com o Cliente,Negociação,2025-12-10,2,17,4,41873,Indústria,Baixa,pouco provável
2e597367-924f-4a4f-89d8-6ca9694ecd64,Negociação,Fechamento,2025-12-23,3,30,13,41873,Indústria,Baixa,pouco provável
bb55eeb5-2020-45ec-be0e-3928a9bace20,Fechamento,Fechamento,2025-12-27,4,34,4,41873,Indústria,Baixa,pouco provável
448e061e-3b87-4868-97fd-74530b99b79f,Análise de Perfil,Análise de Perfil,2025-10-01,1,7,7,5644,Serviços,Média,pouco provável
6975b33e-d302-4586-b124-92773dc68c2c,Análise de Perfil,Conversa com o Cliente,2025-10-12,2,18,11,5644,Serviços,Média,pouco provável
93619e41-31b3-4744-9dc5-f6306ad7ded3,Conversa com o Cliente,Negociação,2025-10-25,3,31,13,5644,Serviços,Média,provável
aefc53b4-e85c-41ff-b80f-ffdc84ceecf9,Negociação,Fechamento,2025-10-31,4,37,6,5644,Serviços,Média,provável
c91c9897-8acb-495a-96e2-aa6dc3315f1b,Fechamento,Fechamento,2025-11-01,5,38,1,5644,Serviços,Média,provável
d25e00cc-ba8b-4cc8-9264-03952a09dfcf,Fechamento,Fechamento,2025-11-05,6,42,4,5644,Serviços,Média,provável
b2aa2d37-091f-4b68-977d-387f4e640d6c,Fechamento,Fechamento,2025-11-17,7,54,12,5644,Serviços,Média,muito provável
4c46ca05-bd1a-4e5e-a2b0-cf598faedb0c,Análise de Perfil,Conversa com o Cliente,2025-10-31,1,12,12,5843,Comércio,Baixa,pouco provável
7a72cfa0-217a-409d-bf99-9b35720031a6,Conversa com o Cliente,Negociação,2025-11-02,2,14,2,5843,Comércio,Baixa,pouco provável
330023e4-413b-440b-b214-cb76797045f6,Negociação,Fechamento,2025-11-06,3,18,4,5843,Comércio,Baixa,provável
323e2325-dae3-4654-b6c7-183658c5bcfe,Fechamento,Fechamento,2025-11-17,4,29,11,5843,Comércio,Baixa,pouco provável
057c91ab-b5a9-453e-982c-94b1f91598d1,Fechamento,Fechamento,2025-11-18,5,30,1,5843,Comércio,Baixa,pouco provável
d202565e-8d12-4943-a954-b17f8a44c59f,Fechamento,Fechamento,2025-11-19,6,31,1,5843,Comércio,Baixa,pouco provável
eb2929de-24d5-442e-a296-fe220a78cee9,Fechamento,Fechamento,2025-11-27,7,39,8,5843,Comércio,Baixa,provável
e0b2d432-95ec-46b4-b8f6-88b4499a353a,Análise de Perfil,Análise de Perfil,2025-09-23,1,6,6,16525,Indústria,Alta,provável
aae134db-3cf6-4c1b-9609-1b014c825173,Análise de Perfil,Análise de Perfil,2025-09-30,2,13,7,16525,Indústria,Alta,muito provável
ad430b46-a19b-4394-979f-a9bd134cf237,Análise de Perfil,Conversa com o Cliente,2025-10-03,3,16,3,16525,Indústria,Alta,provável
8abd656c-e3cb-4549-a3aa-50d9b8950f34,Conversa com o Cliente,Conversa com o Cliente,2025-10-12,4,25,9,16525,Indústria,Alta,muito provável
f7776e7f-0367-4966-805b-185448af78fa,Conversa com o Cliente,Negociação,2025-10-23,5,36,11,16525,Indústria,Alta,provável
bede5fb3-1dd3-487c-9ca4-1990a9935cd3,Negociação,Fechamento,2025-11-07,6,51,15,16525,Indústria,Alta,muito provável
b96ad0eb-162c-4e01-9e38-84551717e027,Análise de Perfil,Conversa com o Cliente,2025-06-08,1,13,13,44082,Serviços,Média,pouco provável
468bd779-2430-43e6-b1e5-ca6743161694,Conversa com o Cliente,Negociação,2025-06-18,2,23,10,44082,Serviços,Média,provável
868fc0bb-722b-4795-93a4-118823866966,Negociação,Negociação,2025-06-29,3,34,11,44082,Serviços,Média,provável
b8b91eb4-37d4-4135-bc24-9e200c1870b1,Negociação,Fechamento,2025-07-09,4,44,10,44082,Serviços,Média,muito provável
94b6b230-258d-484f-a431-57aa62bd5238,Análise de Perfil,Análise de Perfil,2025-10-17,1,9,9,11617,Tecnologia,Baixa,pouco provável
854cf68b-8dfc-4eaf-be4c-797a37a8aedc,Análise de Perfil,Conversa com o Cliente,2025-10-26,2,18,9,11617,Tecnologia,Baixa,pouco provável
2e7acd6c-d7a7-47a5-a7bc-ebf7c52289e1,Conversa com o Cliente,Negociação,2025-11-01,3,24,6,11617,Tecnologia,Baixa,pouco provável
6a1fafc8-a081-42db-96e4-b77f80298955,Negociação,Fechamento,2025-11-11,4,34,10,11617,Tecnologia,Baixa,pouco provável
aae4cbd1-d0e7-4d39-bdf2-9223164968bd,Fechamento,Fechamento,2025-11-23,5,46,12,11617,Tecnologia,Baixa,provável
4cd84f9b-95ad-4117-9e18-2de0e665f6c7,Análise de Perfil,Conversa com o Cliente,2025-02-21,1,9,9,40757,Tecnologia,Alta,provável
8d0532ba-2c41-445b-87aa-41096c5e4402,Conversa com o Cliente,Negociação,2025-03-03,2,19,10,40757,Tecnologia,Alta,muito provável
03af60ad-b2e7-43ad-bc85-cb8a306edb30,Negociação,Fechamento,2025-03-07,3,23,4,40757,Tecnologia,Alta,muito provável
ee6a83dc-9ea6-426c-b1e8-3f07479f39f4,Análise de Perfil,Conversa com o Cliente,2025-07-15,1,10,10,19410,Indústria,Baixa,pouco provável
e9028281-7740-4326-b3b1-11788eeea0a1,Conversa com o Cliente,Negociação,2025-07-26,2,21,11,19410,Indústria,Baixa,pouco provável
5d997314-2826-4d64-9e91-6bb53e354212,Negociação,Fechamento,2025-07-31,3,26,5,19410,Indústria,Baixa,pouco provável
366850c5-8056-4733-a76c-6f6299ae70d0,Fechamento,Fechamento,2025-08-14,4,40,14,19410,Indústria,Baixa,pouco provável
872086eb-200e-4516-8931-15625a542d6c,Fechamento,Fechamento,2025-08-26,5,52,12,19410,Indústria,Baixa,pouco provável
52ec9268-329a-4f17-9401-7550d8635faf,Fechamento,Fechamento,2025-08-31,6,57,5,19410,Indústria,Baixa,pouco provável
85f4e761-82d0-4fd6-859e-696ea9bbdcd4,Fechamento,Fechamento,2025-09-03,7,60,3,19410,Indústria,Baixa,provável
d9367d72-2f8c-40fa-9e88-2fba89be41a8,Fechamento,Fechamento,2025-09-10,8,67,7,19410,Indústria,Baixa,pouco provável
e1f8e146-4d00-4ba5-a2d4-425caf6a018b,Análise de Perfil,Conversa com o Cliente,2025-02-23,1,3,3,35993,Indústria,Baixa,pouco provável
f492cff5-a311-476f-adde-30ca6d5d9885,Conversa com o Cliente,Negociação,2025-03-07,2,15,12,35993,Indústria,Baixa,pouco provável
c59c0c36-1ad2-4967-9751-0b7476c50b24,Negociação,Fechamento,2025-03-18,3,26,11,35993,Indústria,Baixa,pouco provável
2edeab8a-8c14-43bc-8868-4b9a6f969930,Fechamento,Fechamento,2025-04-02,4,41,15,35993,Indústria,Baixa,pouco provável
da1f29fa-596f-4463-a778-71ec367ba878,Fechamento,Fechamento,2025-04-05,5,44,3,35993,Indústria,Baixa,pouco provável
5247b343-3e01-4699-9596-5e0759e133ff,Fechamento,Fechamento,2025-04-06,6,45,1,35993,Indústria,Baixa,provável
a0f15cf1-73d4-40c5-bfca-969a435ff36a,Análise de Perfil,Conversa com o Cliente,2025-08-19,1,10,10,33894,Serviços,Baixa,pouco provável
3bab5e3e-bbaf-4d7f-a008-84594a6c97dc,Conversa com o Cliente,Negociação,2025-08-24,2,15,5,33894,Serviços,Baixa,pouco provável
00886839-fa18-4fe1-913c-dd549c9e3e68,Negociação,Fechamento,2025-09-02,3,24,9,33894,Serviços,Baixa,pouco provável
c0a943ae-9a4f-4755-9431-464ba55a01de,Fechamento,Fechamento,2025-09-17,4,39,15,33894,Serviços,Baixa,pouco provável
767332d2-2c0b-448c-8f4a-e2874ddd81f4,Fechamento,Fechamento,2025-09-18,5,40,1,33894,Serviços,Baixa,pouco provável
c25bbde3-6788-468a-bd75-34400b7ed704,Fechamento,Fechamento,2025-09-25,6,47,7,33894,Serviços,Baixa,provável
072a55a7-38ec-4d33-a45d-ae831cf982ec,Fechamento,Fechamento,2025-09-29,7,51,4,33894,Serviços,Baixa,pouco provável
dd920498-fe76-4a93-ab56-7e1e7b980d0b,Análise de Perfil,Conversa com o Cliente,2025-10-17,1,7,7,45239,Educação,Baixa,pouco provável
a8ea8312-d391-464e-9b25-2208359c00d4,Conversa com o Cliente,Conversa com o Cliente,2025-10-23,2,13,6,45239,Educação,Baixa,pouco provável
49146c98-8e4e-4afa-90a3-971f628c7ca4,Análise de Perfil,Conversa com o Cliente,2025-10-26,1,6,6,7602,Comércio,Alta,provável
b17c5bfb-3245-4b72-98f8-0308b702bdd0,Conversa com o Cliente,Negociação,2025-11-01,2,12,6,7602,Comércio,Alta,muito provável
0d429944-af0e-4ed3-acda-dfbc68c33ab9,Negociação,Fechamento,2025-11-03,3,14,2,7602,Comércio,Alta,muito provável
5046c23d-dfa4-48e9-8693-ea22959b76d7,Análise de Perfil,Conversa com o Cliente,2025-03-13,1,14,14,16511,Saúde,Baixa,pouco provável
abcd5c43-6ade-4ca5-8624-9248d3229df8,Conversa com o Cliente,Negociação,2025-03-23,2,24,10,16511,Saúde,Baixa,provável
93d95bb2-4c31-40d1-bd7d-2a722186c1bf,Negociação,Fechamento,2025-04-01,3,33,9,16511,Saúde,Baixa,pouco provável
dc44a992-683f-41a9-81e4-e98e5ecff537,Fechamento,Fechamento,2025-04-02,4,34,1,16511,Saúde,Baixa,pouco provável
eed37a44-bc40-444b-ac99-67b274dea014,Análise de Perfil,Conversa com o Cliente,2025-07-25,1,10,10,19199,Serviços,Média,provável
e43941c6-0624-4932-b586-f02dfc673719,Conversa com o Cliente,Conversa com o Cliente,2025-07-28,2,13,3,19199,Serviços,Média,pouco provável
3f27dd69-3505-42f6-b589-31baee4a08b2,Conversa com o Cliente,Negociação,2025-07-31,3,16,3,19199,Serviços,Média,provável
98a313bf-dfe7-46c0-8415-5086882dd58f,Análise de Perfil,Conversa com o Cliente,2025-11-15,1,4,4,45111,Saúde,Média,provável
0d78379c-2429-4105-a9f8-27376b105dbe,Conversa com o Cliente,Negociação,2025-11-27,2,16,12,45111,Saúde,Média,provável
04b6c79c-a4b1-4f3b-98b1-c7fcf244f119,Análise de Perfil,Conversa com o Cliente,2025-12-07,1,11,11,33571,Indústria,Baixa,pouco provável
a85f55b8-8beb-4284-a61d-70b5206d1e66,Conversa com o Cliente,Negociação,2025-12-21,2,25,14,33571,Indústria,Baixa,pouco provável
de7e5abc-d40f-4834-9153-0591f72eaac5,Negociação,Fechamento,2025-12-24,3,28,3,33571,Indústria,Baixa,pouco provável
720e26a7-ad9c-475d-b66a-cb96996d071b,Fechamento,Fechamento,2025-12-30,4,34,6,33571,Indústria,Baixa,pouco provável
0724effa-182b-48e0-888c-43ac8ba3e51f,Fechamento,Fechamento,2026-01-03,5,38,4,33571,Indústria,Baixa,pouco provável
51cd3096-82af-4b80-8aff-889054d01423,Análise de Perfil,Conversa com o Cliente,2025-01-17,1,14,14,20490,Indústria,Média,provável
24ef4a24-f86d-4925-8367-b510f743e54b,Conversa com o Cliente,Negociação,2025-02-01,2,29,15,20490,Indústria,Média,provável
c4af9532-cada-4527-853a-41a95f81f6c7,Negociação,Fechamento,2025-02-08,3,36,7,20490,Indústria,Média,provável
d72958e1-1225-4815-8b66-13b984cabd9e,Fechamento,Fechamento,2025-02-13,4,41,5,20490,Indústria,Média,muito provável
4a2a043f-3135-4def-a78a-92ff92d7ac3e,Análise de Perfil,Conversa com o Cliente,2025-07-04,1,3,3,34439,Educação,Baixa,pouco provável
0a262502-c0cc-4689-b65a-2cf7bd84e98b,Conversa com o Cliente,Negociação,2025-07-06,2,5,2,34439,Educação,Baixa,pouco provável
9bb23bd4-6546-4549-8e57-d07c8f993e71,Análise de Perfil,Conversa com o Cliente,2025-05-13,1,10,10,42286,Saúde,Média,pouco provável
a5fc8c4c-da45-46c7-b6b5-f87d503c873d,Conversa com o Cliente,Conversa com o Cliente,2025-05-22,2,19,9,42286,Saúde,Média,provável
d9623e5c-e4a9-4186-b36c-85103081e76c,Conversa com o Cliente,Negociação,2025-06-02,3,30,11,42286,Saúde,Média,provável
57f4b9ad-9196-40b3-88f0-6020a860e22e,Negociação,Fechamento,2025-06-14,4,42,12,42286,Saúde,Média,provável
9bd128f1-27f1-4614-bde8-ddba45295223,Fechamento,Fechamento,2025-06-24,5,52,10,42286,Saúde,Média,provável
c6384382-7c5f-47e2-9bde-95003dd814cd,Análise de Perfil,Conversa com o Cliente,2025-10-31,1,7,7,8966,Indústria,Média,provável
5b3767f4-9ba0-4812-bf5b-c564b18bb3de,Conversa com o Cliente,Negociação,2025-11-05,2,12,5,8966,Indústria,Média,provável
a6b07f75-2b2e-4d3b-b399-0e007428c86a,Negociação,Fechamento,2025-11-12,3,19,7,8966,Indústria,Média,muito provável
1838c89c-9d39-4eb8-a6bc-78833f389629,Análise de Perfil,Análise de Perfil,2025-08-10,1,13,13,26208,Comércio,Média,provável
6615dc07-708a-4260-8cdc-c1842e09d4c5,Análise de Perfil,Conversa com o Cliente,2025-08-18,2,21,8,26208,Comércio,Média,pouco provável
d8b48499-44b8-4273-b739-96c1c857bb90,Conversa com o Cliente,Negociação,2025-08-28,3,31,10,26208,Comércio,Média,provável
46f3e71d-b13d-4a3a-b885-0bdd61ed595a,Negociação,Negociação,2025-09-12,4,46,15,26208,Comércio,Média,provável
dbfd8732-d64b-45c4-9bfc-841f4500b8bb,Negociação,Fechamento,2025-09-14,5,48,2,26208,Comércio,Média,provável
7952d62c-bf46-4aa6-a5ca-8c37839f431d,Análise de Perfil,Conversa com o Cliente,2025-11-03,1,8,8,11750,Indústria,Alta,muito provável
e24fe2d2-48d5-4203-b9dc-6bd5990d87b5,Conversa com o Cliente,Negociação,2025-11-14,2,19,11,11750,Indústria,Alta,provável
168dc636-8c1d-4e44-9258-9a8abd42de13,Negociação,Negociação,2025-11-26,3,31,12,11750,Indústria,Alta,muito provável
69d1f117-a802-47aa-86f4-20b8c5d6f9c1,Negociação,Fechamento,2025-11-27,4,32,1,11750,Indústria,Alta,muito provável
92dc8967-651e-48ac-bc1b-3fd954c176a3,Análise de Perfil,Conversa com o Cliente,2025-11-14,1,9,9,12730,Saúde,Média,provável
9ee59de6-7d6e-4bc4-a812-7473739e8415,Conversa com o Cliente,Conversa com o Cliente,2025-11-17,2,12,3,12730,Saúde,Média,provável
81ab8bab-9f25-49bc-9b22-058d9bf75039,Conversa com o Cliente,Conversa com o Cliente,2025-11-23,3,18,6,12730,Saúde,Média,provável
1994fa95-2729-4e69-bcbd-1d451de26fb8,Análise de Perfil,Conversa com o Cliente,2025-07-14,1,5,5,10301,Educação,Média,provável
ffed4168-9330-4217-b262-267862e718f5,Conversa com o Cliente,Negociação,2025-07-19,2,10,5,10301,Educação,Média,provável
8e2dbda6-27a6-4bcb-86a1-5d515a312bff,Negociação,Fechamento,2025-07-31,3,22,12,10301,Educação,Média,provável
82c94bea-ce3a-4850-8554-be31bda39d23,Fechamento,Fechamento,2025-08-14,4,36,14,10301,Educação,Média,provável
e7168c33-7105-43a7-ba67-a65fab4e7b1b,Fechamento,Fechamento,2025-08-19,5,41,5,10301,Educação,Média,provável
f5555566-cf98-4001-a716-df6121aa9122,Fechamento,Fechamento,2025-08-29,6,51,10,10301,Educação,Média,muito provável
b5dde845-8d6f-4c0a-898f-b25dadf63846,Análise de Perfil,Conversa com o Cliente,2025-03-24,1,15,15,46337,Indústria,Média,pouco provável
da04da10-92cc-4546-9f3c-9192c7d1df62,Conversa com o Cliente,Conversa com o Cliente,2025-04-03,2,25,10,46337,Indústria,Média,pouco provável
96923ca4-29d4-4386-99ee-0afecb5096ff,Conversa com o Cliente,Negociação,2025-04-05,3,27,2,46337,Indústria,Média,provável
fd466646-bbbe-4a7c-9800-f7c62d0d4c5f,Negociação,Fechamento,2025-04-14,4,36,9,46337,Indústria,Média,provável
f894ec71-3f69-4ba6-abd2-20a0e7a2c353,Análise de Perfil,Conversa com o Cliente,2025-10-22,1,6,6,21551,Educação,Alta,provável
c1feb682-976b-4b82-880d-59d6d355865d,Conversa com o Cliente,Conversa com o Cliente,2025-11-04,2,19,13,21551,Educação,Alta,provável
8e1da681-f672-4fc6-b82d-313db8a7b30e,Conversa com o Cliente,Negociação,2025-11-12,3,27,8,21551,Educação,Alta,provável
578f79fb-a20e-4b9c-ac6c-322aa93c1be4,Análise de Perfil,Análise de Perfil,2025-01-18,1,5,5,40388,Serviços,Alta,provável
4c800c0f-e6af-46b0-89ca-a86184634e2b,Análise de Perfil,Conversa com o Cliente,2025-01-27,2,14,9,40388,Serviços,Alta,provável
f9d9696f-49b1-4c59-90fd-8dd5c3c3324b,Conversa com o Cliente,Negociação,2025-01-31,3,18,4,40388,Serviços,Alta,muito provável
0908c0e4-f4d9-495f-8e17-b39dd676419b,Negociação,Fechamento,2025-02-12,4,30,12,40388,Serviços,Alta,muito provável
77924e5c-57d8-4b43-9c34-b77aebf198a9,Análise de Perfil,Conversa com o Cliente,2025-02-09,1,7,7,20424,Educação,Média,provável
fc89bdd3-2e82-4658-92ea-face59c2807a,Conversa com o Cliente,Negociação,2025-02-23,2,21,14,20424,Educação,Média,provável
c42fe4d8-9057-4857-8df1-3581931ca74d,Negociação,Fechamento,2025-03-09,3,35,14,20424,Educação,Média,muito provável
be6fea6a-b4be-45f9-a9f8-fe8fc33981e3,Análise de Perfil,Conversa com o Cliente,2025-01-24,1,10,10,35433,Comércio,Alta,muito provável
7e10e597-819d-43a3-9544-d7300db26c5e,Conversa com o Cliente,Negociação,2025-01-25,2,11,1,35433,Comércio,Alta,provável
b5272b37-4416-4d66-94e8-eae55411cdcf,Negociação,Negociação,2025-02-09,3,26,15,35433,Comércio,Alta,muito provável
2c21c525-6e77-49c8-90a8-9ae571ca75d8,Análise de Perfil,Conversa com o Cliente,2025-06-02,1,8,8,18910,Serviços,Média,pouco provável
9de27b29-f6aa-4d09-b61e-fef26daffcb0,Conversa com o Cliente,Negociação,2025-06-07,2,13,5,18910,Serviços,Média,provável
11b806d5-ffef-41a8-af2a-1e41f6003630,Negociação,Fechamento,2025-06-09,3,15,2,18910,Serviços,Média,muito provável
65ae82ea-cb72-426f-a7c4-73bf7802a0f2,Análise de Perfil,Conversa com o Cliente,2025-03-22,1,5,5,49058,Educação,Baixa,pouco provável
08fe97bb-3a7c-4505-8d70-2b00ebeb48b6,Conversa com o Cliente,Conversa com o Cliente,2025-03-29,2,12,7,49058,Educação,Baixa,pouco provável
3ab6348a-aaaa-4d8f-b73a-bcc639319412,Conversa com o Cliente,Negociação,2025-04-02,3,16,4,49058,Educação,Baixa,pouco provável
c2e95f08-a661-4b5f-b939-ed16186f0323,Negociação,Fechamento,2025-04-05,4,19,3,49058,Educação,Baixa,pouco provável
cc94bbac-d1db-446c-ac6c-9879a732ed22,Fechamento,Fechamento,2025-04-18,5,32,13,49058,Educação,Baixa,pouco provável
dde89a58-532a-4919-af05-0a44653bcd81,Fechamento,Fechamento,2025-05-02,6,46,14,49058,Educação,Baixa,pouco provável
b9987e9f-46a3-46f1-a05e-036c9045dc05,Análise de Perfil,Análise de Perfil,2025-03-26,1,1,1,31852,Tecnologia,Média,provável
c7937244-67b3-4fd8-af6f-788e764280a2,Análise de Perfil,Conversa com o Cliente,2025-04-10,2,16,15,31852,Tecnologia,Média,pouco provável
a8239a35-7f3d-4c1f-a8fa-140bd91ba70d,Conversa com o Cliente,Negociação,2025-04-15,3,21,5,31852,Tecnologia,Média,provável
809c94c5-175b-4c68-a1e6-8d1d43005fb9,Análise de Perfil,Análise de Perfil,2025-04-23,1,9,9,48136,Indústria,Média,pouco provável
51d363c8-348b-4add-baa2-cba08ff9bba6,Análise de Perfil,Conversa com o Cliente,2025-04-28,2,14,5,48136,Indústria,Média,pouco provável
def7ccb6-5424-4b6e-b205-702a2a8e8b30,Conversa com o Cliente,Conversa com o Cliente,2025-05-09,3,25,11,48136,Indústria,Média,pouco provável
5ab371c7-1759-4c63-b79a-bd4b484b9b02,Conversa com o Cliente,Negociação,2025-05-11,4,27,2,48136,Indústria,Média,provável
c3578ff7-4ffa-4bde-b343-ea4b5fc13f0b,Negociação,Fechamento,2025-05-17,5,33,6,48136,Indústria,Média,provável
e59194f5-2aa7-42ae-b995-1137ffccbf03,Fechamento,Fechamento,2025-05-28,6,44,11,48136,Indústria,Média,muito provável
b66b118a-aac0-4e33-aa08-055071b57154,Análise de Perfil,Conversa com o Cliente,2025-04-12,1,15,15,17589,Comércio,Média,pouco provável
ae7121cc-5526-4f53-9822-5d0bb4d1e53f,Conversa com o Cliente,Negociação,2025-04-24,2,27,12,17589,Comércio,Média,provável
5b8d9abc-554e-4710-9e25-816aa28b88d4,Negociação,Fechamento,2025-05-09,3,42,15,17589,Comércio,Média,provável
286eeb0b-b08e-4a9f-835b-287fb29ab504,Fechamento,Fechamento,2025-05-19,4,52,10,17589,Comércio,Média,muito provável
6eb89a1a-db28-43ab-8a8e-cd9ea7fd15f7,Análise de Perfil,Conversa com o Cliente,2025-04-15,1,12,12,28993,Indústria,Alta,provável
bcfc9a2c-f670-472e-96c2-17d05cc212f5,Conversa com o Cliente,Negociação,2025-04-25,2,22,10,28993,Indústria,Alta,provável
a03d518e-49c5-4d51-9f48-6ced00223c77,Negociação,Fechamento,2025-05-08,3,35,13,28993,Indústria,Alta,muito provável
6f1ea19b-5f6f-4c1c-8549-848cd59acfcc,Análise de Perfil,Conversa com o Cliente,2025-04-20,1,2,2,13545,Saúde,Média,pouco provável
774cb4c1-d436-4326-9450-ac2bab11c355,Conversa com o Cliente,Conversa com o Cliente,2025-04-23,2,5,3,13545,Saúde,Média,provável
3b0a0a4d-6702-409c-a721-f0bff7a9fdf3,Conversa com o Cliente,Negociação,2025-04-25,3,7,2,13545,Saúde,Média,provável
29750227-04c2-4bfb-9e6e-493b2e2b410a,Análise de Perfil,Análise de Perfil,2025-07-29,1,3,3,15136,Serviços,Média,pouco provável
5e5fb80c-bba3-4dd2-9705-3ab57215531d,Análise de Perfil,Análise de Perfil,2025-08-03,2,8,5,15136,Serviços,Média,pouco provável
774adb36-f3c7-4af7-a2f6-b39ec6bd93dc,Análise de Perfil,Conversa com o Cliente,2025-08-14,3,19,11,15136,Serviços,Média,pouco provável
513dbec2-2b25-4177-8930-1cc6086610f9,Conversa com o Cliente,Negociação,2025-08-20,4,25,6,15136,Serviços,Média,provável
e4f0bf24-daea-4d74-80d9-1c3f25088a59,Negociação,Fechamento,2025-09-02,5,38,13,15136,Serviços,Média,muito provável
3b10e00d-05dd-420f-a08d-1947da909eec,Análise de Perfil,Conversa com o Cliente,2025-06-29,1,3,3,33167,Indústria,Alta,provável
a5cca2c8-086e-4952-931c-d5bdc6381d61,Conversa com o Cliente,Conversa com o Cliente,2025-07-06,2,10,7,33167,Indústria,Alta,provável
590a793d-2298-492a-81fb-72e98dfa7a9b,Análise de Perfil,Conversa com o Cliente,2025-06-01,1,4,4,33008,Educação,Média,pouco provável
13458119-0a72-4e44-8b2c-ac1dadfc459e,Conversa com o Cliente,Conversa com o Cliente,2025-06-10,2,13,9,33008,Educação,Média,provável
269fad97-afd2-4ccb-ba63-e22608e246f0,Conversa com o Cliente,Negociação,2025-06-13,3,16,3,33008,Educação,Média,provável
2b98be78-ef6f-4374-b148-79ad727142b0,Negociação,Fechamento,2025-06-23,4,26,10,33008,Educação,Média,provável
3503c688-01a1-491c-be16-2b07afdc2ed9,Fechamento,Fechamento,2025-06-30,5,33,7,33008,Educação,Média,provável
dc7d8627-2395-4051-a7ce-85ac712fdeb4,Fechamento,Fechamento,2025-07-10,6,43,10,33008,Educação,Média,provável
2cdf35ff-178c-42f5-9e7f-eee6822acf98,Fechamento,Fechamento,2025-07-21,7,54,11,33008,Educação,Média,muito provável
08decafc-8821-49d2-b64f-2735368664d7,Análise de Perfil,Análise de Perfil,2025-05-28,1,15,15,44376,Educação,Média,pouco provável
8dd3a433-0333-45b0-a65f-28500640f0ad,Análise de Perfil,Conversa com o Cliente,2025-06-07,2,25,10,44376,Educação,Média,provável
f919744d-f16c-4e8e-8580-9f6020a8e526,Conversa com o Cliente,Negociação,2025-06-08,3,26,1,44376,Educação,Média,provável
12e29afb-3309-4baf-a09d-3129ad489c63,Negociação,Fechamento,2025-06-16,4,34,8,44376,Educação,Média,provável
95e1eaf0-2e8c-494e-b754-bdf245e1a002,Fechamento,Fechamento,2025-06-29,5,47,13,44376,Educação,Média,provável
970d3110-879e-4cf6-bc64-61843ac19360,Fechamento,Fechamento,2025-07-07,6,55,8,44376,Educação,Média,muito provável
5de3fc73-7579-4aa6-8c11-2400faa8e3b4,Análise de Perfil,Conversa com o Cliente,2025-03-03,1,11,11,40041,Serviços,Baixa,pouco provável
33a54048-04dd-4b2d-97d6-a38c36fda02e,Conversa com o Cliente,Negociação,2025-03-18,2,26,15,40041,Serviços,Baixa,provável
c57ce765-561c-4e7e-9b27-5a9735c2b40a,Negociação,Fechamento,2025-03-27,3,35,9,40041,Serviços,Baixa,pouco provável
c35be346-0741-48f4-a5db-ba616c921c19,Fechamento,Fechamento,2025-04-11,4,50,15,40041,Serviços,Baixa,pouco provável
727816e5-2939-4934-a4d6-665540611cdb,Fechamento,Fechamento,2025-04-18,5,57,7,40041,Serviços,Baixa,provável
bdd702e3-c100-4703-8b90-bce191b654d7,Fechamento,Fechamento,2025-05-02,6,71,14,40041,Serviços,Baixa,pouco provável
8c957464-4d91-4691-b729-69e899c4f254,Fechamento,Fechamento,2025-05-06,7,75,4,40041,Serviços,Baixa,provável
ca292b0c-ae59-4df5-aa2a-51e76c043fbb,Fechamento,Fechamento,2025-05-10,8,79,4,40041,Serviços,Baixa,pouco provável
589a39cf-7a02-4699-bf9c-cac8ddcc558b,Análise de Perfil,Conversa com o Cliente,2025-02-16,1,10,10,8821,Serviços,Alta,muito provável
b3a6668e-f6bc-4afc-b7cf-1afb3df8049a,Conversa com o Cliente,Negociação,2025-02-22,2,16,6,8821,Serviços,Alta,provável
df57859f-24df-4d39-9acc-ad186b72dbc5,Análise de Perfil,Análise de Perfil,2025-10-11,1,14,14,9090,Educação,Média,pouco provável
df5c809f-870b-4247-b715-22110b78c0dd,Análise de Perfil,Conversa com o Cliente,2025-10-17,2,20,6,9090,Educação,Média,pouco provável
d6b0710b-3e87-49f0-b291-9a82e1119e24,Conversa com o Cliente,Negociação,2025-10-18,3,21,1,9090,Educação,Média,provável
1458c705-b843-47e7-bc02-a382b2c1ae6a,Negociação,Fechamento,2025-10-23,4,26,5,9090,Educação,Média,provável
4b16a734-b262-4ca0-9340-db4ab39ef7be,Fechamento,Fechamento,2025-10-24,5,27,1,9090,Educação,Média,provável
ecf2098e-5835-47b8-b32d-ee4fc236d663,Fechamento,Fechamento,2025-10-30,6,33,6,9090,Educação,Média,muito provável
2591f064-4942-43b1-bc3c-d7d20ed0b3f4,Análise de Perfil,Conversa com o Cliente,2025-11-26,1,12,12,15313,Educação,Alta,provável
bf3f166f-5205-42d5-98bd-7baf34b734dd,Conversa com o Cliente,Negociação,2025-12-05,2,21,9,15313,Educação,Alta,muito provável
e48e9ecf-8698-47f6-9f5b-8eddc030f878,Análise de Perfil,Conversa com o Cliente,2025-09-28,1,14,14,47518,Serviços,Baixa,pouco provável
5e6f4c2c-7c7a-4d9d-8566-e8cd79947a08,Conversa com o Cliente,Negociação,2025-10-02,2,18,4,47518,Serviços,Baixa,pouco provável
fa086162-e2cb-46f6-9721-301026909670,Negociação,Fechamento,2025-10-16,3,32,14,47518,Serviços,Baixa,pouco provável
901f808c-3788-4323-873c-6edc87b04bd1,Fechamento,Fechamento,2025-10-20,4,36,4,47518,Serviços,Baixa,provável
e9fb3b8d-09bc-4aae-8d4c-e6eee82cf20c,Fechamento,Fechamento,2025-10-23,5,39,3,47518,Serviços,Baixa,pouco provável
c6416d52-cad1-49a4-9fa8-c37b5144ef9f,Fechamento,Fechamento,2025-10-31,6,47,8,47518,Serviços,Baixa,pouco provável
77fb5535-fd48-4838-8516-9cf4340cb266,Fechamento,Fechamento,2025-11-09,7,56,9,47518,Serviços,Baixa,pouco provável
a559bc72-346f-4eb4-a99b-42d30f02bfc9,Fechamento,Fechamento,2025-11-18,8,65,9,47518,Serviços,Baixa,provável
8cde38ca-55de-40a6-a982-8b777dcb146e,Análise de Perfil,Conversa com o Cliente,2025-09-11,1,4,4,5192,Saúde,Média,pouco provável
e5c14b7c-d128-4f02-a5a7-9714d150333f,Conversa com o Cliente,Conversa com o Cliente,2025-09-18,2,11,7,5192,Saúde,Média,provável
d0bc1760-b2e2-4a80-a900-d1dc1e4fa637,Conversa com o Cliente,Negociação,2025-09-23,3,16,5,5192,Saúde,Média,provável
aa270ece-2fa6-4e4e-8351-16ecee303f3c,Negociação,Fechamento,2025-10-02,4,25,9,5192,Saúde,Média,muito provável
0e233332-f100-41c9-b3eb-cd2368742897,Análise de Perfil,Conversa com o Cliente,2025-09-16,1,4,4,39827,Comércio,Baixa,pouco provável
b7e410d4-2ff3-4ce5-90c9-3708a3e35cfe,Conversa com o Cliente,Negociação,2025-09-20,2,8,4,39827,Comércio,Baixa,pouco provável
11f81c03-f9ac-481e-a9a3-205fa1562c9f,Negociação,Fechamento,2025-09-25,3,13,5,39827,Comércio,Baixa,pouco provável
04919c10-a041-41ce-8b5d-876a5a27abcb,Fechamento,Fechamento,2025-10-10,4,28,15,39827,Comércio,Baixa,pouco provável
1cb4b533-5229-4cd9-9688-7cc3bbbd455e,Análise de Perfil,Conversa com o Cliente,2025-11-18,1,4,4,49621,Saúde,Alta,provável
71b8eaed-a756-48b2-9dd7-416960cd97a6,Conversa com o Cliente,Negociação,2025-11-19,2,5,1,49621,Saúde,Alta,provável
39776696-e980-49a0-801d-4df2291b353e,Negociação,Fechamento,2025-12-04,3,20,15,49621,Saúde,Alta,muito provável
69bbd576-6730-47e2-9ee8-28b9519fafde,Análise de Perfil,Conversa com o Cliente,2025-11-12,1,3,3,25872,Indústria,Alta,provável
cb107799-eec8-49ee-8125-1a00ca5628a7,Conversa com o Cliente,Negociação,2025-11-23,2,14,11,25872,Indústria,Alta,muito provável
b6ac5673-a4f1-4fb8-b8d6-fec173e23408,Negociação,Fechamento,2025-11-26,3,17,3,25872,Indústria,Alta,muito provável
c4570a10-0cc9-43d9-abe6-985c0703500d,Análise de Perfil,Conversa com o Cliente,2025-08-21,1,1,1,37256,Tecnologia,Média,pouco provável
750d1347-f2c4-4d32-b9c4-b033771ea4ba,Conversa com o Cliente,Negociação,2025-09-03,2,14,13,37256,Tecnologia,Média,provável
9701e9df-9527-40d6-99e1-1979faa44063,Negociação,Negociação,2025-09-12,3,23,9,37256,Tecnologia,Média,provável
81b4c34c-ffb1-44ca-8ba3-888d15bee591,Análise de Perfil,Conversa com o Cliente,2025-10-24,1,4,4,16600,Indústria,Alta,provável
6364153e-7c00-4d00-b1ba-4616795363a5,Conversa com o Cliente,Negociação,2025-11-02,2,13,9,16600,Indústria,Alta,muito provável
9beda879-d56d-466a-95e0-dc07a64f0c6c,Negociação,Negociação,2025-11-17,3,28,15,16600,Indústria,Alta,muito provável
e94ec4e2-05d4-48ef-a154-778829b48c32,Análise de Perfil,Conversa com o Cliente,2025-11-15,1,14,14,5753,Educação,Alta,provável
ffc7b9d4-5ad0-44c1-a653-4cb71e5dbbd6,Conversa com o Cliente,Conversa com o Cliente,2025-11-24,2,23,9,5753,Educação,Alta,muito provável
2b71402c-c8ed-43be-b9a8-02346be8df88,Análise de Perfil,Análise de Perfil,2025-04-11,1,5,5,21792,Educação,Baixa,pouco provável
6ba4c071-96fa-44f7-a8cc-acf2f75f31e1,Análise de Perfil,Análise de Perfil,2025-04-15,2,9,4,21792,Educação,Baixa,pouco provável
097a8fed-0a5e-40e7-9a04-5268634d79f3,Análise de Perfil,Análise de Perfil,2025-04-22,3,16,7,21792,Educação,Baixa,pouco provável
12bf15cc-246c-4b59-9089-71cc302dba5d,Análise de Perfil,Conversa com o Cliente,2025-05-01,4,25,9,21792,Educação,Baixa,pouco provável
be28cc29-6297-4d5b-bca2-dfa3c86d14a3,Conversa com o Cliente,Negociação,2025-05-08,5,32,7,21792,Educação,Baixa,pouco provável
c2142a50-b921-484e-831f-0bda7171d7ec,Negociação,Fechamento,2025-05-11,6,35,3,21792,Educação,Baixa,pouco provável
327a57ee-f7c1-4373-9a4b-26afc728f14b,Fechamento,Fechamento,2025-05-15,7,39,4,21792,Educação,Baixa,pouco provável
50a8c9eb-2270-4bb4-81e8-12e635ad27e4,Fechamento,Fechamento,2025-05-22,8,46,7,21792,Educação,Baixa,pouco provável
53d4a33b-5e23-4054-8d0b-81c27930d79e,Análise de Perfil,Conversa com o Cliente,2025-07-23,1,1,1,29281,Serviços,Alta,muito provável
85aab1f7-1c66-46ff-986b-638a459c070c,Conversa com o Cliente,Conversa com o Cliente,2025-07-31,2,9,8,29281,Serviços,Alta,provável
9aa4d5fc-bafd-4ad5-93cd-ccd93cf03555,Conversa com o Cliente,Negociação,2025-08-05,3,14,5,29281,Serviços,Alta,muito provável
d96f4348-0792-4d33-9b92-914c538324ed,Negociação,Negociação,2025-08-19,4,28,14,29281,Serviços,Alta,muito provável
4aa0a5ba-dbdb-4b79-a9e5-1048a2cb868e,Negociação,Fechamento,2025-08-21,5,30,2,29281,Serviços,Alta,muito provável
eeae92c7-67a6-418e-b071-39f7ab4baaeb,Análise de Perfil,Conversa com o Cliente,2025-08-07,1,2,2,20583,Tecnologia,Baixa,pouco provável
0667e6c0-5b6f-47df-85d6-cb6d6d9859bd,Conversa com o Cliente,Negociação,2025-08-18,2,13,11,20583,Tecnologia,Baixa,pouco provável
f5f764da-6727-412b-9c81-5c2cd7837056,Análise de Perfil,Conversa com o Cliente,2025-11-08,1,6,6,45849,Indústria,Alta,provável
873bdf53-3def-4cd4-a54f-5b791995b18b,Conversa com o Cliente,Negociação,2025-11-22,2,20,14,45849,Indústria,Alta,muito provável
74bcc844-4d8a-4f54-9611-9159c01d1729,Negociação,Fechamento,2025-12-04,3,32,12,45849,Indústria,Alta,muito provável
30c23de4-8312-4364-87eb-559223893e0f,Análise de Perfil,Conversa com o Cliente,2025-05-18,1,5,5,13746,Educação,Alta,provável
29756adb-bbd0-4933-a4d7-bc6f18b1b6bc,Conversa com o Cliente,Negociação,2025-05-24,2,11,6,13746,Educação,Alta,provável
73d5ed69-e25e-4a05-9612-e3c44d682580,Negociação,Fechamento,2025-05-30,3,17,6,13746,Educação,Alta,muito provável
b0e24c5e-103e-44d4-8957-65652bad369c,Análise de Perfil,Conversa com o Cliente,2025-10-19,1,6,6,18601,Tecnologia,Alta,muito provável
2b306ac7-5447-48b6-888f-a17c06df5984,Conversa com o Cliente,Negociação,2025-11-03,2,21,15,18601,Tecnologia,Alta,muito provável
c3caa450-d528-47c9-8256-a8b0d6a55b2a,Negociação,Negociação,2025-11-12,3,30,9,18601,Tecnologia,Alta,provável
ec33d5ca-7d91-4adf-8d1a-c3e102dac5d4,Negociação,Fechamento,2025-11-13,4,31,1,18601,Tecnologia,Alta,muito provável
85009379-83ed-48f8-98d3-e15cc7477466,Análise de Perfil,Análise de Perfil,2025-02-08,1,3,3,23203,Tecnologia,Média,pouco provável
502aa42f-ab48-4d42-acd2-1a4095dc18ed,Análise de Perfil,Conversa com o Cliente,2025-02-09,2,4,1,23203,Tecnologia,Média,pouco provável
1a94dcaa-1462-4f65-a930-4a3bc113a090,Conversa com o Cliente,Negociação,2025-02-22,3,17,13,23203,Tecnologia,Média,provável
0bee2e61-57d8-4efe-8ba6-ce279aed9576,Negociação,Fechamento,2025-02-27,4,22,5,23203,Tecnologia,Média,muito provável
39c29c54-583b-4979-8bdc-c9d5659ceeac,Análise de Perfil,Conversa com o Cliente,2025-08-12,1,15,15,29151,Tecnologia,Alta,muito provável
9e812211-847e-46a3-9b8f-bd94664e37c8,Conversa com o Cliente,Negociação,2025-08-13,2,16,1,29151,Tecnologia,Alta,muito provável
8e3f1149-42df-433e-aa79-b50e95364d99,Negociação,Fechamento,2025-08-21,3,24,8,29151,Tecnologia,Alta,muito provável
834c084c-edb5-4827-bd4f-0a0b18b8cab5,Análise de Perfil,Conversa com o Cliente,2025-07-23,1,12,12,32044,Comércio,Média,provável
bc0d7f9c-c0f5-4e36-8868-bba744a8e788,Conversa com o Cliente,Negociação,2025-08-06,2,26,14,32044,Comércio,Média,provável
7f03fb7e-b427-422f-91d1-b786774aa91f,Negociação,Fechamento,2025-08-10,3,30,4,32044,Comércio,Média,muito provável
7e38d24c-0e7c-4d0d-b21c-7a0227557d07,Análise de Perfil,Análise de Perfil,2025-02-06,1,1,1,33087,Comércio,Alta,provável
837a2913-74b3-4196-8b20-2c97e1b3b2a2,Análise de Perfil,Análise de Perfil,2025-02-13,2,8,7,33087,Comércio,Alta,provável
dda61cd2-99fa-4c09-b307-8d894b2c0b7a,Análise de Perfil,Conversa com o Cliente,2025-02-20,3,15,7,33087,Comércio,Alta,muito provável
2eb7d640-0011-4c6d-8a47-8448973eebbd,Análise de Perfil,Conversa com o Cliente,2025-10-04,1,3,3,36965,Indústria,Média,pouco provável
3ae0a9c0-d9f1-4648-b40b-d1fabeb1f788,Conversa com o Cliente,Conversa com o Cliente,2025-10-19,2,18,15,36965,Indústria,Média,pouco provável
4b03afa2-1b0b-4c18-b694-71edaab5f497,Conversa com o Cliente,Negociação,2025-10-25,3,24,6,36965,Indústria,Média,provável
606b248d-800d-4d38-a5b5-d6fb84ac6a85,Negociação,Fechamento,2025-10-28,4,27,3,36965,Indústria,Média,provável
a9473fa3-b89d-4681-b630-0e4b412ba796,Fechamento,Fechamento,2025-11-02,5,32,5,36965,Indústria,Média,provável
d6ba9dc4-67a9-4996-924c-aea2f30fccb8,Fechamento,Fechamento,2025-11-16,6,46,14,36965,Indústria,Média,provável
235fef1f-6181-49f4-9983-11b5f7b89c62,Análise de Perfil,Análise de Perfil,2025-08-23,1,12,12,13935,Saúde,Alta,provável
44129557-807e-46fa-8313-d61e1ebf5f36,Análise de Perfil,Conversa com o Cliente,2025-09-03,2,23,11,13935,Saúde,Alta,provável
9b1421d4-0dd1-43a2-b415-7a4f613df595,Conversa com o Cliente,Conversa com o Cliente,2025-09-12,3,32,9,13935,Saúde,Alta,provável
a56bcdf0-0021-4e29-ba3c-2da72bfe3eac,Conversa com o Cliente,Negociação,2025-09-15,4,35,3,13935,Saúde,Alta,muito provável
f292f375-a68e-4abf-9826-b9d00aba96ff,Negociação,Negociação,2025-09-19,5,39,4,13935,Saúde,Alta,muito provável
929d675e-9c70-4d99-8419-29f18c306727,Negociação,Negociação,2025-09-20,6,40,1,13935,Saúde,Alta,muito provável
0a40d31e-74de-4629-9324-19828deafede,Negociação,Negociação,2025-10-02,7,52,12,13935,Saúde,Alta,muito provável
7cdb7079-bad0-47ac-99ce-1f28673b02c6,Negociação,Fechamento,2025-10-09,8,59,7,13935,Saúde,Alta,muito provável
19a72c0a-2202-4617-9022-f71d5c584d5d,Análise de Perfil,Conversa com o Cliente,2025-07-13,1,3,3,44136,Indústria,Média,provável
2e0ea05a-7c90-493b-8ec0-ae048569f19d,Conversa com o Cliente,Negociação,2025-07-27,2,17,14,44136,Indústria,Média,provável
d1c7fb6f-ca9a-48bc-9445-f97b81b99658,Negociação,Fechamento,2025-08-10,3,31,14,44136,Indústria,Média,provável
692a4faa-6f26-483e-acbf-485d3727efe0,Fechamento,Fechamento,2025-08-25,4,46,15,44136,Indústria,Média,provável
e8f5b621-8d14-4e21-8601-d3a4150385e2,Fechamento,Fechamento,2025-09-03,5,55,9,44136,Indústria,Média,provável
06540c2d-9c66-4abe-a510-3c3314842c9e,Análise de Perfil,Conversa com o Cliente,2025-04-22,1,5,5,49447,Comércio,Alta,provável
64cf1d52-dba6-483f-b9db-f84f27b562dc,Conversa com o Cliente,Negociação,2025-04-24,2,7,2,49447,Comércio,Alta,muito provável
a61523e6-3535-4222-9441-c192fda9d631,Negociação,Fechamento,2025-04-26,3,9,2,49447,Comércio,Alta,muito provável
8f43e52a-942a-40e2-b66e-dc14cc4487a8,Análise de Perfil,Conversa com o Cliente,2025-12-03,1,13,13,11998,Indústria,Média,provável
a2f0cc30-6017-437f-930d-e6443a14aaa2,Conversa com o Cliente,Conversa com o Cliente,2025-12-07,2,17,4,11998,Indústria,Média,pouco provável
c7597a22-df8e-49da-bc46-de605d33bd71,Conversa com o Cliente,Negociação,2025-12-10,3,20,3,11998,Indústria,Média,provável
03b3c869-efbd-4e88-af48-3153b67f897c,Negociação,Fechamento,2025-12-21,4,31,11,11998,Indústria,Média,provável
fda20f6c-9050-480c-bcea-1da5bf0e94eb,Fechamento,Fechamento,2026-01-01,5,42,11,11998,Indústria,Média,muito provável
ebf6f163-fb86-40e6-a5bb-483df16c70c5,Análise de Perfil,Conversa com o Cliente,2025-02-17,1,3,3,17740,Educação,Média,pouco provável
dfd6ab0c-0e2b-486d-a545-f9ad46a3e2f9,Conversa com o Cliente,Negociação,2025-02-25,2,11,8,17740,Educação,Média,provável
8ea428c8-df1f-4528-8e56-3d83f548a836,Negociação,Negociação,2025-03-02,3,16,5,17740,Educação,Média,provável
08a89ecc-a73e-4b10-8f78-15934240ec11,Negociação,Negociação,2025-03-04,4,18,2,17740,Educação,Média,provável
616843e8-6eed-4054-b6e0-1adeb482fbcc,Negociação,Fechamento,2025-03-13,5,27,9,17740,Educação,Média,muito provável
ad29f487-1b75-4920-b07b-adeb867c6bf7,Análise de Perfil,Conversa com o Cliente,2025-01-21,1,10,10,45587,Indústria,Média,provável
63dd4006-ea9e-43b2-a253-bd5e37afeb87,Conversa com o Cliente,Negociação,2025-02-04,2,24,14,45587,Indústria,Média,provável
eeb0057d-b668-44b1-8161-d3b646422899,Negociação,Negociação,2025-02-16,3,36,12,45587,Indústria,Média,provável
b9202e4c-3e3a-479d-a2a2-2ccb826f2d53,Análise de Perfil,Conversa com o Cliente,2025-10-15,1,4,4,22488,Educação,Alta,provável
0e972b6a-fce8-468e-b85d-9e91fb5a1932,Conversa com o Cliente,Negociação,2025-10-30,2,19,15,22488,Educação,Alta,muito provável
c46231ea-6e12-4a90-b566-ef76fbf58282,Negociação,Fechamento,2025-11-13,3,33,14,22488,Educação,Alta,muito provável
6732b663-9082-434a-93d2-e4a4c1ff99aa,Análise de Perfil,Conversa com o Cliente,2025-11-23,1,2,2,42184,Serviços,Média,provável
12077d59-bd8b-499a-8a24-323556dc4279,Conversa com o Cliente,Negociação,2025-11-26,2,5,3,42184,Serviços,Média,provável
24397189-750f-4e0b-a9f1-e072b79d41c9,Negociação,Fechamento,2025-12-04,3,13,8,42184,Serviços,Média,provável
92fc6441-d43a-4d46-ae41-b73afe6e20ec,Fechamento,Fechamento,2025-12-06,4,15,2,42184,Serviços,Média,muito provável
6a6fcb83-9647-4fe3-a8a6-e95ea10db224,Análise de Perfil,Conversa com o Cliente,2025-01-18,1,14,14,45035,Comércio,Alta,provável
2ecafd56-4135-48a5-ad9e-370f9061b070,Conversa com o Cliente,Negociação,2025-01-24,2,20,6,45035,Comércio,Alta,muito provável
883c3e67-2460-4f38-93dd-dae0212d29c7,Negociação,Negociação,2025-01-29,3,25,5,45035,Comércio,Alta,provável
1dd22dbf-64d2-4a8e-bc80-6c3a3eeea965,Negociação,Fechamento,2025-02-08,4,35,10,45035,Comércio,Alta,muito provável
200a4655-c9de-45bc-b191-c3b2507e5338,Análise de Perfil,Análise de Perfil,2025-02-05,1,3,3,25946,Tecnologia,Alta,provável
3f790976-403e-4da7-981d-3d4f3653835e,Análise de Perfil,Conversa com o Cliente,2025-02-16,2,14,11,25946,Tecnologia,Alta,provável
70e7c440-1277-47a2-a365-25295720ceb6,Análise de Perfil,Conversa com o Cliente,2025-07-01,1,12,12,25464,Serviços,Média,provável
31f69613-1cce-444b-a352-180b30ee2146,Conversa com o Cliente,Conversa com o Cliente,2025-07-16,2,27,15,25464,Serviços,Média,provável
a50c8b27-d3e8-41c1-8042-6d38af2ac5cb,Conversa com o Cliente,Negociação,2025-07-19,3,30,3,25464,Serviços,Média,provável
dd597144-fba3-4d02-b895-5fc8452fad6b,Negociação,Negociação,2025-07-26,4,37,7,25464,Serviços,Média,provável
8c4a1139-b9cb-416c-a17c-411066f508a4,Negociação,Fechamento,2025-07-30,5,41,4,25464,Serviços,Média,provável
c0436ed6-2b13-4421-80a9-993dec6de0f2,Fechamento,Fechamento,2025-08-07,6,49,8,25464,Serviços,Média,provável
9a467398-ebbd-4c09-bfee-48aab13deecd,Análise de Perfil,Conversa com o Cliente,2025-03-13,1,13,13,8467,Saúde,Média,pouco provável
80a06bea-4328-4a9a-b9c4-58fc4e93920f,Conversa com o Cliente,Conversa com o Cliente,2025-03-25,2,25,12,8467,Saúde,Média,pouco provável
5ca9044e-cce2-4f58-8e7b-c8262fff4e62,Conversa com o Cliente,Negociação,2025-03-29,3,29,4,8467,Saúde,Média,provável
09c19381-12e8-4063-a214-9cc9a9776345,Análise de Perfil,Conversa com o Cliente,2025-06-30,1,2,2,40860,Indústria,Média,provável
8254b261-7a6b-4d6e-8105-ebe7385ddccf,Conversa com o Cliente,Negociação,2025-07-15,2,17,15,40860,Indústria,Média,provável
e4b0b8a1-1111-4f34-b9f3-02a9cf2a01d5,Análise de Perfil,Conversa com o Cliente,2025-04-11,1,10,10,6851,Educação,Baixa,pouco provável
8cab24ad-5043-4b06-b33a-786664b2df6a,Conversa com o Cliente,Negociação,2025-04-21,2,20,10,6851,Educação,Baixa,pouco provável
9c48e16f-c92d-4d02-b6b8-67488e28e8a9,Análise de Perfil,Conversa com o Cliente,2025-10-23,1,2,2,29884,Indústria,Alta,provável
3cde6594-cc35-4769-b5cf-356a49861b01,Conversa com o Cliente,Negociação,2025-11-01,2,11,9,29884,Indústria,Alta,muito provável
8ca2f296-d839-4efa-b491-f44dd9abf49d,Negociação,Fechamento,2025-11-16,3,26,15,29884,Indústria,Alta,muito provável
3d406be0-a3ca-4b0b-83ee-5a1b1503a9b5,Análise de Perfil,Análise de Perfil,2025-08-17,1,2,2,40217,Serviços,Baixa,pouco provável
9b6ddb25-1dbf-441c-a023-c6eba0a2745b,Análise de Perfil,Conversa com o Cliente,2025-08-23,2,8,6,40217,Serviços,Baixa,pouco provável
50eb0384-7178-47dd-afd5-c679fdc21352,Análise de Perfil,Conversa com o Cliente,2025-07-14,1,1,1,8625,Serviços,Baixa,pouco provável
063fd88b-2f6f-4338-a9ab-bee1405dd76b,Conversa com o Cliente,Negociação,2025-07-17,2,4,3,8625,Serviços,Baixa,pouco provável
3b8bdf77-4ca1-428f-ba3e-662e7ba94ce0,Negociação,Fechamento,2025-07-19,3,6,2,8625,Serviços,Baixa,pouco provável
5caa2ae6-d2c2-4063-9941-2700a939f71e,Fechamento,Fechamento,2025-07-21,4,8,2,8625,Serviços,Baixa,provável
cfe22e37-b73b-415e-8bc8-58e81b82b31f,Fechamento,Fechamento,2025-07-25,5,12,4,8625,Serviços,Baixa,provável
3c3ec091-8458-43dd-b6f2-e263ec30d2ef,Fechamento,Fechamento,2025-08-08,6,26,14,8625,Serviços,Baixa,provável
86020586-e32c-440b-bc32-e5b913fe7935,Fechamento,Fechamento,2025-08-15,7,33,7,8625,Serviços,Baixa,provável
6ff412d1-b852-44ac-bf2c-e215689e0b13,Análise de Perfil,Conversa com o Cliente,2025-10-09,1,7,7,12698,Serviços,Média,pouco provável
891fb224-2d62-4674-a9ac-cda844bb7188,Conversa com o Cliente,Negociação,2025-10-24,2,22,15,12698,Serviços,Média,provável
79a9c343-3964-4f75-922b-41ab3a2bdd31,Negociação,Fechamento,2025-11-08,3,37,15,12698,Serviços,Média,provável
b98d4b0a-20e3-42bf-9627-d84764aeda3d,Fechamento,Fechamento,2025-11-23,4,52,15,12698,Serviços,Média,muito provável
513e91dd-82b0-413c-9aa0-e04167572412,Análise de Perfil,Conversa com o Cliente,2025-12-05,1,9,9,6150,Comércio,Média,provável
e156ad02-ae3e-47bf-8c3d-08c035f125e6,Conversa com o Cliente,Conversa com o Cliente,2025-12-20,2,24,15,6150,Comércio,Média,provável
c0bbf855-5c71-4754-82d4-8147a5cf22f0,Conversa com o Cliente,Negociação,2025-12-26,3,30,6,6150,Comércio,Média,provável
62bff73a-ec13-4884-86ac-0ace51654c8d,Negociação,Fechamento,2026-01-05,4,40,10,6150,Comércio,Média,muito provável
ccc5ece2-6839-4a22-a649-209ffcab698f,Análise de Perfil,Conversa com o Cliente,2025-04-19,1,4,4,46701,Saúde,Média,provável
ed75de7f-930a-4d28-a5ba-0cb3f775b71a,Conversa com o Cliente,Negociação,2025-04-21,2,6,2,46701,Saúde,Média,provável
97280449-b887-4fc8-a2ee-4067e7f6f49b,Negociação,Fechamento,2025-05-04,3,19,13,46701,Saúde,Média,provável
e83139b4-e107-45f7-a843-87ad6894abb2,Análise de Perfil,Análise de Perfil,2025-03-07,1,10,10,31127,Serviços,Média,pouco provável
fe6c1a70-657a-4550-bc92-027bfe9835dc,Análise de Perfil,Análise de Perfil,2025-03-09,2,12,2,31127,Serviços,Média,provável
e3ca94a4-af2d-4b5a-9be5-b68010dda8ed,Análise de Perfil,Conversa com o Cliente,2025-03-24,3,27,15,31127,Serviços,Média,pouco provável
fea10381-9b10-4a28-a2e6-2a0eb8ac2946,Conversa com o Cliente,Negociação,2025-04-02,4,36,9,31127,Serviços,Média,provável
e6b6ce18-8f42-4174-9262-1ea1b594d2b8,Negociação,Negociação,2025-04-12,5,46,10,31127,Serviços,Média,provável
307b6a2a-1c7a-4938-a857-f5d518b729f9,Análise de Perfil,Conversa com o Cliente,2025-06-25,1,11,11,28630,Serviços,Baixa,pouco provável
cf979ecb-3631-41be-a476-5f540438443d,Conversa com o Cliente,Negociação,2025-07-05,2,21,10,28630,Serviços,Baixa,pouco provável
987b0e56-02a7-4ee0-8e43-edf1dc9db525,Negociação,Fechamento,2025-07-16,3,32,11,28630,Serviços,Baixa,pouco provável
de77d76b-e375-4957-ba63-e80d1118b982,Fechamento,Fechamento,2025-07-25,4,41,9,28630,Serviços,Baixa,pouco provável
f7367aeb-3ebc-43fb-ab04-e877eb9620ca,Análise de Perfil,Conversa com o Cliente,2025-07-12,1,8,8,6511,Saúde,Média,provável
f347fd9d-d194-468d-a7d2-d11ee7c7e64e,Conversa com o Cliente,Negociação,2025-07-14,2,10,2,6511,Saúde,Média,provável
05bd8168-ccdc-44c7-b237-5470f36a07ee,Negociação,Fechamento,2025-07-23,3,19,9,6511,Saúde,Média,provável
d2f875e2-73b2-4aca-a826-d2454a5c820c,Fechamento,Fechamento,2025-07-31,4,27,8,6511,Saúde,Média,muito provável
65e9561c-5e35-4445-a322-15a04ee8bb23,Análise de Perfil,Conversa com o Cliente,2025-07-09,1,15,15,34409,Educação,Média,provável
aaf66d75-ae33-4e6e-b205-6bfc077f058e,Conversa com o Cliente,Negociação,2025-07-17,2,23,8,34409,Educação,Média,provável
9921e600-bf44-4a15-8183-e884ad0bcc9d,Negociação,Fechamento,2025-07-28,3,34,11,34409,Educação,Média,provável
b7aebabf-b8ee-4f0f-b2e3-fcfa58c79aca,Fechamento,Fechamento,2025-07-30,4,36,2,34409,Educação,Média,provável
29c90022-64e1-4be0-9b11-14a6d2b0d065,Fechamento,Fechamento,2025-07-31,5,37,1,34409,Educação,Média,muito provável
4080b5a5-404a-4751-8473-5d6ee3ea774b,Análise de Perfil,Conversa com o Cliente,2025-11-22,1,10,10,28123,Tecnologia,Média,pouco provável
c5460889-12a8-471c-9fd1-4cbc5ce7598f,Conversa com o Cliente,Negociação,2025-11-27,2,15,5,28123,Tecnologia,Média,provável
81810243-d4e4-4748-a290-99fff1fe064e,Análise de Perfil,Conversa com o Cliente,2025-02-10,1,2,2,5038,Indústria,Alta,muito provável
9aa5f227-5114-45bd-a5df-60f9aefd49de,Conversa com o Cliente,Conversa com o Cliente,2025-02-14,2,6,4,5038,Indústria,Alta,provável
37c5249f-bdf4-4674-a664-df57fe048c53,Conversa com o Cliente,Negociação,2025-02-20,3,12,6,5038,Indústria,Alta,provável
5b6f5918-8448-43fc-9917-976376cc689b,Análise de Perfil,Conversa com o Cliente,2025-03-25,1,13,13,49286,Educação,Média,provável
69a211eb-3826-4bea-911b-b949776eef10,Conversa com o Cliente,Negociação,2025-03-31,2,19,6,49286,Educação,Média,provável
3f141b8c-76e9-4381-88c1-ca28f57c7b2d,Análise de Perfil,Análise de Perfil,2025-08-26,1,12,12,33826,Comércio,Média,pouco provável
2f30447e-75e6-4c08-b0f9-fd6c8c43eed7,Análise de Perfil,Conversa com o Cliente,2025-09-04,2,21,9,33826,Comércio,Média,provável
631b12fb-038d-4dce-85da-399ff8c682b0,Análise de Perfil,Conversa com o Cliente,2025-10-20,1,4,4,25362,Tecnologia,Baixa,pouco provável
f4493006-7b05-4702-9f92-4de374ea8039,Conversa com o Cliente,Conversa com o Cliente,2025-10-25,2,9,5,25362,Tecnologia,Baixa,pouco provável
5a96930b-6814-4564-b742-b43bb315730d,Conversa com o Cliente,Negociação,2025-11-04,3,19,10,25362,Tecnologia,Baixa,provável
1cba45a2-b5cb-4e44-bedd-d0b8f6db93e9,Negociação,Fechamento,2025-11-09,4,24,5,25362,Tecnologia,Baixa,pouco provável
3abb5d99-7f14-4a3c-9427-5d64a20f3779,Fechamento,Fechamento,2025-11-18,5,33,9,25362,Tecnologia,Baixa,pouco provável
f2f19c68-5121-4dc2-9bb9-01f9e2a8badc,Análise de Perfil,Conversa com o Cliente,2025-06-06,1,3,3,38823,Indústria,Média,provável
2a0caee7-b539-492e-b7a5-a15d0f9ec3c8,Conversa com o Cliente,Conversa com o Cliente,2025-06-10,2,7,4,38823,Indústria,Média,provável
b6f24352-601a-4350-b3c5-767c1251d507,Conversa com o Cliente,Negociação,2025-06-25,3,22,15,38823,Indústria,Média,provável
c26e6686-833b-4db8-afd9-6bfa3176e205,Negociação,Fechamento,2025-07-05,4,32,10,38823,Indústria,Média,muito provável
9f76500c-18e6-4d8b-a882-290baed48196,Análise de Perfil,Conversa com o Cliente,2025-08-09,1,13,13,9294,Tecnologia,Baixa,pouco provável
865c118a-f809-4ded-96aa-32e846965370,Conversa com o Cliente,Negociação,2025-08-18,2,22,9,9294,Tecnologia,Baixa,pouco provável
baaa3528-3e47-4ee2-bd7d-30596f5f3cd4,Negociação,Fechamento,2025-08-30,3,34,12,9294,Tecnologia,Baixa,pouco provável
db9f2751-1acd-4bc2-a579-9e89f42f7442,Fechamento,Fechamento,2025-09-07,4,42,8,9294,Tecnologia,Baixa,pouco provável
35f34ac6-b4a4-4532-a743-16567d193ece,Fechamento,Fechamento,2025-09-12,5,47,5,9294,Tecnologia,Baixa,provável
3823f742-0280-4bb5-b0e2-00caa7dab58c,Fechamento,Fechamento,2025-09-18,6,53,6,9294,Tecnologia,Baixa,provável
08d5b15d-b301-460e-8a7b-69f2df8f7864,Fechamento,Fechamento,2025-09-27,7,62,9,9294,Tecnologia,Baixa,provável
0cb5e407-9d38-46a4-b06b-00c9c2957602,Análise de Perfil,Conversa com o Cliente,2025-11-27,1,2,2,41826,Tecnologia,Alta,provável
80403d43-17a2-4bf9-ba5f-78255f61e9ca,Conversa com o Cliente,Conversa com o Cliente,2025-12-09,2,14,12,41826,Tecnologia,Alta,muito provável
2da4a73b-b7b1-4351-a4af-26ec4c8b4483,Conversa com o Cliente,Negociação,2025-12-14,3,19,5,41826,Tecnologia,Alta,muito provável
21a8313f-873d-4411-bbe8-0e15a5585d68,Negociação,Fechamento,2025-12-20,4,25,6,41826,Tecnologia,Alta,muito provável
8923a11e-8e90-4896-9d5a-ef719a988652,Análise de Perfil,Conversa com o Cliente,2025-03-03,1,8,8,22581,Serviços,Média,provável
9dfc5a93-ebda-4082-ac32-5e4ff23db198,Conversa com o Cliente,Negociação,2025-03-06,2,11,3,22581,Serviços,Média,provável
d905708e-6ca6-45e3-b27f-1e0986daafd3,Análise de Perfil,Análise de Perfil,2025-05-01,1,8,8,30727,Comércio,Média,pouco provável
74eef518-95cf-44d4-ae4c-3b46dde5d3b9,Análise de Perfil,Conversa com o Cliente,2025-05-08,2,15,7,30727,Comércio,Média,pouco provável
1a162ac7-b15c-4463-a27a-1451a60b334a,Conversa com o Cliente,Negociação,2025-05-22,3,29,14,30727,Comércio,Média,provável
49d1c38c-47af-485b-bf56-91ae36a41e76,Negociação,Negociação,2025-05-24,4,31,2,30727,Comércio,Média,provável
643d8988-06bb-45d1-aceb-5b91bbdef559,Negociação,Fechamento,2025-06-03,5,41,10,30727,Comércio,Média,muito provável
eda2db2e-0f75-4038-b1f2-eba21a4a82b7,Análise de Perfil,Análise de Perfil,2025-05-05,1,4,4,7474,Tecnologia,Média,provável
a0bb6910-c044-48f8-94b2-8636088018cb,Análise de Perfil,Conversa com o Cliente,2025-05-11,2,10,6,7474,Tecnologia,Média,provável
a72999e1-5df7-4afe-aba0-e96f755b3a0f,Conversa com o Cliente,Negociação,2025-05-15,3,14,4,7474,Tecnologia,Média,provável
b8c39d46-8af9-42ec-9c0e-55a443234af9,Negociação,Negociação,2025-05-29,4,28,14,7474,Tecnologia,Média,provável
c036740e-c9e8-4a66-bc09-084b60021e7a,Negociação,Fechamento,2025-06-10,5,40,12,7474,Tecnologia,Média,muito provável
7425e6dd-1986-4e81-9809-b1f2285bd98b,Análise de Perfil,Conversa com o Cliente,2025-11-29,1,10,10,45102,Indústria,Baixa,pouco provável
64bac884-7c56-4ad5-bb06-cc9e95f29675,Conversa com o Cliente,Conversa com o Cliente,2025-12-11,2,22,12,45102,Indústria,Baixa,pouco provável
34868ce4-82ac-4459-a894-261441470fb1,Conversa com o Cliente,Negociação,2025-12-22,3,33,11,45102,Indústria,Baixa,pouco provável
65ae9d14-73bf-4ef7-beab-a8db214be7a8,Análise de Perfil,Conversa com o Cliente,2025-09-28,1,3,3,44721,Educação,Média,provável
ceab56b4-1afe-4595-88dc-c4af54303a2c,Conversa com o Cliente,Conversa com o Cliente,2025-10-10,2,15,12,44721,Educação,Média,pouco provável
34bc5a09-dec6-4780-9e4c-661ecbeed5f8,Conversa com o Cliente,Negociação,2025-10-21,3,26,11,44721,Educação,Média,provável
f9a83650-8471-4837-9e2d-492c04ef1b0e,Análise de Perfil,Conversa com o Cliente,2025-07-08,1,7,7,39191,Indústria,Média,pouco provável
a6f567b0-4bb1-4dc8-b23e-4aa5513735f0,Conversa com o Cliente,Negociação,2025-07-14,2,13,6,39191,Indústria,Média,provável
47675f86-64e8-41f6-a5a2-07f47d5421fb,Negociação,Fechamento,2025-07-18,3,17,4,39191,Indústria,Média,provável
1399690c-6723-4386-9933-d2babffb0bcc,Fechamento,Fechamento,2025-07-25,4,24,7,39191,Indústria,Média,provável
dbeb68ae-a9d9-45c5-850b-5b52bd24f783,Análise de Perfil,Conversa com o Cliente,2025-05-08,1,5,5,28006,Comércio,Baixa,pouco provável
d322adb5-9e7e-420a-ab7a-0830fe0a5c31,Conversa com o Cliente,Conversa com o Cliente,2025-05-12,2,9,4,28006,Comércio,Baixa,pouco provável
70c130d9-b0d6-440a-ad2d-1c342e82de11,Conversa com o Cliente,Negociação,2025-05-17,3,14,5,28006,Comércio,Baixa,pouco provável
c280d1f5-d7ad-4e29-ac76-8d9608749d06,Negociação,Fechamento,2025-05-18,4,15,1,28006,Comércio,Baixa,provável
bcf66254-c33a-4397-b14a-45ac95f38e04,Fechamento,Fechamento,2025-05-22,5,19,4,28006,Comércio,Baixa,pouco provável
7dc69163-bfdf-4d8f-adde-7a52ee4abe5f,Fechamento,Fechamento,2025-06-04,6,32,13,28006,Comércio,Baixa,pouco provável
2a244bc7-ab54-43c3-96e9-5dc1cd7d6296,Fechamento,Fechamento,2025-06-19,7,47,15,28006,Comércio,Baixa,pouco provável
e24a2d0a-2555-4fd1-a461-1126bf507139,Análise de Perfil,Análise de Perfil,2025-05-22,1,11,11,15688,Educação,Média,provável
f9c04881-ee5f-4e11-a8f4-fd382ced54bc,Análise de Perfil,Conversa com o Cliente,2025-05-29,2,18,7,15688,Educação,Média,provável
2184eda7-1f64-416c-b3c4-95364a621082,Conversa com o Cliente,Negociação,2025-06-04,3,24,6,15688,Educação,Média,provável
9f27eba6-76e5-480f-96c9-ee99a12ab55d,Negociação,Fechamento,2025-06-10,4,30,6,15688,Educação,Média,provável
823a83c1-9597-48a6-bfcc-1dfe8eb83097,Fechamento,Fechamento,2025-06-24,5,44,14,15688,Educação,Média,provável
dbc23cb9-ab18-4517-9ccf-3ab66f5253d5,Fechamento,Fechamento,2025-07-07,6,57,13,15688,Educação,Média,muito provável
088c27ca-2fe5-4871-9770-e368ea2d8a49,Análise de Perfil,Conversa com o Cliente,2025-07-20,1,5,5,24367,Serviços,Média,provável
f422d516-be18-4bfa-a5df-dca643777466,Conversa com o Cliente,Conversa com o Cliente,2025-07-31,2,16,11,24367,Serviços,Média,pouco provável
f416d82c-4011-4454-97fb-e737c2856e29,Conversa com o Cliente,Negociação,2025-08-08,3,24,8,24367,Serviços,Média,provável
0ee34ea4-684a-4bfb-91ec-97fdeefacf3a,Análise de Perfil,Conversa com o Cliente,2025-09-19,1,15,15,14096,Educação,Média,pouco provável
b4fe0c2e-82ed-4faa-9118-c5b2c603946e,Conversa com o Cliente,Negociação,2025-09-23,2,19,4,14096,Educação,Média,provável
c0c409d9-d725-4c07-9aa3-5d53abfc4f1a,Análise de Perfil,Conversa com o Cliente,2025-02-13,1,8,8,31389,Indústria,Baixa,pouco provável
c040b83c-57ee-4b14-a9cd-8c68cbfc1af3,Conversa com o Cliente,Negociação,2025-02-25,2,20,12,31389,Indústria,Baixa,pouco provável
6e600847-9e15-4a00-b91f-855a3bc1651e,Negociação,Fechamento,2025-03-10,3,33,13,31389,Indústria,Baixa,provável
32b0cc0d-8074-442b-9a30-0898174e8577,Fechamento,Fechamento,2025-03-23,4,46,13,31389,Indústria,Baixa,pouco provável
73cc5b42-f270-4551-8f08-078dd39273b7,Fechamento,Fechamento,2025-04-02,5,56,10,31389,Indústria,Baixa,provável
38ea8316-b870-4bee-ad91-46f294f60ebf,Análise de Perfil,Análise de Perfil,2025-05-25,1,2,2,20308,Indústria,Média,provável
0d706855-811d-42f8-9291-b09c140b43e4,Análise de Perfil,Conversa com o Cliente,2025-05-30,2,7,5,20308,Indústria,Média,provável
abb413de-c0cb-4ef0-9140-58b90cac7455,Conversa com o Cliente,Negociação,2025-06-06,3,14,7,20308,Indústria,Média,provável
5cc74823-8f0f-4b79-94b5-ca8f79ab83cc,Análise de Perfil,Conversa com o Cliente,2025-06-22,1,6,6,13231,Educação,Média,pouco provável
c189ac09-baae-46bd-95f3-916f89b0a829,Conversa com o Cliente,Conversa com o Cliente,2025-06-29,2,13,7,13231,Educação,Média,provável
5c5df24b-3a6e-42ed-8ca7-a1f3bf6f6809,Conversa com o Cliente,Conversa com o Cliente,2025-07-13,3,27,14,13231,Educação,Média,pouco provável
eda757ee-c23a-4d57-811a-022c4c09b79f,Análise de Perfil,Conversa com o Cliente,2025-01-16,1,6,6,49664,Indústria,Alta,muito provável
4ea44b5c-416a-43b0-ab61-652ebfe88b55,Conversa com o Cliente,Conversa com o Cliente,2025-01-28,2,18,12,49664,Indústria,Alta,provável
aa05ef22-fcb0-453a-8e6b-0870a3b8d377,Conversa com o Cliente,Negociação,2025-02-09,3,30,12,49664,Indústria,Alta,muito provável
6b58acc1-cfdc-4ba2-9216-e46f883bb6a5,Negociação,Negociação,2025-02-20,4,41,11,49664,Indústria,Alta,provável
6c724e75-f7df-40d1-a6b5-e02b3c175cb2,Negociação,Fechamento,2025-02-26,5,47,6,49664,Indústria,Alta,muito provável
f0eaf174-2dc6-4538-8cfa-4537e8bf7a0a,Análise de Perfil,Conversa com o Cliente,2025-11-30,1,5,5,15079,Tecnologia,Média,pouco provável
ce554683-fe1e-4bbf-8ff2-9c21ff6f93ce,Conversa com o Cliente,Negociação,2025-12-05,2,10,5,15079,Tecnologia,Média,provável
1da6f01b-449f-4d25-bd88-d07a2e202c8a,Negociação,Fechamento,2025-12-19,3,24,14,15079,Tecnologia,Média,provável
5bb76bac-e79f-4f15-9f68-619f69b76fe9,Fechamento,Fechamento,2025-12-21,4,26,2,15079,Tecnologia,Média,provável
98eae8ca-f470-40a1-9087-4630fb229fa7,Fechamento,Fechamento,2026-01-02,5,38,12,15079,Tecnologia,Média,muito provável
b5bc58d8-936d-4e06-87fe-3e06f0c14f6c,Análise de Perfil,Análise de Perfil,2025-06-12,1,2,2,37330,Tecnologia,Alta,provável
09d15870-c4f0-4a27-968f-496eade97c40,Análise de Perfil,Conversa com o Cliente,2025-06-13,2,3,1,37330,Tecnologia,Alta,muito provável
db6b84b2-923f-4c9b-b3d4-1c962681da58,Conversa com o Cliente,Conversa com o Cliente,2025-06-15,3,5,2,37330,Tecnologia,Alta,provável
da087b8c-3042-40ad-ba1c-815c3cba3708,Conversa com o Cliente,Negociação,2025-06-23,4,13,8,37330,Tecnologia,Alta,provável
55cefbf5-fdf6-4bd5-a577-b23fb57b4b8d,Negociação,Fechamento,2025-07-08,5,28,15,37330,Tecnologia,Alta,muito provável
870f3308-8eb5-4fe8-9102-9cae543f267e,Análise de Perfil,Análise de Perfil,2025-04-29,1,10,10,11267,Educação,Alta,muito provável
f240d03e-dba4-406c-987b-459a4cd8600e,Análise de Perfil,Conversa com o Cliente,2025-05-08,2,19,9,11267,Educação,Alta,muito provável
25ea4030-c8a8-42fd-a1d8-fe0e13c067d8,Conversa com o Cliente,Negociação,2025-05-18,3,29,10,11267,Educação,Alta,provável
464e260c-a0fa-4f7d-a4b9-5bc1c6ac27b4,Negociação,Fechamento,2025-05-21,4,32,3,11267,Educação,Alta,muito provável
23576750-f0a0-427d-89d7-e1be1fe34fb0,Análise de Perfil,Análise de Perfil,2025-04-04,1,12,12,6135,Serviços,Baixa,pouco provável
c86941c2-659f-4725-b474-41a84d7e5bd6,Análise de Perfil,Conversa com o Cliente,2025-04-13,2,21,9,6135,Serviços,Baixa,pouco provável
6dd292c4-7940-416f-8365-561dbe033ca5,Conversa com o Cliente,Negociação,2025-04-27,3,35,14,6135,Serviços,Baixa,pouco provável
76ec4a87-d86b-4b16-8e7d-7ced424b43a5,Negociação,Fechamento,2025-05-08,4,46,11,6135,Serviços,Baixa,pouco provável
3be7c32d-18b9-4127-8510-6f4a8bea0f34,Análise de Perfil,Conversa com o Cliente,2025-11-24,1,4,4,25849,Saúde,Média,provável
ca9e496c-79bc-42f9-9c2e-36533b81bda0,Conversa com o Cliente,Negociação,2025-11-25,2,5,1,25849,Saúde,Média,provável
98f83aaa-811e-4637-bbd3-6763c45e48cc,Negociação,Negociação,2025-11-27,3,7,2,25849,Saúde,Média,provável
a7a339d7-b945-4298-b8ef-2a16afff06b2,Negociação,Fechamento,2025-12-10,4,20,13,25849,Saúde,Média,provável
dd4860a6-01c9-4c24-baed-2f6a3efa466b,Fechamento,Fechamento,2025-12-14,5,24,4,25849,Saúde,Média,muito provável
e6585af2-1804-405e-b420-e5fc165eb854,Análise de Perfil,Conversa com o Cliente,2025-08-04,1,15,15,45410,Indústria,Média,provável
98d8773d-e248-45e5-9281-de969e4be083,Conversa com o Cliente,Negociação,2025-08-12,2,23,8,45410,Indústria,Média,provável
1f3d7c50-885d-45c9-909f-dcc36f91700b,Negociação,Negociação,2025-08-27,3,38,15,45410,Indústria,Média,provável
7f236069-8923-4333-af5e-bd4d6c52157c,Análise de Perfil,Conversa com o Cliente,2025-03-22,1,13,13,30285,Serviços,Alta,provável
d4d38848-5794-4fd5-8560-5ea78c5fad9c,Conversa com o Cliente,Negociação,2025-03-31,2,22,9,30285,Serviços,Alta,provável
81c1811b-dddb-442d-adf1-3454e60a97bd,Negociação,Fechamento,2025-04-07,3,29,7,30285,Serviços,Alta,muito provável
079c2ca5-4967-4310-abf6-4d306c518fd5,Análise de Perfil,Conversa com o Cliente,2025-05-03,1,7,7,44035,Tecnologia,Média,pouco provável
07d5dcb2-7e12-482d-a5fd-88a125a89142,Conversa com o Cliente,Conversa com o Cliente,2025-05-13,2,17,10,44035,Tecnologia,Média,pouco provável
48710075-4bc3-4372-8e55-8acbcfc1445b,Conversa com o Cliente,Conversa com o Cliente,2025-05-15,3,19,2,44035,Tecnologia,Média,provável
cd6d2729-dad7-4873-8d44-7567501357a0,Conversa com o Cliente,Negociação,2025-05-25,4,29,10,44035,Tecnologia,Média,provável
b3774bd8-226a-46f9-9216-227dda9e9976,Análise de Perfil,Conversa com o Cliente,2025-03-26,1,8,8,10989,Serviços,Baixa,pouco provável
eb6c1048-f893-4c04-8e65-ae2dd652c0b6,Conversa com o Cliente,Negociação,2025-03-29,2,11,3,10989,Serviços,Baixa,pouco provável
8b569d86-aaac-4289-b172-95163bf8245d,Negociação,Fechamento,2025-04-13,3,26,15,10989,Serviços,Baixa,provável
c5809b61-f9fe-4fef-822e-3de1b398f50f,Análise de Perfil,Conversa com o Cliente,2025-10-28,1,2,2,17081,Saúde,Média,pouco provável
8dee3004-adf9-4dca-bd0c-b1909a696302,Conversa com o Cliente,Negociação,2025-11-09,2,14,12,17081,Saúde,Média,provável
b58e33e5-7825-4e07-9e22-6072c3bde887,Negociação,Negociação,2025-11-14,3,19,5,17081,Saúde,Média,provável
96ca2f00-e7a8-4982-807a-c24409938039,Negociação,Fechamento,2025-11-29,4,34,15,17081,Saúde,Média,muito provável
4d04f169-8214-47ae-9134-1565310bdbd6,Análise de Perfil,Conversa com o Cliente,2025-03-20,1,9,9,30923,Serviços,Baixa,pouco provável
41f0e78b-991b-4e0d-bf0d-eb4f44282110,Conversa com o Cliente,Conversa com o Cliente,2025-03-26,2,15,6,30923,Serviços,Baixa,pouco provável
1c38780b-61a4-4428-b1b8-b529b59a119e,Conversa com o Cliente,Negociação,2025-04-10,3,30,15,30923,Serviços,Baixa,pouco provável
60a9d5c3-8e85-4f39-9348-20132ab0cd83,Negociação,Negociação,2025-04-16,4,36,6,30923,Serviços,Baixa,pouco provável
4a4be99d-f02c-4654-8e44-1a74db7976ef,Negociação,Fechamento,2025-04-21,5,41,5,30923,Serviços,Baixa,pouco provável
f063ff5f-ad06-4dde-87a9-729c337ebd36,Fechamento,Fechamento,2025-05-06,6,56,15,30923,Serviços,Baixa,pouco provável
c1ae2b52-ddae-492a-907a-211b9fbf7fe4,Análise de Perfil,Conversa com o Cliente,2025-03-18,1,9,9,49355,Indústria,Média,pouco provável
9bd6af4b-b0a7-4f26-a7f7-c0b0723ba461,Conversa com o Cliente,Conversa com o Cliente,2025-03-23,2,14,5,49355,Indústria,Média,provável
1cbab07b-bf41-4357-b1bc-2e1f1877815e,Conversa com o Cliente,Negociação,2025-04-02,3,24,10,49355,Indústria,Média,provável
4014e61b-3062-423c-aa68-e5021aad9d27,Negociação,Fechamento,2025-04-03,4,25,1,49355,Indústria,Média,provável
19f6d41a-f850-46e6-9a98-fe7b71b1b3a6,Análise de Perfil,Conversa com o Cliente,2025-04-30,1,4,4,37896,Tecnologia,Baixa,pouco provável
84a19e5a-b8de-45bc-8499-00a44627a38e,Conversa com o Cliente,Negociação,2025-05-12,2,16,12,37896,Tecnologia,Baixa,provável
01a38022-d912-41a3-b04f-d7de453b06b1,Negociação,Fechamento,2025-05-27,3,31,15,37896,Tecnologia,Baixa,pouco provável
8694ad9b-256e-4ed6-a7f6-17813a52c652,Fechamento,Fechamento,2025-06-05,4,40,9,37896,Tecnologia,Baixa,pouco provável
07e87523-3be2-4c7b-8b8f-03e1c5e223b4,Fechamento,Fechamento,2025-06-08,5,43,3,37896,Tecnologia,Baixa,pouco provável
50fac34b-2fc1-4486-9f91-b46c742c4b9f,Análise de Perfil,Conversa com o Cliente,2025-06-14,1,3,3,20512,Serviços,Baixa,pouco provável
450a0727-7f35-443f-b473-1b0db0d068de,Conversa com o Cliente,Negociação,2025-06-20,2,9,6,20512,Serviços,Baixa,pouco provável
8920d79e-0346-42bf-927d-240bd218a7c0,Análise de Perfil,Conversa com o Cliente,2025-04-21,1,2,2,46067,Educação,Alta,provável
895a4932-5d16-4cb7-b2de-9161d138dff2,Conversa com o Cliente,Negociação,2025-05-06,2,17,15,46067,Educação,Alta,provável
3381cb41-b1fd-43c1-853a-7ba2fd5e05c9,Negociação,Fechamento,2025-05-18,3,29,12,46067,Educação,Alta,muito provável
f89be8d3-67b0-4d93-b276-b52f5442dc85,Análise de Perfil,Análise de Perfil,2025-11-06,1,10,10,35200,Tecnologia,Média,pouco provável
996f3368-7539-45fd-a10f-177387325fa4,Análise de Perfil,Análise de Perfil,2025-11-18,2,22,12,35200,Tecnologia,Média,pouco provável
0feca4ca-dca0-440b-83a3-fe764f966489,Análise de Perfil,Conversa com o Cliente,2025-11-24,3,28,6,35200,Tecnologia,Média,provável
b5ec6f3f-c329-441c-b575-83debc72c11a,Conversa com o Cliente,Conversa com o Cliente,2025-12-03,4,37,9,35200,Tecnologia,Média,provável
0ded7b16-ac91-491b-a6f0-56b57e9b6779,Conversa com o Cliente,Negociação,2025-12-05,5,39,2,35200,Tecnologia,Média,provável
bba30762-19ed-480a-bc73-4c6e5324f22a,Negociação,Negociação,2025-12-18,6,52,13,35200,Tecnologia,Média,provável
4060c599-8393-4ff3-b1f5-db7384e71055,Análise de Perfil,Análise de Perfil,2025-11-26,1,7,7,15133,Saúde,Média,pouco provável
25126953-6e3f-417c-a07d-af80ebd945db,Análise de Perfil,Análise de Perfil,2025-11-28,2,9,2,15133,Saúde,Média,pouco provável
f23f5b13-1aa1-46a2-8706-a686fd5af6ba,Análise de Perfil,Conversa com o Cliente,2025-12-10,3,21,12,15133,Saúde,Média,provável
53bf5436-1c17-4724-8f85-a6917649d129,Conversa com o Cliente,Negociação,2025-12-13,4,24,3,15133,Saúde,Média,provável
b0cd03d5-841a-4ee6-8e4f-14d2b99148c7,Negociação,Fechamento,2025-12-17,5,28,4,15133,Saúde,Média,provável
8a85eb03-480b-4d3b-beff-e26b72329295,Fechamento,Fechamento,2025-12-30,6,41,13,15133,Saúde,Média,provável
015d91d5-13a5-4ccc-8eba-bcba364ee53b,Análise de Perfil,Conversa com o Cliente,2025-11-02,1,15,15,31239,Tecnologia,Alta,provável
537fba76-1537-4c06-93c9-1ec02f684607,Conversa com o Cliente,Negociação,2025-11-10,2,23,8,31239,Tecnologia,Alta,provável
4bdf9d4f-2197-4752-9089-785496d224ce,Análise de Perfil,Conversa com o Cliente,2025-05-17,1,15,15,24159,Serviços,Média,pouco provável
a7a66eb3-3ca3-419d-995f-a7c637f8cdbe,Conversa com o Cliente,Negociação,2025-05-23,2,21,6,24159,Serviços,Média,provável
321719b1-0a79-49d3-81fc-d6b90172a8f9,Negociação,Negociação,2025-05-27,3,25,4,24159,Serviços,Média,provável
7e3d5e87-63f7-400a-a8e2-fa7e5a241672,Negociação,Negociação,2025-06-03,4,32,7,24159,Serviços,Média,provável
ec18e178-db17-474e-9951-0d66c8955387,Negociação,Fechamento,2025-06-09,5,38,6,24159,Serviços,Média,muito provável
5dca67a2-8031-4295-b7f2-037baf421ecc,Análise de Perfil,Análise de Perfil,2025-04-17,1,2,2,39304,Tecnologia,Baixa,pouco provável
588a3681-b0ab-4279-9577-d9a7ff12a097,Análise de Perfil,Conversa com o Cliente,2025-04-19,2,4,2,39304,Tecnologia,Baixa,pouco provável
0a2c3ea1-c9e6-4af0-a872-439f3838fb2f,Conversa com o Cliente,Conversa com o Cliente,2025-04-30,3,15,11,39304,Tecnologia,Baixa,pouco provável
63c061f4-ece1-46fc-8d7c-c8af93168132,Conversa com o Cliente,Conversa com o Cliente,2025-05-09,4,24,9,39304,Tecnologia,Baixa,pouco provável
bfd7e892-c03c-471d-996a-b2cfab618139,Conversa com o Cliente,Negociação,2025-05-21,5,36,12,39304,Tecnologia,Baixa,provável
99f75cee-5548-4cc4-b6ee-6c71677a1d1b,Análise de Perfil,Conversa com o Cliente,2025-06-18,1,1,1,30183,Comércio,Média,provável
296d5239-d743-482f-851e-041a85ca756a,Conversa com o Cliente,Negociação,2025-06-23,2,6,5,30183,Comércio,Média,provável
4ad58053-828c-4230-9870-7bc6f1578e26,Negociação,Fechamento,2025-06-27,3,10,4,30183,Comércio,Média,muito provável
b55ae0cf-c25c-4bba-9086-bbcffbb52bc8,Análise de Perfil,Análise de Perfil,2025-01-10,1,3,3,49348,Indústria,Alta,provável
8f564444-1839-407a-b111-0a1d08cfe347,Análise de Perfil,Conversa com o Cliente,2025-01-13,2,6,3,49348,Indústria,Alta,provável
81a999ba-bdc8-4065-9f47-3797729ed1e9,Conversa com o Cliente,Negociação,2025-01-14,3,7,1,49348,Indústria,Alta,provável
750efbee-91d6-4e4b-b984-da1af3f49733,Análise de Perfil,Análise de Perfil,2025-02-17,1,5,5,40679,Comércio,Média,provável
21504ac5-e406-48cc-b4bc-3ee87f5ef310,Análise de Perfil,Análise de Perfil,2025-03-03,2,19,14,40679,Comércio,Média,pouco provável
952bf3dc-4498-409e-b4fe-5c5bfc951b74,Análise de Perfil,Conversa com o Cliente,2025-03-08,3,24,5,40679,Comércio,Média,pouco provável
b6ef41ae-68fb-4a49-8e25-c1dc5e431196,Conversa com o Cliente,Conversa com o Cliente,2025-03-13,4,29,5,40679,Comércio,Média,pouco provável
9fd23441-cb23-4016-acb1-833609902b51,Conversa com o Cliente,Negociação,2025-03-22,5,38,9,40679,Comércio,Média,provável
86cb0956-6d8d-4391-bdbf-8ebc3f6a9e93,Negociação,Negociação,2025-04-05,6,52,14,40679,Comércio,Média,provável
5240aa0f-5df2-487e-a0c3-03ba613ae26c,Negociação,Fechamento,2025-04-13,7,60,8,40679,Comércio,Média,provável
ea5c88b1-77c0-4255-8160-dad7275bba8f,Fechamento,Fechamento,2025-04-18,8,65,5,40679,Comércio,Média,provável
1914f706-1773-4b0a-9ea0-a47b81978883,Análise de Perfil,Análise de Perfil,2025-11-25,1,4,4,45367,Saúde,Baixa,pouco provável
0829b387-7f7c-4fc2-a12f-bf5a1215b523,Análise de Perfil,Conversa com o Cliente,2025-12-10,2,19,15,45367,Saúde,Baixa,pouco provável
6b47432f-d79f-4cb4-8be2-53596d7268c3,Conversa com o Cliente,Negociação,2025-12-13,3,22,3,45367,Saúde,Baixa,pouco provável
685bad1f-cda7-4662-ace2-38e23d50dec7,Negociação,Negociação,2025-12-23,4,32,10,45367,Saúde,Baixa,pouco provável
fcf54e75-ef06-41ab-aa96-c7bf47276b43,Negociação,Fechamento,2025-12-28,5,37,5,45367,Saúde,Baixa,provável
ca5ee637-a494-4da8-9741-544c67744694,Fechamento,Fechamento,2026-01-02,6,42,5,45367,Saúde,Baixa,pouco provável
e6e677c2-5b78-4c86-b2f2-9e54b3c48508,Fechamento,Fechamento,2026-01-11,7,51,9,45367,Saúde,Baixa,provável
9ba161f4-b0da-4e91-9463-28b1b20a8e07,Análise de Perfil,Conversa com o Cliente,2025-07-23,1,11,11,19304,Tecnologia,Média,pouco provável
25910fff-e931-4387-bafa-1a248de1a239,Conversa com o Cliente,Negociação,2025-07-25,2,13,2,19304,Tecnologia,Média,provável
1d709326-80e6-45f3-8395-ec3bad7db8dd,Negociação,Fechamento,2025-08-04,3,23,10,19304,Tecnologia,Média,muito provável
52ebfd29-557e-4503-a808-f60f7caf77a1,Análise de Perfil,Conversa com o Cliente,2025-10-19,1,8,8,12227,Tecnologia,Média,pouco provável
55e88b23-bfc5-4bd5-80ea-fb0503dc72a9,Conversa com o Cliente,Negociação,2025-10-20,2,9,1,12227,Tecnologia,Média,provável
fe2faa68-9d43-4d9d-96df-031b8aeb69a5,Negociação,Fechamento,2025-10-24,3,13,4,12227,Tecnologia,Média,provável
9d0baf77-b17c-4201-96a0-4731a1abf233,Fechamento,Fechamento,2025-11-05,4,25,12,12227,Tecnologia,Média,provável
013a301c-15a0-4026-a198-c5e58e6af3a1,Fechamento,Fechamento,2025-11-09,5,29,4,12227,Tecnologia,Média,muito provável
eb4300d5-d923-4c7e-8e79-b7990a277478,Análise de Perfil,Conversa com o Cliente,2025-04-27,1,7,7,21505,Educação,Baixa,pouco provável
882aa462-924f-49b7-9061-a532e18e169b,Conversa com o Cliente,Negociação,2025-05-10,2,20,13,21505,Educação,Baixa,pouco provável
79a03ac8-18e3-4b68-b995-ef9ef32463d6,Negociação,Negociação,2025-05-24,3,34,14,21505,Educação,Baixa,pouco provável
76212e39-a094-4553-87e2-531dce4249ec,Negociação,Negociação,2025-06-05,4,46,12,21505,Educação,Baixa,pouco provável
a299a4b7-8b1d-4df9-94d2-c76c994fbd25,Negociação,Fechamento,2025-06-07,5,48,2,21505,Educação,Baixa,pouco provável
08b0bd0a-8d93-4aa7-b572-7a4c50af7bc6,Fechamento,Fechamento,2025-06-08,6,49,1,21505,Educação,Baixa,pouco provável
319e4abb-6348-4075-af97-1496fe9ff01f,Fechamento,Fechamento,2025-06-22,7,63,14,21505,Educação,Baixa,provável
ff7d46f4-4957-4bbc-bc2c-004c972c64e0,Fechamento,Fechamento,2025-07-05,8,76,13,21505,Educação,Baixa,pouco provável
b9d18fb3-9fe4-4870-a31c-6233c5ee4de0,Análise de Perfil,Conversa com o Cliente,2025-07-28,1,10,10,43620,Comércio,Baixa,pouco provável
bf0c8443-6b30-405c-9baa-47e781619bda,Conversa com o Cliente,Negociação,2025-07-31,2,13,3,43620,Comércio,Baixa,pouco provável
4f27c750-064b-4f1c-8e9d-2beb25a23b81,Negociação,Fechamento,2025-08-10,3,23,10,43620,Comércio,Baixa,pouco provável
85cd2d54-5082-4ecf-bbda-d8ff9f4e817f,Fechamento,Fechamento,2025-08-21,4,34,11,43620,Comércio,Baixa,provável
f241365f-6039-47de-8fac-b95fdb76b3b1,Fechamento,Fechamento,2025-08-28,5,41,7,43620,Comércio,Baixa,pouco provável
10fa9a59-7dd9-48c2-a67e-a50186baaedd,Análise de Perfil,Conversa com o Cliente,2025-08-16,1,12,12,22792,Tecnologia,Média,pouco provável
4da717e5-c240-4b05-9511-01c7a88d825d,Conversa com o Cliente,Conversa com o Cliente,2025-08-29,2,25,13,22792,Tecnologia,Média,pouco provável
ef7d8517-28ea-435e-ae7d-cd378e63534c,Conversa com o Cliente,Negociação,2025-09-08,3,35,10,22792,Tecnologia,Média,provável
12d3d6c5-c0c4-4339-afcb-febb81b9b7c4,Negociação,Negociação,2025-09-13,4,40,5,22792,Tecnologia,Média,provável
e488ea28-8aa7-4721-b942-ba799e041420,Negociação,Negociação,2025-09-17,5,44,4,22792,Tecnologia,Média,provável
8602854f-5f4c-4f7b-b404-31e039045082,Negociação,Fechamento,2025-09-27,6,54,10,22792,Tecnologia,Média,provável
a7444cd1-2063-4942-a52c-79c121f9a902,Fechamento,Fechamento,2025-10-01,7,58,4,22792,Tecnologia,Média,muito provável
d89544ee-df2f-4105-8e63-ffc92b0cd712,Análise de Perfil,Conversa com o Cliente,2025-10-23,1,9,9,30590,Educação,Baixa,pouco provável
e62364fe-0979-4a49-af6a-92a0a6d66ce5,Conversa com o Cliente,Negociação,2025-11-04,2,21,12,30590,Educação,Baixa,pouco provável
b10e67fa-b51e-4ad5-b6e5-6b56acbe5385,Negociação,Fechamento,2025-11-11,3,28,7,30590,Educação,Baixa,pouco provável
c5f75cf6-c588-4714-979e-cdc1081e3237,Fechamento,Fechamento,2025-11-15,4,32,4,30590,Educação,Baixa,pouco provável
612d1583-2c5d-4656-a81d-67f7f8c864ca,Fechamento,Fechamento,2025-11-21,5,38,6,30590,Educação,Baixa,pouco provável
2898ad9b-38ff-4983-80e0-84e1880108f9,Fechamento,Fechamento,2025-11-23,6,40,2,30590,Educação,Baixa,provável
c06642ee-7ce6-47ac-aab6-1c739248ecba,Análise de Perfil,Conversa com o Cliente,2025-02-13,1,3,3,9031,Serviços,Média,pouco provável
bd0c0127-6bb5-409a-8ff6-f0b5af7313f5,Conversa com o Cliente,Negociação,2025-02-25,2,15,12,9031,Serviços,Média,provável
5adeae4f-17eb-4747-ad53-30443c426963,Negociação,Negociação,2025-03-06,3,24,9,9031,Serviços,Média,provável
2063ede6-892e-4be2-b6cb-dfb4f444485d,Negociação,Fechamento,2025-03-07,4,25,1,9031,Serviços,Média,muito provável
c7784fb8-fa35-4555-8333-5cd72f64510c,Análise de Perfil,Conversa com o Cliente,2025-06-08,1,13,13,22853,Saúde,Alta,muito provável
1c9145b3-ca85-40be-b5df-f808f6abc8d6,Conversa com o Cliente,Conversa com o Cliente,2025-06-12,2,17,4,22853,Saúde,Alta,muito provável
2a195b28-d895-4294-966e-41aedd4c70c7,Análise de Perfil,Análise de Perfil,2025-03-19,1,13,13,14320,Comércio,Média,pouco provável
f9ad60a3-2874-498f-a7ef-35f8efa44e14,Análise de Perfil,Conversa com o Cliente,2025-03-31,2,25,12,14320,Comércio,Média,provável
d0965132-12e6-4255-bc1e-e25721f06405,Conversa com o Cliente,Conversa com o Cliente,2025-04-13,3,38,13,14320,Comércio,Média,provável
022e5955-c43b-4a8a-8148-bf9d10588503,Conversa com o Cliente,Negociação,2025-04-24,4,49,11,14320,Comércio,Média,provável
ddd46a75-71c1-4ed5-b2ea-b317db0cfffd,Negociação,Negociação,2025-05-01,5,56,7,14320,Comércio,Média,provável
6697d2ba-2c45-47a4-aa1e-557250cb90ce,Negociação,Negociação,2025-05-03,6,58,2,14320,Comércio,Média,provável
8969c354-2e0d-4232-ae80-a0c1b61b94b7,Negociação,Fechamento,2025-05-06,7,61,3,14320,Comércio,Média,provável
cc8367f1-1442-472c-b2b9-c457942dd494,Análise de Perfil,Conversa com o Cliente,2025-05-09,1,1,1,44572,Saúde,Alta,provável
7e070ef2-583f-4dbe-81b1-de04125ffd71,Conversa com o Cliente,Conversa com o Cliente,2025-05-19,2,11,10,44572,Saúde,Alta,provável
b49c44fb-5ab9-4d01-832c-0da856cdc587,Conversa com o Cliente,Conversa com o Cliente,2025-05-27,3,19,8,44572,Saúde,Alta,provável
abbd920a-a3f0-4325-893d-94bacc2dbc4d,Análise de Perfil,Conversa com o Cliente,2025-02-10,1,7,7,22572,Indústria,Alta,provável
bab0c8be-2f54-47bf-bb94-ee773f881162,Conversa com o Cliente,Conversa com o Cliente,2025-02-24,2,21,14,22572,Indústria,Alta,muito provável
c7a7c9af-7c37-4b8d-a0bd-3d5922bb138d,Conversa com o Cliente,Negociação,2025-02-25,3,22,1,22572,Indústria,Alta,muito provável
7dd96c41-8989-4f64-a95f-15f1c2559043,Negociação,Fechamento,2025-03-03,4,28,6,22572,Indústria,Alta,muito provável
904c96ef-bf94-439b-835c-1039f237af70,Análise de Perfil,Conversa com o Cliente,2025-09-22,1,10,10,10680,Educação,Média,provável
8a85b56c-289e-4d99-8486-9e811848820f,Conversa com o Cliente,Negociação,2025-09-28,2,16,6,10680,Educação,Média,provável
2005a9d9-fcd5-46df-b052-4e597c0df284,Negociação,Fechamento,2025-10-10,3,28,12,10680,Educação,Média,provável
95213cbb-17ea-4300-927d-8551a13523e9,Análise de Perfil,Conversa com o Cliente,2025-07-29,1,11,11,11008,Tecnologia,Baixa,pouco provável
8de3840d-9f8a-4876-aef5-5b9dc1c3db90,Conversa com o Cliente,Negociação,2025-08-06,2,19,8,11008,Tecnologia,Baixa,pouco provável
f0410744-6795-4828-b03c-5ccba0909870,Negociação,Negociação,2025-08-17,3,30,11,11008,Tecnologia,Baixa,provável
60f9d036-cd23-425c-8c72-311c12ef4d2c,Negociação,Fechamento,2025-08-23,4,36,6,11008,Tecnologia,Baixa,pouco provável
0d6c8fd7-b091-4df7-a54d-6d2e5f7d1286,Fechamento,Fechamento,2025-09-03,5,47,11,11008,Tecnologia,Baixa,provável
00694164-f5de-43da-b690-0ed979c23e11,Fechamento,Fechamento,2025-09-10,6,54,7,11008,Tecnologia,Baixa,provável
6c9df483-37bd-4bd2-8cc2-72184ad439b8,Fechamento,Fechamento,2025-09-19,7,63,9,11008,Tecnologia,Baixa,provável
7c8f6097-28a3-4f03-a2a6-5e0b0bde744b,Fechamento,Fechamento,2025-09-28,8,72,9,11008,Tecnologia,Baixa,pouco provável
2b893502-982e-4be5-aedb-9d148f063eab,Análise de Perfil,Conversa com o Cliente,2025-10-29,1,8,8,26888,Tecnologia,Alta,muito provável
996e7460-3b2e-4086-9351-98c3d0ae1607,Conversa com o Cliente,Negociação,2025-11-05,2,15,7,26888,Tecnologia,Alta,provável
402360f3-89ce-4e79-9d60-b3ba854ca395,Negociação,Negociação,2025-11-15,3,25,10,26888,Tecnologia,Alta,muito provável
3cac312d-eace-4b3d-9e52-64ab2bced486,Negociação,Fechamento,2025-11-24,4,34,9,26888,Tecnologia,Alta,muito provável
34f7c2f5-1157-4616-8ac9-65a54574fc97,Análise de Perfil,Conversa com o Cliente,2025-07-08,1,11,11,32022,Educação,Média,pouco provável
ffead951-c676-4435-b149-30b106093adb,Conversa com o Cliente,Negociação,2025-07-14,2,17,6,32022,Educação,Média,provável
eff0bf9f-e01a-43cb-b651-193ebc52f026,Negociação,Fechamento,2025-07-29,3,32,15,32022,Educação,Média,provável
44aca579-2b92-46de-8c46-bf10e8b19dd7,Fechamento,Fechamento,2025-08-06,4,40,8,32022,Educação,Média,muito provável
2dcf729f-a886-4dec-b8da-8750394327e3,Análise de Perfil,Conversa com o Cliente,2025-04-22,1,5,5,32630,Saúde,Média,pouco provável
32da3444-1639-484f-8eaa-c0872d8ee2c7,Conversa com o Cliente,Negociação,2025-05-01,2,14,9,32630,Saúde,Média,provável
6b2487e5-082e-46d0-99f9-0d72d122d6bf,Negociação,Fechamento,2025-05-05,3,18,4,32630,Saúde,Média,provável
5a1d9b5e-e926-44e3-a656-f837aebdda10,Fechamento,Fechamento,2025-05-14,4,27,9,32630,Saúde,Média,muito provável
078e5b05-58a0-4a6f-ba8c-f6f77ff3c7e1,Análise de Perfil,Conversa com o Cliente,2025-09-22,1,5,5,5129,Saúde,Média,provável
a9cc27af-d139-4ef0-9c41-c873d098838d,Conversa com o Cliente,Conversa com o Cliente,2025-10-07,2,20,15,5129,Saúde,Média,provável
93b05ff3-f946-4a07-9abe-7a7e320ac240,Conversa com o Cliente,Negociação,2025-10-12,3,25,5,5129,Saúde,Média,provável
f1d498aa-2475-4fdf-8796-435d284fa31a,Negociação,Negociação,2025-10-26,4,39,14,5129,Saúde,Média,provável
c96735c3-e31c-47ab-8351-2bd2a7288a0e,Negociação,Fechamento,2025-11-06,5,50,11,5129,Saúde,Média,provável
50c75fee-08ad-43ed-8e34-0adb38dd4c5b,Fechamento,Fechamento,2025-11-21,6,65,15,5129,Saúde,Média,muito provável
75933fdd-d1c6-4bb2-9ebd-f5787c4abbae,Análise de Perfil,Conversa com o Cliente,2025-01-07,1,5,5,49242,Saúde,Alta,muito provável
94f37dd0-1be4-4800-9797-0b7d6cfe50e3,Conversa com o Cliente,Negociação,2025-01-12,2,10,5,49242,Saúde,Alta,provável
6caba602-d576-499a-b3c1-b500b4d28dd9,Negociação,Negociação,2025-01-27,3,25,15,49242,Saúde,Alta,provável
62e1c3b7-7035-4e22-8d9a-4299373e5fd6,Negociação,Fechamento,2025-02-09,4,38,13,49242,Saúde,Alta,muito provável
77b9487a-de67-4df6-860f-6dceb086c334,Análise de Perfil,Análise de Perfil,2025-05-06,1,2,2,13644,Indústria,Média,provável
f7ddbdb8-0cf0-462e-8a01-ea0cbe53c9a1,Análise de Perfil,Conversa com o Cliente,2025-05-08,2,4,2,13644,Indústria,Média,provável
5e34be01-5ed9-4cb5-abf8-be5d113785b5,Conversa com o Cliente,Negociação,2025-05-16,3,12,8,13644,Indústria,Média,provável
505f327a-dc8a-4d06-a6fd-f8a490d2f6f4,Negociação,Fechamento,2025-05-29,4,25,13,13644,Indústria,Média,provável
eaf04c07-f1ca-4e07-8923-139f5688bc69,Fechamento,Fechamento,2025-06-07,5,34,9,13644,Indústria,Média,provável
11b614e5-9d87-47c8-9f15-573f2fbfd39e,Análise de Perfil,Conversa com o Cliente,2025-09-13,1,6,6,17414,Tecnologia,Média,provável
de6695c1-f722-4114-a7e5-768312c3d26d,Conversa com o Cliente,Negociação,2025-09-26,2,19,13,17414,Tecnologia,Média,provável
abb62ec0-95d4-435e-98ef-00c2f0bf16d6,Negociação,Negociação,2025-10-11,3,34,15,17414,Tecnologia,Média,provável
dec0f726-c20e-4a74-8a6e-9de2781e000b,Negociação,Fechamento,2025-10-15,4,38,4,17414,Tecnologia,Média,muito provável
0af18cbc-da48-426f-8fcd-eacc892cba9c,Análise de Perfil,Conversa com o Cliente,2025-06-18,1,7,7,22157,Comércio,Média,provável
b8fd4ff7-3084-4f30-b630-d5226e7c4aa0,Conversa com o Cliente,Negociação,2025-06-20,2,9,2,22157,Comércio,Média,provável
db16d0b4-4aeb-49c6-8325-c0fc0e510585,Negociação,Fechamento,2025-06-26,3,15,6,22157,Comércio,Média,muito provável
5516e303-9668-4cd6-838c-981e2052904a,Análise de Perfil,Conversa com o Cliente,2025-03-14,1,1,1,36297,Tecnologia,Baixa,pouco provável
883129cd-4a2b-4431-b6f8-bc075b465ccf,Conversa com o Cliente,Negociação,2025-03-16,2,3,2,36297,Tecnologia,Baixa,pouco provável
e3e49926-b577-449b-9e92-62de60e772c1,Negociação,Fechamento,2025-03-24,3,11,8,36297,Tecnologia,Baixa,pouco provável
e99d26f8-f022-460a-9a3e-bb756809ef0a,Fechamento,Fechamento,2025-04-01,4,19,8,36297,Tecnologia,Baixa,pouco provável
b0da1145-123b-4184-ad23-ec6252188cba,Fechamento,Fechamento,2025-04-10,5,28,9,36297,Tecnologia,Baixa,provável
974eb19a-9d86-4a52-ae6b-d6e28723057a,Fechamento,Fechamento,2025-04-15,6,33,5,36297,Tecnologia,Baixa,pouco provável
34d0f823-4ef5-4c33-bf74-d8ee0cf66d89,Análise de Perfil,Análise de Perfil,2025-12-10,1,14,14,25081,Tecnologia,Baixa,pouco provável
0a3df90d-8f94-45b1-9111-aef40d031752,Análise de Perfil,Conversa com o Cliente,2025-12-24,2,28,14,25081,Tecnologia,Baixa,pouco provável
d90860c4-a9cd-4ce4-b2c6-12b8ac2b0424,Conversa com o Cliente,Conversa com o Cliente,2025-12-30,3,34,6,25081,Tecnologia,Baixa,pouco provável
1c976b1c-c8b1-452e-8995-66e89a6b5a05,Análise de Perfil,Conversa com o Cliente,2025-05-28,1,12,12,33015,Serviços,Baixa,pouco provável
27220700-56df-4caf-8ff7-90a10302c86d,Conversa com o Cliente,Negociação,2025-06-03,2,18,6,33015,Serviços,Baixa,pouco provável
080afee4-831e-4d9b-b2d1-9d3821b346a6,Análise de Perfil,Conversa com o Cliente,2025-04-26,1,9,9,7188,Saúde,Alta,muito provável
d74592c8-c21a-4d35-9a5b-41dd42ff7b35,Conversa com o Cliente,Negociação,2025-05-03,2,16,7,7188,Saúde,Alta,muito provável
5f5f5cbe-6787-47e4-a66d-d5cd84717f9b,Negociação,Fechamento,2025-05-14,3,27,11,7188,Saúde,Alta,muito provável
7b94bde7-185a-4abc-8674-0c7e7dfce47b,Análise de Perfil,Análise de Perfil,2025-01-13,1,9,9,49632,Saúde,Alta,muito provável
89623a72-8b0c-44de-bb67-879f042b7a35,Análise de Perfil,Conversa com o Cliente,2025-01-15,2,11,2,49632,Saúde,Alta,muito provável
092986e5-0ed0-45f4-b67e-25e2650cd5f4,Conversa com o Cliente,Negociação,2025-01-17,3,13,2,49632,Saúde,Alta,muito provável
678b27dc-ad2e-4ab8-ba72-66a4d4ec476f,Negociação,Fechamento,2025-01-24,4,20,7,49632,Saúde,Alta,muito provável
a238ec8a-b56e-44b5-ade4-7f7048b86317,Análise de Perfil,Conversa com o Cliente,2025-05-25,1,3,3,33781,Educação,Alta,muito provável
0b19e077-2dff-44de-9e20-84a177e9204a,Conversa com o Cliente,Negociação,2025-06-07,2,16,13,33781,Educação,Alta,muito provável
34d1b3e1-a154-44b5-a07a-50c24a234841,Negociação,Fechamento,2025-06-19,3,28,12,33781,Educação,Alta,muito provável
1e87e2a8-04be-4448-aaa5-5f0743d88a46,Análise de Perfil,Conversa com o Cliente,2025-01-08,1,7,7,35302,Tecnologia,Média,pouco provável
cc0783be-eb40-4895-acc3-58f604d3fb8d,Conversa com o Cliente,Conversa com o Cliente,2025-01-10,2,9,2,35302,Tecnologia,Média,provável
4ec0f8be-f770-4dba-a110-a27d615003ae,Conversa com o Cliente,Negociação,2025-01-22,3,21,12,35302,Tecnologia,Média,provável
a2d3176b-0068-4250-9438-320651d49b8a,Negociação,Fechamento,2025-01-24,4,23,2,35302,Tecnologia,Média,provável
312de966-8475-466a-aa92-4d501fedde27,Fechamento,Fechamento,2025-01-29,5,28,5,35302,Tecnologia,Média,muito provável
97d993d2-7764-40fe-9bdd-c3a01dcad818,Análise de Perfil,Conversa com o Cliente,2025-06-17,1,6,6,38508,Educação,Média,provável
d1cf6b9c-e6f1-460e-8b95-dfbbb2687a59,Conversa com o Cliente,Conversa com o Cliente,2025-06-21,2,10,4,38508,Educação,Média,pouco provável
aa10ac5f-54c6-4c94-8a11-43ebede5364c,Conversa com o Cliente,Negociação,2025-06-22,3,11,1,38508,Educação,Média,provável
5e892a7d-e4bb-4bd5-9136-edb5da6df0db,Análise de Perfil,Análise de Perfil,2025-07-13,1,3,3,14108,Comércio,Alta,provável
f22aa509-3e04-4b83-bac4-d78c73350f0d,Análise de Perfil,Conversa com o Cliente,2025-07-18,2,8,5,14108,Comércio,Alta,provável
5bbd12eb-eca9-4aa4-b1a8-6a7f0b09264e,Conversa com o Cliente,Negociação,2025-07-29,3,19,11,14108,Comércio,Alta,provável
a053d264-3c92-483f-8ae2-62ab98acc7ab,Negociação,Fechamento,2025-08-03,4,24,5,14108,Comércio,Alta,muito provável
c9b7a70f-c163-4b9a-ba0b-7db3e2b3bd71,Análise de Perfil,Conversa com o Cliente,2025-04-07,1,15,15,49661,Tecnologia,Alta,muito provável
887e6999-2a4c-449c-bdc2-ae02de05c095,Conversa com o Cliente,Conversa com o Cliente,2025-04-11,2,19,4,49661,Tecnologia,Alta,provável
1f79448c-be92-4dc3-925c-2719ebfc2f90,Conversa com o Cliente,Negociação,2025-04-13,3,21,2,49661,Tecnologia,Alta,muito provável
a13804cb-0053-46a8-a247-d8b4e8e4b103,Negociação,Fechamento,2025-04-16,4,24,3,49661,Tecnologia,Alta,muito provável
c66f2cb5-ae80-4d0b-91ef-d748add5d2e5,Análise de Perfil,Conversa com o Cliente,2025-10-20,1,10,10,15240,Indústria,Baixa,pouco provável
5e2339fe-e942-452a-b046-8426e5cb145f,Conversa com o Cliente,Conversa com o Cliente,2025-10-24,2,14,4,15240,Indústria,Baixa,pouco provável
9341726c-0e8d-424a-b091-e60ecf4e9a4e,Conversa com o Cliente,Negociação,2025-10-31,3,21,7,15240,Indústria,Baixa,pouco provável
c305c456-0a31-4c0c-a1b1-8f5a3ef008c0,Negociação,Fechamento,2025-11-10,4,31,10,15240,Indústria,Baixa,provável
49794330-17e9-426d-a4ba-a6720c55f8ed,Fechamento,Fechamento,2025-11-20,5,41,10,15240,Indústria,Baixa,pouco provável
1113f8b0-78ab-4d7f-ab46-7f3b771aaca3,Fechamento,Fechamento,2025-11-26,6,47,6,15240,Indústria,Baixa,pouco provável
9492f0cd-2374-4b24-8484-550cc51fab39,Análise de Perfil,Conversa com o Cliente,2025-10-01,1,10,10,29381,Educação,Baixa,pouco provável
46816bc2-a738-4b87-8980-4b76f1a8b971,Conversa com o Cliente,Negociação,2025-10-03,2,12,2,29381,Educação,Baixa,pouco provável
9896f2c0-411c-470d-93bb-1f91985691e6,Negociação,Negociação,2025-10-18,3,27,15,29381,Educação,Baixa,pouco provável
b94c3296-a4bf-4ded-958d-bc62acfe6beb,Negociação,Fechamento,2025-10-22,4,31,4,29381,Educação,Baixa,provável
eddbf973-82d4-4760-96fd-b3c395a4272c,Fechamento,Fechamento,2025-10-26,5,35,4,29381,Educação,Baixa,pouco provável
fe28d69e-9a0e-4466-aa35-b59e2f71838b,Análise de Perfil,Conversa com o Cliente,2025-02-24,1,12,12,45912,Comércio,Média,provável
29f55a1d-5d6a-4e90-8b42-d0300d391239,Conversa com o Cliente,Negociação,2025-03-10,2,26,14,45912,Comércio,Média,provável
6009b32a-c07a-4f1a-a539-bd7da68e91b3,Negociação,Negociação,2025-03-18,3,34,8,45912,Comércio,Média,provável
8ae1456d-7068-4ad8-86e0-a3706913fb82,Negociação,Fechamento,2025-03-24,4,40,6,45912,Comércio,Média,provável
d5888b46-4c26-4d35-a12e-78a78e5ead27,Fechamento,Fechamento,2025-04-06,5,53,13,45912,Comércio,Média,muito provável
